"","area_id","SI"
"1","20601110608",48.389506881771
"2","20601110712",52.2462273814274
"3","20601110716",91.655141018484
"4","20601110720",440.951937377202
"5","20601110721",6.24747025990395
"6","20601110912",1.24497077801384
"7","20601110913",1211.42475078903
"8","20601110914",273.170167114467
"9","20601110915",109.840785302
"10","20601110916",602.621274237053
"11","20601110917",1179.8665705069
"12","20601110918",863.326938040242
"13","20601110919",49.2874250942589
"14","20601110923",979.124138896209
"15","20601110924",306.048705157198
"16","20601149501",1132.04207820081
"17","20601149502",1795.07803182667
"18","20601149503",29.0286515824755
"19","20601149504",1244.91357703061
"20","20601149505",1570.00000000041
"21","20601149506",1565.67019274489
"22","20601149507",1129.88810099144
"23","20601149508",1569.99999999938
"24","20601149510",1722.51051207377
"25","20601149511",476.193733208297
"26","20601149512",1465.15858177903
"27","20601149513",1570.00000000014
"28","20601149514",1569.99999999991
"29","20601149515",7.61001451571664
"30","20601149516",478.404817714308
"31","20601149518",1287.94967876881
"32","20601149519",1609.21829822614
"33","20601149520",690.25313078235
"34","20601149521",1570.00000000006
"35","20601149522",1327.7165979881
"36","20601149523",1569.99999999997
"37","20601149524",1868.48023406178
"38","20601149525",1251.15863338587
"39","20601149526",13.8441664701022
"40","20601149528",521.327965129378
"41","20601149529",1570.00000000015
"42","20601149530",1187.37251182973
"43","20601149531",169.960873503036
"44","20601149532",806.323889533537
"45","20601149601",152.463774496871
"46","20601149602",1431.90255468045
"47","20601149603",1569.99999999971
"48","20601149604",1577.84037551957
"49","20601149605",787.237366169046
"50","20601149606",1431.76139220139
"51","20601149607",1255.91140923914
"52","20601149608",1491.0989113469
"53","20601149609",790.499081327743
"54","20601149610",151.697780025974
"55","20601149612",1060.86942549115
"56","20601149613",877.877907016778
"57","20601149614",1570.00000000017
"58","20601149615",710.837303662614
"59","20601149616",638.497926944918
"60","20601149617",1552.81028053467
"61","20601149618",1569.99999999991
"62","20601149619",739.020549655323
"63","20601149620",1569.99999999981
"64","20601149621",1107.94203244835
"65","20601149622",685.115454145614
"66","20601149623",1102.79506963583
"67","20601149624",1570.00000000034
"68","20601149625",220.956118360397
"69","20601149626",952.407296732124
"70","20601149627",26.4209643137669
"71","20601149628",1481.59308637232
"72","20601149704",783.238283847098
"73","20601149706",725.486685821976
"74","20601149708",1039.3964441351
"75","20601149709",1120.774360991
"76","20601149710",1025.52281039987
"77","20601149711",170.944787872391
"78","20601149712",1315.73812058087
"79","20601149713",683.912650297315
"80","20601149716",6.51516278879291
"81","20601149717",890.953482484365
"82","20601149720",21.0624770051668
"83","20601149722",620.932503899188
"84","20601149723",941.2688796355
"85","20601149724",616.775575985071
"86","20601149725",1088.28538788762
"87","20601149726",33.5006886491976
"88","20601149801",233.904212009054
"89","20601149804",195.071957566448
"90","20601149805",784.99999999998
"91","20601149807",785.240136819942
"92","20601149808",196.789232855581
"93","20601149809",1262.56013145955
"94","20601149810",489.017329418056
"95","20601149811",784.999999999974
"96","20601149813",784.999999999838
"97","20601149815",1034.37127253638
"98","20601149816",493.085384167711
"99","20601149819",1524.5650544493
"100","20601149820",934.271253462518
"101","20601149821",167.492885361621
"102","20601149822",357.150958521002
"103","20601149823",785.000000000153
"104","20601149824",784.999999999984
"105","20601149825",1004.47185278505
"106","20601149826",994.606489600876
"107","20601149828",792.870396498812
"108","20601149829",1527.63523254801
"109","20601149831",1267.01013794256
"110","20601149832",28.6077119976362
"111","20601149834",22.8273993211132
"112","20602111001",1081.28696614368
"113","20602111002",1237.22091554338
"114","20602111003",1189.48303116146
"115","20602111004",1725.91300453477
"116","20602111005",761.222071778762
"117","20602111006",564.490896320292
"118","20602111007",728.715308462968
"119","20602111008",0.657008833884324
"120","20602111011",1583.13944158809
"121","20602111012",1579.59034762882
"122","20602111013",1450.42775426484
"123","20602111014",924.671183724944
"124","20602111015",956.423822082151
"125","20602111016",1520.18625814596
"126","20602111017",348.331549072441
"127","20602111018",1757.68896426162
"128","20602111019",990.05125135582
"129","20602111020",1546.31282266398
"130","20602111021",30.6400376780986
"131","20602111204",1904.84128309237
"132","20602111205",1021.43674644679
"133","20602111206",997.999999999951
"134","20602111207",1182.58949820526
"135","20602111208",1009.92801645277
"136","20602111209",1651.90058259053
"137","20602111211",1505.13805838559
"138","20602111212",291.075179251837
"139","20602111213",378.371363498989
"140","20602111214",293.641870308689
"141","20602111215",21.115594159304
"142","20602111226",55.4815351827308
"143","20602111228",1.8591829538387
"144","20602111229",993.414465024528
"145","20602111230",856.8365369889
"146","20602111231",859.953423959195
"147","20602111232",774.791035295786
"148","20602111233",889.496619183172
"149","20602111234",1072.27247540121
"150","20602111235",1743.01726481494
"151","20602111236",732.172754016839
"152","20602111237",1996.00000000009
"153","20602111238",1160.91287295062
"154","20602111239",1635.96679051619
"155","20602111241",124.863330060119
"156","20602111242",1599.22032366333
"157","20602149901",1633.83304165462
"158","20602149902",1807.9999999999
"159","20602149903",1030.69437309022
"160","20602149904",1757.52644516433
"161","20602149905",2769.28334236544
"162","20602149906",1573.95011133031
"163","20602149907",3661.74160384802
"164","20602149909",1807.99999999974
"165","20602149910",1808.68861114062
"166","20602149911",1780.36220415053
"167","20602149912",2578.66189140087
"168","20602149913",1827.76619783852
"169","20602149914",337.043473644956
"170","20602149915",4503.68593115542
"171","20602149916",1656.54577066415
"172","20602149917",4096.25398458152
"173","20602149918",1808.00000000003
"174","20602149919",2730.74741047496
"175","20602149920",197.851394028011
"176","20602149922",1325.95139818916
"177","20602149923",2836.46016623606
"178","20602149924",1808
"179","20602149925",1460.17667778554
"180","20602149926",1022.13076533969
"181","20602149927",1808.00000000028
"182","20602149928",12.5556918945326
"183","20602149929",1379.43981049769
"184","20602149931",390.265744701288
"185","20602149932",1456.70884399238
"186","20602149933",566.68294721151
"187","20602150001",1995.99999999989
"188","20602150002",1995.99999999979
"189","20602150003",1996
"190","20602150004",764.633234339528
"191","20602150005",1728.61624278666
"192","20602150006",1804.33595707986
"193","20602150007",1995.99999999974
"194","20602150008",988.058014492722
"195","20602150009",3186.89284744999
"196","20602150010",2482.91178598437
"197","20602150011",1991.11743205573
"198","20602150012",2900.00000000004
"199","20602150013",1065.98217207688
"200","20602150014",1874.36498944396
"201","20602150015",421.553717017949
"202","20602150016",2056.29477515965
"203","20602150017",2790.31118671448
"204","20602150018",2055.56477278556
"205","20602150020",4319.75016801472
"206","20602150021",2015.36600608055
"207","20602150023",1351.23772665994
"208","20602150024",1475.80251446885
"209","20603111304",0
"210","20603111305",0
"211","20603111306",0
"212","20603111307",0
"213","20603111309",0
"214","20603111310",859.378762952773
"215","20603111311",787.304940308595
"216","20603111312",554.142337567474
"217","20603111313",1401.98618559808
"218","20603111314",1034
"219","20603111315",1034
"220","20603111316",1033.99999999998
"221","20603111317",961.089261231614
"222","20603111318",620.685202088927
"223","20603111319",110.571798356979
"224","20603111320",1034.00000000005
"225","20603111321",1034.00000000033
"226","20603111322",1034.00000000002
"227","20603111323",1034.00000000008
"228","20603111324",839.862455197484
"229","20603111325",1033.99999999996
"230","20603111326",1097.39095761748
"231","20603111327",524.859665570264
"232","20603111328",408.961986892496
"233","20603111331",1033.99999999999
"234","20603111332",1033.13100727368
"235","20603111501",1129.22903600206
"236","20603111502",1037.79665272135
"237","20603111503",1190.80639260301
"238","20603111504",2058.41551071065
"239","20603111505",1667.42264792967
"240","20603111506",2777.90323025383
"241","20603111507",3559.65497457555
"242","20603111508",2267.89081822866
"243","20603111509",1459.94261299059
"244","20603111510",1313.99942878858
"245","20603111511",1066.90887658854
"246","20603111513",1076.79050188905
"247","20603111514",1517.03912982235
"248","20603111515",1034.00000000005
"249","20603111516",46.7786591912045
"250","20603111518",1542.30061929041
"251","20603111519",2080.38141725952
"252","20603111520",3193.2517411332
"253","20603111521",2098.81902423061
"254","20603111522",1412.19639544434
"255","20603111523",784.999999999909
"256","20603111524",399.120184792562
"257","20603111525",1033.99999999991
"258","20603111526",493.776801931369
"259","20603111527",1033.99999999966
"260","20603111602",244.872008686008
"261","20603111603",721.520115316254
"262","20603111607",1164.15303093772
"263","20603111608",1500.14041777315
"264","20603111610",0.0388137660682729
"265","20603111611",1190.35375834413
"266","20603111612",2004.5436848292
"267","20603111614",1700.10710931348
"268","20603111615",1882.95975715323
"269","20603111616",1542.94323039178
"270","20603111618",1098.65094027595
"271","20603111619",15.8619338134654
"272","20603111620",1033.99999999994
"273","20603111621",9.86428840116686
"274","20603111622",924.285983016962
"275","20603111623",520.563570967032
"276","20603111624",1036.79560740463
"277","20603111626",1662.72200754037
"278","20603111628",2018.10994978178
"279","20603111629",56.3696819775526
"280","20603111630",0.860337362247397
"281","20603111631",861.51852037089
"282","20603111633",1066.12826849022
"283","20603111634",1033.99999999971
"284","20603111635",1355.74610902256
"285","20603111636",1066.94820070059
"286","20603150108",231.101625865725
"287","20603150110",7.85873477863853
"288","20603150122",32.9546402174464
"289","20603150201",613.011306393855
"290","20603150202",1039
"291","20603150203",1601.2366113389
"292","20603150204",1270.50852221139
"293","20603150205",1057.19328015275
"294","20603150206",1878.8056779272
"295","20603150208",2077.99999999996
"296","20603150209",606.781575372171
"297","20603150210",1030.17776195314
"298","20603150211",1039.00000000018
"299","20603150212",1852.31492927835
"300","20603150213",362.129136994304
"301","20603150214",1083.80200086997
"302","20603150215",1369.28191506439
"303","20603150216",1219.12064026539
"304","20603150217",1012.25096843083
"305","20603150219",832.266565093204
"306","20603150220",0.017108988376588
"307","20603150221",708.210280977488
"308","20603150222",2047.5535653464
"309","20603150223",1800.85001837473
"310","20603150224",1798.84450761635
"311","20603150225",2077.90101380935
"312","20603150226",549.122638863838
"313","20603150227",1465.5221147244
"314","20603150228",1807.44495693761
"315","20603150229",1297.5451936543
"316","20603150230",1773.68850732091
"317","20604111708",2164.98667936709
"318","20604111709",10426.8726749178
"319","20604111724",3215.93558901002
"320","20604111725",1267.97090288063
"321","20604111726",1661.0825741547
"322","20604111727",2157.56089561546
"323","20604111731",6818.53089115625
"324","20604111733",3570.34609961512
"325","20604111735",5564.99999999898
"326","20604111737",5647.9830109518
"327","20604111738",6383.92352544904
"328","20604111742",490.150784366117
"329","20604111743",5565.00000000227
"330","20604111744",5564.99999999767
"331","20604111746",2529.00211561574
"332","20604111747",8367.83112805931
"333","20604111748",747.489098936702
"334","20604111749",5565.00000000254
"335","20604111805",3826.56341124635
"336","20604111806",1429.18548864967
"337","20604111807",12.3387518824459
"338","20604111808",2869.94321767067
"339","20604111811",12502.4809199042
"340","20604111815",7370.00000000114
"341","20604111816",7369.99999999967
"342","20604111817",8574.02512931794
"343","20604111818",3003.24501018707
"344","20604111820",8.39541708296652
"345","20604111823",7369.99999999905
"346","20604111824",4834.99999999877
"347","20604111825",4384.49549675992
"348","20604111826",7027.65484814431
"349","20604111827",81.2908239339841
"350","20604111828",7369.99999999795
"351","20604111829",4835.00000000038
"352","20604111832",7244.21951091352
"353","20604111833",974.610011892672
"354","20604111834",7371.19088975241
"355","20604111835",216.552389872209
"356","20604111837",2371.73607526703
"357","20604111901",10797.0000000029
"358","20604111902",5737.49424078811
"359","20604111903",5690.26606515127
"360","20604111904",5654.13091844384
"361","20604111905",5191.72654031097
"362","20604111906",5738.99999999982
"363","20604111907",4009.49240826603
"364","20604111908",5259.37869979022
"365","20604111909",5299.78603106555
"366","20604111910",4974.75459104521
"367","20604111911",6774.27162372438
"368","20604111912",5140.83461891003
"369","20604111913",5591.16662339626
"370","20604111914",2169.75091770394
"371","20604111915",3086.15983046058
"372","20604112001",38.2501208929003
"373","20604112101",2555.64568432527
"374","20604112102",2286.15350685836
"375","20604112103",2930.37991276561
"376","20604112104",3624.54216893951
"377","20604112105",3332.58719798341
"378","20604112106",2105.64134160885
"379","20604112108",2608.40468022845
"380","20604112109",3262.00000000004
"381","20604112110",3286.83768820993
"382","20604112111",1034.00000000041
"383","20604112112",1955.48383037491
"384","20604112113",2059.87391647425
"385","20604112114",3824.46006782977
"386","20604112115",2438.51063092862
"387","20604112116",2923.21804289795
"388","20604112118",2194.19082340261
"389","20604112119",1205.4282273432
"390","20604112122",419.395807983379
"391","20604112123",1640.99870345815
"392","20604112124",2397.27586399341
"393","20604112125",2559.71157485629
"394","20604112126",193.39313821388
"395","20604112127",2476.99999999969
"396","20604112128",2707.62499705123
"397","20604112401",572.612112841341
"398","20604112402",591.653055211586
"399","20604112404",784.99999999998
"400","20604112406",859.178231590971
"401","20604112409",814.740654074559
"402","20604112410",4.19533672158821
"403","20604112415",1507.02680331622
"404","20604112417",1539.79344824542
"405","20604112419",86.6866435538858
"406","20604112421",680.453384477481
"407","20604112422",173.057072362019
"408","20604112501",1005.01383386619
"409","20604112504",845.512438015387
"410","20604112510",2077.56861314328
"411","20604112511",219.717539361975
"412","20604112512",4412.0000000001
"413","20604112513",5598.27815338989
"414","20604112514",4174.35371235707
"415","20604112515",915.334097849452
"416","20604112701",26.1639909609001
"417","20604112702",1840.49100262672
"418","20604150301",19134.5563725066
"419","20604150302",10440.0000000033
"420","20604150303",9541.62930591631
"421","20604150304",19294.0000000041
"422","20604150305",10440
"423","20604150306",19680.723259626
"424","20604150307",10440.000000011
"425","20604150308",10440.0000000006
"426","20604150309",10439.9999999966
"427","20604150310",10440.0000000004
"428","20604150311",19187.8968270631
"429","20604150312",18514.3414781996
"430","20604150313",12720.4721216457
"431","20604150314",10439.9999999967
"432","20604150315",10430.3291186718
"433","20604150316",10439.9999999984
"434","20604150317",8860.84599754194
"435","20604150318",10439.9999999942
"436","20604150319",8853.99999999712
"437","20604150320",9289.13741657442
"438","20604150321",10440
"439","20604150322",16426.6564640233
"440","20604150323",10439.9999999969
"441","20604150324",7989.9871192653
"442","20604150325",13508.6064902038
"443","20604150326",14834.7521102926
"444","20604150327",15170.4394538386
"445","20604150401",10689.9999999978
"446","20604150402",10689.9999999782
"447","20604150403",10689.9999999983
"448","20604150404",10689.9999999815
"449","20604150405",10690
"450","20604150406",10690.000000003
"451","20604150407",10690.0000000044
"452","20604150408",10689.9999999931
"453","20604150409",10555.8272060883
"454","20604150410",10689.9999999814
"455","20604150411",10689.999999997
"456","20604150412",10690.0000000016
"457","20604150413",10690.0000000062
"458","20604150414",10690.0000000013
"459","20604150415",10690.0000000037
"460","20604150416",10690
"461","20604150417",12400.5502174033
"462","20604150418",10689.9999999962
"463","20604150419",10690
"464","20604150420",10689.999999999
"465","20604150421",10690.0000000144
"466","20604150422",10690.0000000063
"467","20604150423",10690.0000000019
"468","20604150424",9628.647791762
"469","20604150425",10690
"470","20604150426",10690.0000000021
"471","20604150427",10689.9999999921
"472","20604150428",10675.7654961292
"473","20604150429",10689.999999996
"474","20604150430",12448.7475781993
"475","20604150431",10690.0000000009
"476","20604150432",10805.2947688857
"477","20604150433",10690
"478","20604150434",7783.99098493298
"479","20604150501",18932.3857568027
"480","20604150502",8656.86565330625
"481","20604150503",13293.4972074395
"482","20604150504",12495.0000000034
"483","20604150505",12495.0000000035
"484","20604150506",7370.00000000369
"485","20604150507",12495
"486","20604150508",19543.9999999986
"487","20604150509",12494.9999999945
"488","20604150510",16368.3048349672
"489","20604150511",13200.8659915935
"490","20604150512",12494.9999999948
"491","20604150513",9228.56095937695
"492","20604150514",12494.9999999962
"493","20604150515",22651.3539557539
"494","20604150516",12494.9999999973
"495","20604150517",12298.8054967717
"496","20604150518",17351.9771388465
"497","20604150519",15085.3740761086
"498","20604150520",12495.0000000062
"499","20604150521",13686.5879762224
"500","20604150522",12495.0000000078
"501","20604150523",20246.7109461513
"502","20604150524",15762.0198260999
"503","20604150525",12494.9999999948
"504","20604150526",18262.5906871596
"505","20604150527",12494.9999999883
"506","20604150528",21190.6138108675
"507","20604150529",12495
"508","20604150530",18060.0000000025
"509","20604150531",17655.3815123154
"510","20604150602",1453.33416664921
"511","20604150603",2481.93802778953
"512","20604150607",1569.99999999934
"513","20604150608",2151.36911221568
"514","20604150609",1418.27372316733
"515","20604150611",4928.93367571259
"516","20604150612",151.329748337935
"517","20604150613",4835.00000000011
"518","20604150615",1569.99999999996
"519","20604150616",1530.94928891098
"520","20604150621",866.783325831709
"521","20604150622",5524.96520044771
"522","20604150624",4835.00000000105
"523","20604150625",3537.26799715495
"524","20604150626",1457.24678568681
"525","20604150627",1359.82409177722
"526","20604150628",888.454277129065
"527","20604150629",1836.4622497005
"528","20604150630",348.357456460598
"529","20604150631",4694.1778456025
"530","20604150632",3703.52912291476
"531","20604150637",2080.17703523434
"532","20604150638",797.892416637294
"533","20604150639",17.7361430589152
"534","20604150701",1691.21119611052
"535","20604150803",8853.99999999844
"536","20604150805",8853.99999999496
"537","20604150807",8854
"538","20604150808",2051.70715954438
"539","20604150809",2881.88141901558
"540","20604150810",8853.9999999968
"541","20604150814",8853.99999999898
"542","20604150815",2655.53085895352
"543","20604150816",8853.99999999876
"544","20604150903",1840.46431287089
"545","20604150905",8853.99999999609
"546","20604150907",8853.99999999554
"547","20604150908",7957.62019529833
"548","20604150912",8853.9999999977
"549","20604150914",8480.34487766271
"550","20604150915",8853.99999999633
"551","20604150916",8854.00000000538
"552","20604150917",905.601182494921
"553","20604150922",6884.17904816985
"554","20604150926",8853.99999999821
"555","20604150927",8854.00000000343
"556","20604150928",8853.99999999821
"557","20604150931",2992.10927020342
"558","20604151001",7983.64407438643
"559","20604151002",4835
"560","20604151003",8002.46719325387
"561","20604151004",11401.6525040552
"562","20604151005",12495.0000000023
"563","20604151006",12495.000000002
"564","20604151007",10259.8634317343
"565","20604151008",6983.08484446556
"566","20604151009",6163.14571106271
"567","20604151010",9960.00000000186
"568","20604151011",14026.1316477387
"569","20604151012",4834.99999999972
"570","20604151013",12494.9999999976
"571","20604151014",11377.7596341755
"572","20604151015",6724.01086039363
"573","20604151016",8481.78850665152
"574","20605112901",2319.34772658233
"575","20605112912",189.175474549517
"576","20605112913",2067.69104494734
"577","20605112914",1481.57147994944
"578","20605112921",429.102296059152
"579","20605112922",595.039055867904
"580","20605112923",1215
"581","20605112924",1251.26198679709
"582","20605112925",717.720434782331
"583","20605112926",1885.58831073274
"584","20605112927",1216.89466487526
"585","20605112928",749.146846133165
"586","20605112929",76.1628065220647
"587","20605112930",678.353234929186
"588","20605112931",297.183675558717
"589","20605112932",1858.35298249293
"590","20605112933",2360.57449927856
"591","20605113401",577.247382396102
"592","20605113402",465.491508354347
"593","20605113403",1115.73708171324
"594","20605113404",1285.22905686282
"595","20605113405",1216.60234963766
"596","20605113406",1285.95176515359
"597","20605113407",1212.9225380829
"598","20605113412",586.93004733967
"599","20605113413",1152.00000000023
"600","20605113420",440.465737767683
"601","20605113421",2.16023327020659
"602","20605113422",91.4666678693535
"603","20605113423",1143.24115902101
"604","20605113424",2367.00000000029
"605","20605113425",2366.90728299467
"606","20605113426",2365.48755868803
"607","20605113427",1152.00000000017
"608","20605113428",2367.00000000007
"609","20605113429",1705.89628464066
"610","20605113430",1165.73918804217
"611","20605113431",1383.66151609124
"612","20605113432",2351.57451631799
"613","20605113433",1671.13006249368
"614","20605113434",2388.08115588723
"615","20605113435",1463.40908738255
"616","20605113436",2366.77031295997
"617","20605113437",2367.00000000033
"618","20605113438",2366.99999999991
"619","20605113439",1944.75432703666
"620","20605151302",1136.68527975955
"621","20605151305",1147.84245250172
"622","20605151306",95.2968138835797
"623","20605151307",1151.99999999969
"624","20605151308",1152.00000000015
"625","20605151309",1152.00000000059
"626","20605151310",723.026442490071
"627","20605151311",1281.73083114054
"628","20605151312",1149.72556605419
"629","20605151313",1106.14093932655
"630","20605151314",26.9183617198732
"631","20605151315",1152.00000000007
"632","20605151316",361.289390499257
"633","20605151317",283.305743851631
"634","20605151318",1172.48482748509
"635","20605151320",88.5963258243545
"636","20605151321",164.186747376501
"637","20605151322",1202.88444182563
"638","20605151323",642.245299706493
"639","20605151324",1166.09217482064
"640","20605151325",374.659337028275
"641","20605151415",907.551070229461
"642","20605151422",1133.19061791066
"643","20606113501",2218.2137845899
"644","20606113502",1361.01880057215
"645","20606113503",912.765638347007
"646","20606113504",2125.24976219408
"647","20606113505",1566.41912885415
"648","20606113506",1802.04357251088
"649","20606113507",2428.86747958557
"650","20606113508",3132.00000000018
"651","20606113509",3132.00000000072
"652","20606113511",3131.99999999974
"653","20606113512",2803.62385329204
"654","20606113513",2383.12397230048
"655","20606113514",2072.67216412891
"656","20606113515",1829.26008056164
"657","20606113516",1863.46282740658
"658","20606113517",2062.43291739225
"659","20606113518",1566.00000000002
"660","20606113519",2445.4521029948
"661","20606113520",3118.78179961777
"662","20606113521",2400.84921208737
"663","20606113603",1565.99999999999
"664","20606113604",793.150297037006
"665","20606113605",2048.32222074652
"666","20606113606",2304.00000000014
"667","20606113607",2166.76280261546
"668","20606113608",2298.82088731325
"669","20606113609",1527.99186024313
"670","20606113610",1649.73553317782
"671","20606113611",1152.00000000013
"672","20606113612",2034.78639169614
"673","20606113613",2123.99377909913
"674","20606113614",2404.78356324494
"675","20606113615",2303.99999999973
"676","20606113616",2606.34826539715
"677","20606113617",1151.99999999971
"678","20606113618",1152.44499647741
"679","20606113619",1107.8861037792
"680","20606113620",1152.00000000024
"681","20606113621",1310.35495982176
"682","20606113622",2070.10962572355
"683","20606113623",835.697995037485
"684","20606113624",423.180194206498
"685","20606113628",69.691262356816
"686","20606113629",2070.93680465297
"687","20606113630",2303.98961606731
"688","20606113631",106.869131907155
"689","20606113632",931.881834631488
"690","20606113633",1773.58279665131
"691","20606113634",2348.97399843026
"692","20606113635",1578.17570091887
"693","20606113636",509.931080647245
"694","20606113637",1896.12076624537
"695","20606113638",1582.74290054189
"696","20606113639",2146.79429491862
"697","20606113640",1566
"698","20606113641",2303.99999999941
"699","20606113642",2303.99999999987
"700","20606113643",2303.99999999998
"701","20606113644",1439.97500467919
"702","20606113645",1244.26000184431
"703","20606113801",1972.89000535559
"704","20606113802",2762.67005718135
"705","20606113803",2611.25577247407
"706","20606113804",994.623645385857
"707","20606113805",1170.81160170211
"708","20606113806",1896.39699996535
"709","20606113808",1334.73756174072
"710","20606113809",495.156020199308
"711","20606113811",245.611916557498
"712","20606113812",1024.47909353846
"713","20606113813",1601.46216419288
"714","20606113814",1565.99999999984
"715","20606113815",408.425715944877
"716","20606113817",1505.66132666336
"717","20606113818",1431.92146195967
"718","20606113819",449.270557748893
"719","20606113820",1412.73987166196
"720","20606113821",1504.12981504482
"721","20606113822",1155.27891752573
"722","20606113823",460.7635315844
"723","20606113824",1162.00000000034
"724","20606113825",2035.1582668192
"725","20606113826",771.944477903353
"726","20606113827",1521.20070617337
"727","20606113828",1565.99999999989
"728","20606113829",769.598241283786
"729","20606113830",1773.18335705933
"730","20606113831",786.220556160249
"731","20606113832",677.211692220359
"732","20606151501",749.455826201658
"733","20606151502",3935.10840539468
"734","20606151503",4411.99999999984
"735","20606151504",4412.0000000004
"736","20606151505",4411.99999999942
"737","20606151506",4412.00000000107
"738","20606151507",4411.99999999964
"739","20606151508",4411.99999999841
"740","20606151509",4411.99999999899
"741","20606151510",4417.1512626235
"742","20606151511",4411.99999999976
"743","20606151512",5548.85465895976
"744","20606151513",4411.99999999963
"745","20606151514",4412.00000000075
"746","20606151515",4412.00000000341
"747","20606151516",1403.98268071106
"748","20606151517",4411.99999999782
"749","20606151518",4411.99999999359
"750","20606151519",5178.71865504802
"751","20606151520",5036.33269171689
"752","20606151521",4412
"753","20606151522",4147.69821053097
"754","20606151523",4412.00000000085
"755","20606151524",1555.45891442504
"756","20606151525",4412.0000000024
"757","20606151601",2146.79313099137
"758","20606151602",1566.00000000005
"759","20606151603",2483.11070199808
"760","20606151604",3377.40413631864
"761","20606151605",4668.45767698987
"762","20606151606",5978.00000000082
"763","20606151607",5202.90162280124
"764","20606151608",1566.00000000036
"765","20606151609",4824.75845011156
"766","20606151610",4656.54848670662
"767","20606151611",5484.24091800434
"768","20606151612",4411.99999999968
"769","20606151613",5977.99999999831
"770","20606151614",4466.15929574184
"771","20606151615",1566
"772","20606151616",1897.59409367122
"773","20606151617",1631.89988168915
"774","20606151618",4411.99999999993
"775","20606151619",5216.45688942797
"776","20606151620",5976.81491173749
"777","20606151621",3139.12910666959
"778","20606151622",1566
"779","20606151623",5978.00000000134
"780","20606151624",6091.19270624936
"781","20607113901",3369.77647825716
"782","20607113902",1399.35897000592
"783","20607113905",5026.56427293293
"784","20607113906",3130.88674140875
"785","20607113909",3848.05298175283
"786","20607113910",4084.47557178433
"787","20607113911",4991.30845718819
"788","20607113912",4496.74131791979
"789","20607113913",1880.30247507815
"790","20607113917",194.609257560713
"791","20607113918",2178.37305570585
"792","20607113920",3717.99999999978
"793","20607113921",3718.0000000008
"794","20607113922",4706.67739592419
"795","20607114012",443.909750984601
"796","20607114013",157.164415342979
"797","20607114102",1858.99999999999
"798","20607114103",4628.08170327695
"799","20607114106",4352.6512821568
"800","20607114107",3718
"801","20607114108",3718.00000000078
"802","20607114110",3712.68791320332
"803","20607114111",1566.0595850294
"804","20607114112",3195.12394071629
"805","20607114113",3336.4625653833
"806","20607114114",3718.00000000221
"807","20607114115",1266.2336746706
"808","20607114116",1291.92039368457
"809","20607114117",3292.00085183854
"810","20607114118",469.80374281122
"811","20607114119",123.88072559589
"812","20607114121",1171.21202737956
"813","20607114122",2460.61299647702
"814","20607114123",3717.9999999998
"815","20607114124",3433.92905668834
"816","20607114125",1816.99987173191
"817","20607114127",3160.29903727563
"818","20607114128",807.449470725474
"819","20607114201",927.303029834195
"820","20607114203",2210.30006228298
"821","20607114206",4555.48938750455
"822","20607114207",962.97596847825
"823","20607114213",413.348555357081
"824","20607114214",4777.40033185583
"825","20607114215",4875.00000000045
"826","20607114302",696.588916539127
"827","20607114303",1420.33476412119
"828","20607114304",1421.85130741115
"829","20607114307",263.156668155075
"830","20607114308",2319.21417712827
"831","20607114309",422.175213294559
"832","20607114311",22.1311249162875
"833","20607114317",1580.4824093823
"834","20607114318",2568.57293365762
"835","20607114319",4214.81803242166
"836","20607114320",3025.30401259499
"837","20607114321",3571.09443234862
"838","20607114322",841.918395888368
"839","20607114323",66.7108979880119
"840","20607114325",2144.58487802881
"841","20607114326",2726.07951820005
"842","20607114327",1447.66964564079
"843","20607114501",2806.96306073507
"844","20607114502",2206.64425984838
"845","20607114503",1436.82629411691
"846","20607114504",1589.88832824153
"847","20607114505",3561.42587753685
"848","20607114506",948.22589794898
"849","20607114507",2146.23944190353
"850","20607114508",835.045299489083
"851","20607114509",25.1561229996959
"852","20607114510",476.056619569243
"853","20607114511",653.076407402295
"854","20607114512",158.032333476694
"855","20607114513",1452.07179466515
"856","20607114514",751.374377161433
"857","20607114515",2594.0740956278
"858","20607114516",3822.59872765011
"859","20607114518",3249.28680608906
"860","20607114519",3212.38974704091
"861","20607114520",356.591945372992
"862","20607114521",2837.80189037114
"863","20607114522",3105.96041174599
"864","20607114523",3885.99999999967
"865","20607151701",1913.42006913231
"866","20607151702",1627.08842730402
"867","20607151703",8391.00000000082
"868","20607151704",1473.98487570349
"869","20607151705",2137.60168253916
"870","20607151706",280.444978826148
"871","20607151707",8720.72529266293
"872","20607151708",9901.15946649528
"873","20607151709",6965.04688464253
"874","20607151710",8390.99999999964
"875","20607151711",3821.83830870077
"876","20607151712",8390.99999999914
"877","20607151713",8391.00000000294
"878","20607151714",5395.80393183983
"879","20607151715",4202.02352239688
"880","20607151716",4235.22140417356
"881","20607151717",3052.99999999979
"882","20607151718",2683.78998478492
"883","20607151719",3053.00000000056
"884","20607151720",3429.05339938164
"885","20607151721",3052.99999999973
"886","20607151722",3952.58555595421
"887","20607151723",4379.46138593486
"888","20607151724",10797.0000000023
"889","20607151725",2034.74557220208
"890","20607151726",3052.99999999976
"891","20607151727",1999.19336703019
"892","20607151728",8873.30826849158
"893","20607151729",3429.70776576046
"894","20607151730",8390.49967323003
"895","20607151732",2148.36815164466
"896","20607151733",9569.13708293464
"897","20607151734",5877.85241928691
"898","20607151735",2780.23345845546
"899","20607151736",9392.41110366953
"900","20607151737",3053.00000000023
"901","20607151738",3142.36902840711
"902","20607151739",8391
"903","20607151801",5378.3018908682
"904","20607151802",3718.0000000003
"905","20607151806",247.1683851997
"906","20607151807",3866.49967530808
"907","20607151808",3615.27994976795
"908","20607151809",1859
"909","20607151811",3717.99999999967
"910","20607151812",3373.19518543801
"911","20607151814",313.288301382665
"912","20607151815",3765.04412834336
"913","20607151816",376.540478156791
"914","20607151817",186.617236656608
"915","20607151820",2219.27297355546
"916","20607151821",301.4831668022
"917","20607151822",3718.00000000038
"918","20607151823",412.196087719564
"919","20607151825",2239.37736426229
"920","20607151826",3854.94489349546
"921","20607151827",4466.66902754493
"922","20607151828",5404.59691348467
"923","20607151829",6557.71295402722
"924","20607151831",902.02380971754
"925","20607151832",3265.68132437581
"926","20701114601",1479.61043276594
"927","20701114602",2020.2258349923
"928","20701114603",918.280917759856
"929","20701114604",922.292483380322
"930","20701114605",423.651997998789
"931","20701114606",1290.92560051106
"932","20701114607",1356.527664612
"933","20701114608",435.852996095155
"934","20701114609",1228.16178658664
"935","20701114610",476.035292127842
"936","20701114611",1351.14165137054
"937","20701114612",1201.97868655602
"938","20701114613",1247.70837532034
"939","20701114614",1518.00000000025
"940","20701114615",1517.99999999988
"941","20701114616",1515.91327997295
"942","20701114617",997.589335559673
"943","20701114618",1028.66569503001
"944","20701114619",1109.62941509719
"945","20701114701",35.6085988593591
"946","20701114703",546.904605021265
"947","20701114709",212.276119550354
"948","20701114710",623.776729283099
"949","20701114728",91.6889638791131
"950","20701114901",3005.94308545052
"951","20701114902",3946.54192323384
"952","20701114903",3924.31127655176
"953","20701114904",3493.89735149428
"954","20701114905",2050.00586726223
"955","20701114906",4177.35127067817
"956","20701114907",2336.88058431428
"957","20701114908",2018.8462921323
"958","20701114909",1137.03965127378
"959","20701114910",305.177737962958
"960","20701114911",1608.14476001604
"961","20701114912",1455.09354189721
"962","20701114913",583.317409879262
"963","20701114915",2061.41359804852
"964","20701114916",1675.39292577841
"965","20701114917",1758.9310370395
"966","20701114918",1126.63085236302
"967","20701114919",247.107057584997
"968","20701114920",1886.12962987995
"969","20701114921",1157.77544617395
"970","20701114922",167.580675904358
"971","20701114923",1019.102667412
"972","20701114924",1611.22279933566
"973","20701114926",475.003379235365
"974","20701114927",3380.96102486012
"975","20701114928",408.820416459055
"976","20701114932",3584.89066868046
"977","20701114933",3305.26490026612
"978","20701114934",1802.50331428124
"979","20701114936",121.985595617075
"980","20701114937",1357.36380555036
"981","20701114938",109.270416098431
"982","20701114940",580.978432718265
"983","20701114941",125.640532626803
"984","20701114947",2233.06689621681
"985","20701114948",1016.00000000005
"986","20701114949",2127.21615223419
"987","20701115001",1158.79229785512
"988","20701115002",1697.87129734816
"989","20701115003",1024.4092674665
"990","20701115004",1424.83942887896
"991","20701115005",1147.03022300214
"992","20701115006",1836.1724675297
"993","20701115007",1844.21459990638
"994","20701115008",2032.00000000013
"995","20701115009",412.486218090017
"996","20701115010",867.263648450274
"997","20701115011",1193.7732018055
"998","20701115012",1302.0106911857
"999","20701115013",681.28366565209
"1000","20701115014",1016.00000000004
"1001","20701115016",904.185739994119
"1002","20701115017",162.711868175754
"1003","20701115018",329.135248305251
"1004","20701115019",1162.00000000002
"1005","20701115020",17.6673820312895
"1006","20701115021",1018.55944352972
"1007","20701115022",716.480300177522
"1008","20701115023",5.01297944516045
"1009","20701115024",252.67377368054
"1010","20701115025",1236.96220233789
"1011","20701115026",1191.97467848461
"1012","20701115028",13.494973455564
"1013","20701115029",1145.51104884015
"1014","20701115030",63.2374872807713
"1015","20701115031",1014.0433853164
"1016","20701115032",159.442401575811
"1017","20701115033",873.500148185353
"1018","20701115036",1081.03249532401
"1019","20701115037",1016
"1020","20701115038",306.762103228853
"1021","20701115039",1635.15060322888
"1022","20701115040",1542.07529255455
"1023","20701115041",830.784791555898
"1024","20701115201",1537.04326332727
"1025","20701115203",908.207599684758
"1026","20701115204",429.984699403404
"1027","20701115205",5.52759234422963
"1028","20701115207",1868.00000000038
"1029","20701115208",1995.39798985547
"1030","20701115209",2671.19756916963
"1031","20701115210",1011.96967731037
"1032","20701115211",2600.43645622029
"1033","20701115212",2451.01543862572
"1034","20701115213",3746.15295617703
"1035","20701115214",1269.74390982381
"1036","20701115216",3469.84738867474
"1037","20701115218",1867.99999999992
"1038","20701115219",1937.72648632064
"1039","20701115220",3134.4257568549
"1040","20701115221",1639.94516333635
"1041","20701115225",267.191397342918
"1042","20701115229",51.2422012883472
"1043","20701115231",415.450425214143
"1044","20701115232",2393.00000000014
"1045","20701115233",2527.33325086286
"1046","20701115234",1867.99999999966
"1047","20701115235",1966.1686953289
"1048","20701115236",3532.51014978114
"1049","20701115237",2223.16153790212
"1050","20701115418",2.22222619034545
"1051","20701115501",2854.67596609955
"1052","20701115502",2829.46059664651
"1053","20701115503",2372.54968214348
"1054","20701115504",1419.60920371787
"1055","20701115505",2805.99999999989
"1056","20701115506",2785.52951513344
"1057","20701115507",2170.93515367077
"1058","20701115508",1551.36153778552
"1059","20701115509",1392.52325961331
"1060","20701115510",944.450157823907
"1061","20701115511",2171.01018986207
"1062","20701115512",490.966138181293
"1063","20701115513",49.6863494057583
"1064","20701115514",1304.0262412637
"1065","20701115516",1298.37521339215
"1066","20701115518",1708.00864046037
"1067","20701115519",624.330226169605
"1068","20701115520",1094.33326620191
"1069","20701115521",960.896519340796
"1070","20701115522",2223.44242638148
"1071","20701115523",2710.88196256203
"1072","20701115524",2805.99999999953
"1073","20701115525",2693.05129806481
"1074","20701115526",2633.86567420057
"1075","20701115527",3348.60002122285
"1076","20701115528",3083.18102434214
"1077","20701115529",1636.45946446246
"1078","20701115530",2365.64146478972
"1079","20701115531",2315.40672124188
"1080","20701115532",1991.94445168539
"1081","20701115533",1878.49476759742
"1082","20701115534",161.859554989888
"1083","20701115535",645.122668911295
"1084","20701115536",115.677753164191
"1085","20701115537",2406.75102581574
"1086","20701115538",2798.35927565941
"1087","20701115539",2808.56808797569
"1088","20701115540",141.875240223039
"1089","20701115541",1311.69142542345
"1090","20701115542",64.523609423036
"1091","20701115543",1352.51504363397
"1092","20701151901",1868.00000000006
"1093","20701151902",3572.95808067308
"1094","20701151903",1151.76743940444
"1095","20701151904",737.382154684119
"1096","20701151905",1745.85774933377
"1097","20701151906",2168.57001856814
"1098","20701151907",3396.05006204321
"1099","20701151908",1836.84976990613
"1100","20701151909",2971.49874426109
"1101","20701151910",2886.01259860789
"1102","20701151912",571.253842569894
"1103","20701151913",1868.00000000021
"1104","20701151914",2437.3646422576
"1105","20701151915",1867.99999999992
"1106","20701151916",2072.68238583098
"1107","20701151917",3385.95330062079
"1108","20701151918",1868.00000000005
"1109","20701151919",3746.00000000025
"1110","20701151920",1867.99999999981
"1111","20701151921",833.433744706513
"1112","20701151922",439.335681832182
"1113","20701151923",1878.00000000002
"1114","20701152001",2813.65278574473
"1115","20701152002",2132.80308445321
"1116","20701152003",1877.99999999946
"1117","20701152004",1868.00000000033
"1118","20701152005",3190.47992147184
"1119","20701152006",22.4683467207066
"1120","20701152008",1653.42392279978
"1121","20701152009",1868.00000000025
"1122","20701152010",957.3801398051
"1123","20701152011",3197.87432730366
"1124","20701152012",3095.58881579581
"1125","20701152013",3731.75993441948
"1126","20701152014",2324.66611669647
"1127","20701152015",290.109795894557
"1128","20701152016",1854.59225866806
"1129","20701152018",3433.20717202156
"1130","20701152019",923.94681146267
"1131","20701152020",901.185384790233
"1132","20701152021",835.453360259126
"1133","20701152022",2889.66340358777
"1134","20701152023",1162.00000000011
"1135","20701152024",1492.51684256447
"1136","20701152025",1609.66790727852
"1137","20701152026",2808.11356087768
"1138","20701152028",1198.70701682365
"1139","20701152110",31.7192910970439
"1140","20701152111",133.558823732204
"1141","20701152119",5.68727824674661
"1142","20701152124",45.5613750877885
"1143","20701152128",220.550586299257
"1144","20701152214",256.532783552451
"1145","20701152222",8.22325536781886
"1146","20703116117",2452.63606331485
"1147","20703116118",357.840131786624
"1148","20703116119",2043.3725237108
"1149","20703116120",1207.90411495187
"1150","20703116121",3.55732480447968
"1151","20703116122",1240.11359635545
"1152","20703116125",136.248145705819
"1153","20703116128",204.037976455182
"1154","20703116130",484.79728609637
"1155","20703116131",470.639976531264
"1156","20703116133",629.602392545081
"1157","20703116134",116.037951236814
"1158","20703116135",1690.50430659311
"1159","20703116136",1499.54864252425
"1160","20703116139",1080.97425413089
"1161","20703116141",681.592271015956
"1162","20703116142",1597.4848607451
"1163","20703116143",99.4278270197213
"1164","20703116144",595.439785219024
"1165","20703116146",1497.1524030878
"1166","20703116147",1240.99999999994
"1167","20703116148",2451.12762539186
"1168","20703116149",1630.46904566961
"1169","20703116150",2472.00000000022
"1170","20703116301",348.290406260415
"1171","20703116302",1230.9999999999
"1172","20703116303",1328.12383001416
"1173","20703116304",722.472114838131
"1174","20703116305",1306.00000000007
"1175","20703116306",1305.9999999998
"1176","20703116307",368.595908646496
"1177","20703116308",111.438683960975
"1178","20703116309",72.5781545896722
"1179","20703116311",1157.85853814328
"1180","20703116312",1305.99999999984
"1181","20703116313",1183.18759372048
"1182","20703116314",1108.14010540484
"1183","20703116318",860.95640801987
"1184","20703116334",1305.99999999962
"1185","20703116335",1306
"1186","20703116336",262.126678337614
"1187","20703116340",823.89186092446
"1188","20703116341",1163.00006226117
"1189","20703116346",1306.00000000015
"1190","20703116350",1305.99999999986
"1191","20703116351",1305.99999999986
"1192","20703116352",1306
"1193","20703116353",1306.00000000038
"1194","20703116354",1223.30293669611
"1195","20703116356",1306.00000000002
"1196","20703116357",1305.99999999998
"1197","20703116358",1306.00000000029
"1198","20703116408",247.471124084518
"1199","20703116409",747.123555888125
"1200","20703116415",163.727655429579
"1201","20703116421",28.8567565332947
"1202","20703116422",473.25396697379
"1203","20703116701",2801.71168498812
"1204","20703116702",1602.64249003869
"1205","20703116703",2028.19163152966
"1206","20703116704",1727.96233837546
"1207","20703116705",1216.16465295768
"1208","20703116706",2575.09893877695
"1209","20703116707",1569.69075922361
"1210","20703116708",2571.65327137205
"1211","20703116709",977.589953179215
"1212","20703116710",1083.53644018221
"1213","20703116711",710.503076011074
"1214","20703116712",5.83144423095632
"1215","20703116713",509.392739996315
"1216","20703116714",758.28119632488
"1217","20703116715",1213.12616879556
"1218","20703116720",1609.88394267467
"1219","20703116723",853.478900274171
"1220","20801116824",562.243052947608
"1221","20801116830",0.193254281706984
"1222","20801116901",293.473589756886
"1223","20801116902",1109.25136452519
"1224","20801116903",1135.99999999993
"1225","20801116904",1136
"1226","20801116905",1195.99999999978
"1227","20801116906",798.521505417325
"1228","20801116907",1369.83045002888
"1229","20801116908",464.758814021876
"1230","20801116909",1024.47365334635
"1231","20801116911",1488.17839640167
"1232","20801116912",1894.67999825124
"1233","20801116913",1061.67009770216
"1234","20801116914",1146.00000000003
"1235","20801116915",1149.58511506679
"1236","20801116916",632.599021196167
"1237","20801116917",278.514672774445
"1238","20801116927",1136.00000000005
"1239","20801116928",996.474189724854
"1240","20801116930",11.3959662873364
"1241","20801116931",387.271762799926
"1242","20801116933",1061.7775495136
"1243","20801116934",1288.44988974215
"1244","20801116935",1050.73613030875
"1245","20801116936",942.181132790924
"1246","20801116937",1932.41695797656
"1247","20801116939",2292
"1248","20801116940",1969.94744279894
"1249","20801116941",1146.00000000009
"1250","20801116942",997.504161812704
"1251","20801116943",1653.06169446928
"1252","20801116944",992.121050309987
"1253","20801116945",1343.49659829385
"1254","20801116946",1135.99999999991
"1255","20801116947",1343.51585719267
"1256","20801116948",892.093383823145
"1257","20801116949",823.319998554746
"1258","20801116950",1180.93915175126
"1259","20801116951",1135.99999999995
"1260","20801116952",1565.71585882688
"1261","20801116953",1696.04451925761
"1262","20801116954",1743.02770921268
"1263","20801116955",1145.9999999999
"1264","20801116956",1136
"1265","20801116957",1135.9999999999
"1266","20801117001",995.120079041388
"1267","20801117006",1734.65284463179
"1268","20801117007",467.287650349064
"1269","20801117010",1825.03582752085
"1270","20801117022",7.85803917392706
"1271","20801117024",447.226573964456
"1272","20801117026",15.5239732253114
"1273","20801117028",13.2446764172048
"1274","20801117035",713.330013669762
"1275","20801117036",33.8163901485605
"1276","20801117101",1543.99063336593
"1277","20801117105",261.147195787327
"1278","20801117109",1202.98600146568
"1279","20801117110",24.5198637389135
"1280","20801117112",720.125497192431
"1281","20801117113",3114.62606085418
"1282","20801117114",268.05582174161
"1283","20801117115",1949.52179729509
"1284","20801117116",2083.13483377828
"1285","20801117117",1565.00000000015
"1286","20801117118",2311.41229234069
"1287","20801117119",1342.74025640553
"1288","20801117120",1564.99999999995
"1289","20801117121",346.183503239539
"1290","20801117122",1588.27177266738
"1291","20801117123",1889.67515889178
"1292","20801117124",1564.99999999994
"1293","20801117125",1564.99999999967
"1294","20801117201",686.198418923576
"1295","20801117204",1131.88168526273
"1296","20801117205",599.551562363443
"1297","20801117208",861.060893024404
"1298","20801117210",1136.00000000005
"1299","20801117211",718.630202015624
"1300","20801117218",242.281324421059
"1301","20801117221",108.127312321552
"1302","20801117222",849.994747088421
"1303","20801117223",1565.00000000016
"1304","20801117224",1478.88455925903
"1305","20801117227",1136.00000000004
"1306","20801117228",620.591471691004
"1307","20801117230",417.882316407199
"1308","20801117231",569.250748481599
"1309","20801117232",1013.13159268456
"1310","20801117233",1203.27030321633
"1311","20801117234",1565.00000000027
"1312","20801117235",1564.99999999997
"1313","20801117236",1082.80757386808
"1314","20801117237",892.721549072307
"1315","20801117238",1325.98401587852
"1316","20801117305",629.061953696519
"1317","20801117307",232.011101905389
"1318","20801117308",567.119546389753
"1319","20801117309",52.2903229952325
"1320","20801117312",180.236531337401
"1321","20801117313",578.999999999974
"1322","20801117314",78.6470733201709
"1323","20801117316",1.24686246756182
"1324","20801117318",453.641190952434
"1325","20801117319",576.06826741392
"1326","20801117320",578.999999999995
"1327","20801117321",578.999999999985
"1328","20801117334",579.000000000021
"1329","20801117340",579.000000000022
"1330","20801117342",578.999999999938
"1331","20802117401",3451.71559695267
"1332","20802117403",3002.99657107216
"1333","20802117404",1927.18759750751
"1334","20802117405",1642.11459482364
"1335","20802117407",5.90128133878654
"1336","20802117410",1488.62480087234
"1337","20802117411",1984.98885062213
"1338","20802117413",3129.99999999943
"1339","20802117415",1574.47725227033
"1340","20802117417",46.0822194345527
"1341","20802117418",161.785443976536
"1342","20802117419",62.6526896455472
"1343","20802117420",2038.51744806227
"1344","20802117422",2417.85071887044
"1345","20802117423",2512.4240579384
"1346","20802117424",551.232771675083
"1347","20802117425",1569.38304301293
"1348","20802117426",2160.26689861226
"1349","20802117427",218.153291528865
"1350","20802117428",1646.49249937209
"1351","20802117429",1294.92198905182
"1352","20802117431",1440.49885932618
"1353","20802117433",3130.00000000047
"1354","20802117434",2986.54079473287
"1355","20802117435",1181.72938164007
"1356","20802117437",477.865795209662
"1357","20802117438",2115.46931799824
"1358","20802117439",1945.79320359472
"1359","20802117440",2919.89499862844
"1360","20802117441",2637.62903448501
"1361","20802117442",2700.72918784728
"1362","20802117444",62.24580558933
"1363","20802117445",618.366614600851
"1364","20802117446",2337.00154268453
"1365","20802117447",2108.64567033261
"1366","20802117450",1254.51247705813
"1367","20802117452",3129.99999999984
"1368","20802117453",3129.99999999948
"1369","20802117454",2760.16446592417
"1370","20802117455",2929.59724798908
"1371","20802117456",3114.14444541301
"1372","20802117457",3745.87840017254
"1373","20802117458",2492.5794430361
"1374","20802117459",3121.06415801569
"1375","20802117460",3129.98158758907
"1376","20802117461",2943.26946916304
"1377","20802117462",2410.98759933465
"1378","20802117605",1012.48470420763
"1379","20802117606",140.629646108741
"1380","20802117608",562.548715061326
"1381","20802117612",443.575949935084
"1382","20802117614",467.94408125171
"1383","20802117617",3247.59496343331
"1384","20802117618",1649.94572056574
"1385","20802117619",3547.99564870257
"1386","20802117620",1580.99999999997
"1387","20802117621",933.560373493559
"1388","20802117622",503.215787505292
"1389","20802117623",1737.21081727792
"1390","20802117624",1936.92254362483
"1391","20802117625",3531.02291095036
"1392","20802117626",3547.99999999971
"1393","20802117629",1546.5435375974
"1394","20802117630",1331.77263754206
"1395","20802117631",2139.90070101763
"1396","20802117632",1774
"1397","20802117634",1774.00000000026
"1398","20802117637",1580.99999999983
"1399","20802117638",3547.99999999969
"1400","20802117639",1581.00000000008
"1401","20802117640",3404.60312029419
"1402","20802117641",2564.25078365711
"1403","20802117642",2572.76297850032
"1404","20802117643",1774
"1405","20802117644",1774.00000000007
"1406","20802117645",3547.9999999995
"1407","20802117646",1774.00000000024
"1408","20802117647",1921.88244825656
"1409","20802117648",2376.16895898205
"1410","20802117649",2778.28529949694
"1411","20802117650",1579.35233823167
"1412","20802117701",4043.19333284172
"1413","20802117702",2002.88361212095
"1414","20802117703",3778.14100635132
"1415","20802117704",436.263075668223
"1416","20802117705",1142.46696889046
"1417","20802117706",1747.36179737713
"1418","20802117707",1403.38489560238
"1419","20802117714",1.72654775949175
"1420","20802117715",773.084965357979
"1421","20802117716",646.765024320694
"1422","20802117717",870.043463041306
"1423","20802117718",1554.21194141508
"1424","20802117719",919.614708763602
"1425","20802117720",2089.99999999975
"1426","20802117721",2090.0000000001
"1427","20802117722",1560.33508668263
"1428","20802117723",1410.89672456282
"1429","20802117724",407.371441906725
"1430","20802117725",1417.50185328925
"1431","20802117727",2046.20762793374
"1432","20802117728",2089.99999999966
"1433","20802117733",103.915101577804
"1434","20802117734",180.960600151973
"1435","20802117741",2089.99999999936
"1436","20802117744",433.26738620828
"1437","20802117745",1345.7801620504
"1438","20802117746",210.158212266742
"1439","20802117748",1764.21255812864
"1440","20802117749",1445.08253490463
"1441","20802117750",50.6067369059265
"1442","20802117751",1077.73918477431
"1443","20802117752",24.9156423099462
"1444","20802117754",1905.41876372777
"1445","20802117756",4057.00000000037
"1446","20802117757",4056.99999999988
"1447","20802117758",4056.99999999932
"1448","20802117805",0.832796254329614
"1449","20802117806",1501.64172833551
"1450","20802117809",687.611714029782
"1451","20802117811",99.925560441789
"1452","20802117812",2409.00000000061
"1453","20802117815",1398.53086250417
"1454","20802117816",2013.78591823045
"1455","20802117817",1487.78950094021
"1456","20802117818",0.51685013140486
"1457","20802117819",618.814523273567
"1458","20802117834",14.1794553743161
"1459","20802117835",60.9832946110412
"1460","20802117836",23.1777110495049
"1461","20802117840",1263.88892247794
"1462","20802117901",1858.0288548698
"1463","20802117902",690.42063947502
"1464","20802117903",1195.99999999984
"1465","20802117904",81.664712570724
"1466","20802117906",722.19131149772
"1467","20802117910",1146.00000000003
"1468","20802117911",1408.01292236531
"1469","20802117912",763.352094000043
"1470","20802117913",1196.00000000006
"1471","20802117914",1145.99999999997
"1472","20802117915",1079.77837056287
"1473","20802117916",53.5229345918982
"1474","20802117919",830.006435316627
"1475","20802117920",1196.0000000001
"1476","20802117921",1195.99999999987
"1477","20802117922",1614.80482821996
"1478","20802117923",1196.00000000002
"1479","20802117924",1727.35996656386
"1480","20802117925",2266.31984273867
"1481","20802117926",1243.47021638996
"1482","20802117927",1539.65785774979
"1483","20802117928",543.363022165387
"1484","20802117929",1195.99999999987
"1485","20802117930",778.930070126499
"1486","20802118002",1773.50745949498
"1487","20802118003",1773.68638644409
"1488","20802118004",1793.93875255482
"1489","20802118005",2364.52910368304
"1490","20802118006",1812.00512305279
"1491","20802118007",2418.64005787001
"1492","20802118009",796.178514616348
"1493","20802118011",1778.99999999971
"1494","20802118012",1764.26725445711
"1495","20802118013",965.62801533413
"1496","20802118014",1251.33112001545
"1497","20802118015",1975.5210261682
"1498","20802118016",3086.33721825741
"1499","20802118017",1773.99999999994
"1500","20802118102",11.4331039335397
"1501","20802118103",583.660851474928
"1502","20802118107",2256.11066347062
"1503","20802118108",3548.00000000078
"1504","20802118109",3546.47193200848
"1505","20802118110",2347.77632009112
"1506","20802118111",2539.66870317743
"1507","20802118112",210.415360063099
"1508","20802118113",1626.72487021556
"1509","20802118114",2238.69417625176
"1510","20802118115",2719.15417063966
"1511","20802118116",1991.66262037968
"1512","20802118117",2105.49569207723
"1513","20802118118",2409.83427075801
"1514","20802118119",3472.72996709792
"1515","20802118120",2503.95237678838
"1516","20802118201",2605.38392199981
"1517","20802118202",2609.1606169205
"1518","20802118203",2408.99999999967
"1519","20802118204",1581.00000000008
"1520","20802118205",1580.99999999968
"1521","20802118206",1580.99999999985
"1522","20802118207",1580.99999999985
"1523","20802118208",1581.00000000022
"1524","20802118209",1580.99999999995
"1525","20802118210",1580.99999999982
"1526","20802118211",1580.99999999992
"1527","20802118212",1581.00000000015
"1528","20802118213",1995.89912374847
"1529","20802118214",2136.04266343056
"1530","20802118215",2422.48715558856
"1531","20802118216",2408.99999999968
"1532","20802118217",2750.8692077572
"1533","20802118218",2408.99999999972
"1534","20802118219",919.532616709525
"1535","20802118222",900.11483300143
"1536","20802118223",3412.14596103879
"1537","20802118224",3960.68534154305
"1538","20802118225",3969.55260246129
"1539","20802118227",2408.9999999996
"1540","20803118501",1469.9999999999
"1541","20803118502",1438.22729226061
"1542","20803118503",105.618828617909
"1543","20803118504",746.683110842654
"1544","20803118505",459.937659012931
"1545","20803118511",1345.743828877
"1546","20803118512",1469.99999999988
"1547","20803118513",1469.99999999986
"1548","20803118514",1097.55988812676
"1549","20803118515",490.234236054984
"1550","20803118602",234.969409146671
"1551","20803118603",234.455968988171
"1552","20803118607",1500
"1553","20803118608",1205.95622429883
"1554","20803118610",1224.90041356751
"1555","20803118611",1434.60339294433
"1556","20803118612",245.695994674814
"1557","20803118613",107.537584943885
"1558","20803118615",2202.68819624232
"1559","20803118616",1646.99479871815
"1560","20803118617",1771.1497096322
"1561","20803118618",1109.22369144869
"1562","20803118619",1761.98396298448
"1563","20803118620",1776.85145145695
"1564","20803118621",1499.99999999997
"1565","20803118622",1500.00000000012
"1566","20803118624",1500.00000000005
"1567","20803118625",1453.66818623832
"1568","20803118626",30.3536994318602
"1569","20803118627",2196.81989578581
"1570","20803118628",1567.30823057653
"1571","20803118629",650.343869653193
"1572","20803118630",1131.47056379043
"1573","20803118631",1499.99999999999
"1574","20803118805",8.38328274893798
"1575","20803118808",447.090926644613
"1576","20803118810",1565.00000000013
"1577","20803118811",335.399002632977
"1578","20803118812",1564.99999999992
"1579","20803118820",1.97704167591231
"1580","20803118824",204.548026064234
"1581","20803118830",1816.85905936139
"1582","20803118831",595.743197287325
"1583","20803118833",336.630268448498
"1584","20803118834",1164.35878834806
"1585","20803118835",1549.76622815333
"1586","20803118836",15.2107090315224
"1587","20803118837",1387.49461558943
"1588","20803118838",105.19263733583
"1589","20803118839",1104.69869205498
"1590","20803118847",1265.99779231518
"1591","20803118848",343.739462751474
"1592","20803118849",2812.12727090249
"1593","20803118850",1095.20165200383
"1594","20803118852",2067.12706923332
"1595","20803118853",1549.9999999999
"1596","20803118854",2167.01913145591
"1597","20803118856",1565.00000000009
"1598","20803118859",1549.99999999989
"1599","20803118860",1828.67881316108
"1600","20803118862",1565.00000000037
"1601","20803118863",2975.38259726446
"1602","20803118864",1567.91302210033
"1603","20803118901",1489.35709507684
"1604","20803118902",701.056209783534
"1605","20803118903",2495.07195557668
"1606","20803118904",1432.52544091548
"1607","20803118905",1499.99999999994
"1608","20803118906",749.127208137683
"1609","20803118910",170.955634936381
"1610","20803118911",921.239370839529
"1611","20803118912",1321.70423291914
"1612","20803118913",199.528419882093
"1613","20803118914",1499.99999999985
"1614","20803118915",1500.00000000008
"1615","20803118916",1500.17440234429
"1616","20803118917",1183.29602907175
"1617","20803118918",1164.55372333848
"1618","20803118919",256.860424462955
"1619","20803118923",930.95577746513
"1620","20803118925",107.342280074613
"1621","20803118926",1218.47589079009
"1622","20803118927",1500.00000000031
"1623","20803118928",1500.0000000001
"1624","20803118929",1499.99999999987
"1625","20803118930",826.453160444512
"1626","20803119001",88.1844159308609
"1627","20803119003",240.156951400671
"1628","20803119004",32.8837128310211
"1629","20803119006",371.428194830418
"1630","20803119007",498.775030702171
"1631","20803119008",1519.99999999994
"1632","20803119009",1520
"1633","20803119010",829.215170491744
"1634","20803119011",1520.66644264227
"1635","20803119012",76.1507452555017
"1636","20803119013",1415.2513012311
"1637","20803119014",1432.86861806927
"1638","20803119018",217.208114127978
"1639","20803119019",1516.73153014724
"1640","20803119020",646.29448367763
"1641","20803119023",1520.00000000002
"1642","20803119025",476.282886648266
"1643","20803119027",1520.00000000006
"1644","20803119028",1519.99999999997
"1645","20803119029",697.754109578742
"1646","20803119030",1195.69012484762
"1647","20803119034",98.8734355461009
"1648","20803119106",1503.56333650557
"1649","20803119108",1086.38357833883
"1650","20803119109",1416.74287389862
"1651","20803119110",741.115708515825
"1652","20803119113",1021.5499502915
"1653","20803119118",144.431900200211
"1654","20803119124",1564.99999999986
"1655","20803119125",1564.99999999994
"1656","20803119304",397.264474865472
"1657","20803119307",945.04610615954
"1658","20803119308",860.081538739365
"1659","20803119309",1507.55533642421
"1660","20803119310",1523.92103441283
"1661","20803119311",1519.99999999995
"1662","20803119312",1140.45810236566
"1663","20803119314",154.568731008575
"1664","20803119315",70.6244228213993
"1665","20803119320",1026.92015691491
"1666","20803119321",968.916487624033
"1667","20803119322",1519.99999999993
"1668","20803119323",1519.99999999984
"1669","20803119324",1519.99999999999
"1670","20803119327",502.719446022478
"1671","20803119328",559.234764346349
"1672","20803119329",1636.73564175275
"1673","20803119330",1520.00000000025
"1674","20803119331",1520
"1675","20803119332",1519.79330586492
"1676","20803119333",1473.31654977664
"1677","20803119334",867.432471912198
"1678","20803119335",810.002040755376
"1679","20803119336",1227.16262617559
"1680","20803119337",1520
"1681","20803119338",1463.07603786907
"1682","20803119339",1512.23283533492
"1683","20803119340",1519.99999999998
"1684","20803119341",1519.99999999983
"1685","20803119343",38.0319331167988
"1686","20804119401",2282.75900744425
"1687","20804119403",1161.99999999989
"1688","20804119404",1373.23842728762
"1689","20804119405",1981.85740214822
"1690","20804119406",1089.98351995019
"1691","20804119407",1541.0802825095
"1692","20804119408",1330.24573032595
"1693","20804119409",889.029319646042
"1694","20804119410",1916.87676203922
"1695","20804119411",2111.96786533305
"1696","20804119413",421.658505643116
"1697","20804119415",45.5591827957363
"1698","20804119416",963.090661941553
"1699","20804119417",109.85271675804
"1700","20804119418",2188.41084869492
"1701","20804119419",1733.07530344386
"1702","20804119420",1162.00000000012
"1703","20804119421",1161.99999999992
"1704","20804119423",1401.39190865568
"1705","20804119424",2090.0000000006
"1706","20804119425",2090.00000000041
"1707","20804119426",1912.06392229642
"1708","20804119427",2090.00000000007
"1709","20804119428",2089.99999999992
"1710","20804119430",1335.5137447227
"1711","20804119431",62.5129278950723
"1712","20804119432",548.736073860036
"1713","20804119433",389.51450331644
"1714","20804119434",1162.00000000003
"1715","20804119435",1162.00000000003
"1716","20804119436",1755.21884694097
"1717","20804119437",1361.873504124
"1718","20804119438",663.745073619758
"1719","20804119439",1392.28533959419
"1720","20804119440",1420.07574486322
"1721","20804119441",1752.91731428645
"1722","20804119442",0.0219262743835283
"1723","20804119444",1323.93528310848
"1724","20804119445",1755.5847484413
"1725","20804119446",1316.90968305315
"1726","20804119447",1161.99999999991
"1727","20804119448",1346.87555194559
"1728","20804119449",1800.86389791976
"1729","20804119450",1471.02500951894
"1730","20804119451",1434.01195649507
"1731","20804119452",555.342593499247
"1732","20804119453",2270.02915671292
"1733","20804119502",1177.00000000034
"1734","20804119503",724.139318997297
"1735","20804119505",1041.57363199692
"1736","20804119506",1774.00000000032
"1737","20804119507",1423.07098527548
"1738","20804119508",3001.56235360355
"1739","20804119509",1439.44987683518
"1740","20804119512",780.602187642375
"1741","20804119513",1579.84847295021
"1742","20804119515",3977.66588143516
"1743","20804119516",3737.08881128016
"1744","20804119517",1971.10580497217
"1745","20804119518",1735.59204315219
"1746","20804119519",688.418473199477
"1747","20804119520",1543.52436172774
"1748","20804119521",936.16820746509
"1749","20804119523",351.326031704273
"1750","20804119526",4056.99999999974
"1751","20804119527",3568.16961209813
"1752","20804119528",929.975107167929
"1753","20804119529",162.383257477437
"1754","20804119530",113.168363703366
"1755","20804119532",1280.69020328599
"1756","20804119533",248.951887496847
"1757","20804119534",321.191465074429
"1758","20804119536",532.137308981162
"1759","20804119538",1176.9999999999
"1760","20804119539",1524.52385533455
"1761","20804119540",1093.77911925458
"1762","20804119541",1519.56445970845
"1763","20804119542",1664.86261141766
"1764","20804119543",3.55410724161267
"1765","20804119544",976.743336732567
"1766","20804119545",1797.23527037731
"1767","20804119546",4056.99999999989
"1768","20804119547",1896.96397416554
"1769","20804119548",1161.33875587051
"1770","20804119549",1267.81532707661
"1771","20804119550",101.942813339728
"1772","20804119552",4057.00000000084
"1773","20804119553",4047.26637601129
"1774","20804119554",1491.98203629589
"1775","20804119555",1533.54033578519
"1776","20804119556",4057.0000000005
"1777","20901119701",498.661087415918
"1778","20901119705",420.540100450961
"1779","20901119710",906.000000000014
"1780","20901119711",906.000000000018
"1781","20901119713",70.5045074211358
"1782","20901119715",408.774027606681
"1783","20901119738",905.999999999988
"1784","20901119739",129.60709642541
"1785","20901119740",799.126617448918
"1786","20901119741",906.000000000068
"1787","20901119742",658.241250573772
"1788","20901119744",305.728835672777
"1789","20901119750",609.457562499824
"1790","20901119801",708.157512280294
"1791","20901119802",969.000000000156
"1792","20901119803",969.000000000069
"1793","20901119804",1150.10890397051
"1794","20901119805",979.000000000018
"1795","20901119806",836.344548153652
"1796","20901119807",550.230725376804
"1797","20901119808",520.84998819578
"1798","20901119809",976.691758722693
"1799","20901119813",58.8916020928971
"1800","20901119814",207.770780910128
"1801","20901119815",259.262859166803
"1802","20901119817",483.19493578511
"1803","20901119818",309.859551555164
"1804","20901119819",440.535981142387
"1805","20901119820",109.052859708573
"1806","20901119821",953.45018141963
"1807","20901119823",432.113784385016
"1808","20901119824",587.932312614722
"1809","20901119825",815.949297409294
"1810","20901119826",968.999999999838
"1811","20901119827",869.342061852219
"1812","20901119829",947.586405856878
"1813","20901119830",814.165161572796
"1814","20901119834",979.000000000035
"1815","20901119835",994.005957679471
"1816","20901119917",32.4988393649174
"1817","20901119918",1195.42788115569
"1818","20901119919",528.80998164366
"1819","20901119924",196.577179763074
"1820","20901119926",281.935228165224
"1821","20901119928",112.005545359492
"1822","20901120001",1223.27112485177
"1823","20901120002",410.913389285523
"1824","20901120003",353.187583666772
"1825","20901120004",1063.37817451272
"1826","20901120005",1243.62612925628
"1827","20901120006",830.447945915719
"1828","20901120007",1249.50641207447
"1829","20901120009",1884.45787578126
"1830","20901120010",1030.13350323029
"1831","20901120015",983.999999999981
"1832","20901120016",1536.53061545829
"1833","20901120017",1414.32270105529
"1834","20901120019",326.5031018622
"1835","20901120020",300.820778894602
"1836","20901120021",286.064214006655
"1837","20901120024",1781.87616841179
"1838","20901120025",1616.01739883952
"1839","20901120026",571.458060022673
"1840","20901120027",1777.2338594864
"1841","20901120028",1586.12716496209
"1842","20901120029",1743.17023638124
"1843","20901120030",1562.36170636427
"1844","20901120101",0.216689120908362
"1845","20901120104",2.02325636693149
"1846","20901120105",1313.88150541325
"1847","20901120106",633.001102910031
"1848","20901120107",23.9005774915588
"1849","20901120108",903.999999999762
"1850","20901120109",1516.64452547334
"1851","20901120110",1436.32126026483
"1852","20901120111",594.593483704378
"1853","20901120112",799.135728739395
"1854","20901120113",1590.1210430051
"1855","20901120114",1782.83414722275
"1856","20901120116",87.1869755936265
"1857","20901120117",607.697024081696
"1858","20901120119",844.900929951472
"1859","20901120201",510.650560284587
"1860","20901120202",855.999999999946
"1861","20901120204",416.44652316119
"1862","20901120208",8.86013426604831
"1863","20901120210",133.499153639624
"1864","20901120211",853.788324386948
"1865","20901120212",856.000000000005
"1866","20901120215",590.384272487179
"1867","20901120220",71.0830282846067
"1868","20901120222",312.597696872839
"1869","20901120224",698.630733626494
"1870","20901120227",856.000000000077
"1871","20901120229",322.66854399199
"1872","20901120230",490.112760673884
"1873","20901120231",855.999999999895
"1874","20901120232",811.719715196334
"1875","20901120234",392.168076915863
"1876","20901120235",855.99999999992
"1877","20901120237",856.00000000007
"1878","20901120238",22.774997533254
"1879","20901120239",57.1471249903059
"1880","20901120241",882.974422075448
"1881","20901120308",957.949116482343
"1882","20901120309",968.000000000098
"1883","20901120313",219.515592741598
"1884","20901120314",725.135839556467
"1885","20901120325",531.305319586229
"1886","20901120327",968.000000000034
"1887","20901120329",119.80588324683
"1888","20901120330",861.56520277924
"1889","20901120331",217.962721158894
"1890","20901120332",782.077936181648
"1891","20901120333",50.2788749111223
"1892","20901120335",967.999999999972
"1893","20901120338",315.044184825148
"1894","20901120339",504.576853540419
"1895","20901120345",967.999999999966
"1896","20901120401",825.676672366495
"1897","20901120404",868.950594091335
"1898","20901120405",954.000000000054
"1899","20901120406",748.143371940742
"1900","20901120410",233.576683737585
"1901","20901120411",947.161771396812
"1902","20901120412",725.874063582353
"1903","20901120417",333.751358647522
"1904","20901120418",643.377462097589
"1905","20901120419",953.685323764999
"1906","20901120420",953.999999999982
"1907","20901120421",953.999999999898
"1908","20902120502",114.203813934514
"1909","20902120507",518.299373640893
"1910","20902120524",16.8701354266869
"1911","20902142802",1676.29940552135
"1912","20902142803",1224.2756240418
"1913","20902142804",260.29212678312
"1914","20902142807",2020.53327047967
"1915","20902142810",506.666847492254
"1916","20902142811",416.458530333752
"1917","20902142813",148.617851614432
"1918","20902142814",1350.73741946171
"1919","20902142816",525.089581971576
"1920","20902142818",1795.91097993959
"1921","20902142823",1096.31863591783
"1922","20902142825",1599.21387663102
"1923","20902142826",770.071595635444
"1924","20902142839",118.011825603818
"1925","20902142841",1996.00000000043
"1926","20902142843",1625.75698445438
"1927","20902142844",1054.07453867964
"1928","20902142845",1370.85921622028
"1929","20902142846",1577.81335909726
"1930","20902142848",1042.99999999964
"1931","20902142849",1990.46918834204
"1932","20902142850",1366.12514199868
"1933","20902142903",1297.4935359664
"1934","20902142906",369.511123642089
"1935","20902142907",687.491864676552
"1936","20902142911",1043.00000000006
"1937","20902142912",777.668408611507
"1938","20902142914",216.603329127547
"1939","20902142915",730.037335784782
"1940","20902142916",1163.63496431878
"1941","20902142917",18.5217582712454
"1942","20902142919",1784.63422895309
"1943","20902142921",1371.76662930355
"1944","20902142922",1440.34468967139
"1945","20902142923",647.352253620612
"1946","20902152301",830.700095208214
"1947","20902152306",1383.17108206944
"1948","20902152308",723.261136687715
"1949","20902152309",307.054029778161
"1950","20902152311",1697.59474472135
"1951","20902152312",1117.2288780772
"1952","20902152313",312.096583730141
"1953","20902152315",1450.36351627401
"1954","20902152322",997.999999999875
"1955","20902152324",1007.59190023053
"1956","20902152325",0.0110445204579368
"1957","20902152327",824.970644663515
"1958","20902152328",48.232176066405
"1959","20902152329",678.308691861371
"1960","20902152330",618.787946949434
"1961","20902152401",2.06932475527976
"1962","20902152403",997.999999999843
"1963","20902152407",954.024685122242
"1964","20902152410",587.534873133318
"1965","20902152415",1062.70882411776
"1966","20902152416",997.999999999963
"1967","20902152422",81.6968369910286
"1968","20902152423",607.973857488434
"1969","20902152501",765.799616497859
"1970","20902152502",1043.00000000006
"1971","20902152506",447.337115851848
"1972","20902152507",459.929907376771
"1973","20902152511",953.377588567103
"1974","20902152513",1071.7729364319
"1975","20902152518",747.651561436316
"1976","20902152525",334.068465327854
"1977","20902152528",998.000000000128
"1978","20902152601",1394.08165166406
"1979","20902152603",493.387198557971
"1980","20902152604",1140.28162840732
"1981","20902152605",1110.34627441468
"1982","20902152606",997.999999999988
"1983","20902152607",591.288518221585
"1984","20902152608",997.999999999912
"1985","20902152611",584.220195265638
"1986","20902152615",1038.69339073248
"1987","20902152618",625.530178442814
"1988","20902152622",1042.99999999999
"1989","20902152623",1433.5312196689
"1990","20902152624",1535.99830325125
"1991","20902152626",1343.92263353836
"1992","20902152627",2041
"1993","20902152628",255.762397332936
"1994","20902152629",547.656172903554
"1995","20902152630",997.999999999992
"1996","20902152631",443.569354003279
"1997","20902152632",67.6514726278752
"1998","20903120902",759.999999999992
"1999","20903120903",620.010810703429
"2000","20903120912",562.902125918854
"2001","20903120915",759.140435776114
"2002","20903120916",418.833194619565
"2003","20903120917",81.2449277193514
"2004","20903120922",184.983904581172
"2005","20903120923",249.735628782945
"2006","20903120930",202.987904795759
"2007","20903120931",9.01962333980038
"2008","20903120944",574.608231444595
"2009","20903120945",760.000000000052
"2010","20903120946",759.999999999933
"2011","20903120959",364.915967045547
"2012","20903120960",119.219587893994
"2013","20903121001",218.814526741729
"2014","20903121002",329.999999999978
"2015","20903121003",193.046504443509
"2016","20903121004",55.7972430958842
"2017","20903121007",31.3355014422908
"2018","20903121009",329.999999999989
"2019","20903121010",140.288556531023
"2020","20903121216",3.72103906721229
"2021","20903121501",0.193931762892451
"2022","20903121502",662.000000000054
"2023","20903121503",28.0199202770851
"2024","20903121505",305.437726450434
"2025","20903121506",559.678437709986
"2026","20903121507",616.710388082389
"2027","20903121508",312.377373701
"2028","20903121509",285.728824314574
"2029","20903121511",267.105120248681
"2030","20903121513",101.255640151059
"2031","20903121515",75.8145256940876
"2032","20903121516",16.6280010483142
"2033","20903121517",132.673218737438
"2034","20903121518",661.984680403282
"2035","20903121523",183.660870304689
"2036","20903121524",615.790528112717
"2037","20903121525",4.59933177826368
"2038","20903121528",376.240037402563
"2039","20903121529",662.000000000012
"2040","20903121532",248.568194938002
"2041","20903121534",265.357715164589
"2042","20903121535",200.240937038899
"2043","20903121536",639.439758977648
"2044","20904122002",888.317402076993
"2045","20904122005",902.128882137156
"2046","20904122006",906.170384846289
"2047","20904122012",1018
"2048","20904122013",850.07458911639
"2049","20904122014",38.801795193101
"2050","20904122017",1.58797949025151
"2051","20904122046",293.424818302461
"2052","20904122302",259.762096643328
"2053","20904122304",1009.13426673457
"2054","20904122305",1020.38534750277
"2055","20904122306",1028.00000000003
"2056","20904122307",1027.99999999994
"2057","20904122308",1027.99999999988
"2058","20904122309",853.064536688558
"2059","20904122322",533.910528125312
"2060","20904122324",467.480379612767
"2061","20904122331",1027.99999999995
"2062","20904122332",0.547902160467919
"2063","20904122333",187.845759973835
"2064","20904122334",353.088293357815
"2065","20904122344",268.140515679321
"2066","20904122349",221.164262118012
"2067","20904122350",579.304085216477
"2068","20904122351",849.216591731252
"2069","20904122354",1027.99999999995
"2070","20904143103",186.915356639848
"2071","20904143104",2.33778333935804
"2072","20904143107",1003.54155502016
"2073","20904143115",15.5116199684523
"2074","20904143117",4.86148033939117
"2075","20904143122",35.9403967543199
"2076","20904143201",774.950998762628
"2077","20904143202",1020.256556977
"2078","20904143203",629.787659795254
"2079","20904143206",275.651451670488
"2080","20904143207",1023.00000000003
"2081","20904143208",579.718028296199
"2082","20904143209",432.04964960486
"2083","20904143210",338.038624412979
"2084","20904143212",708.852985341006
"2085","20904143213",869.837898555853
"2086","20904143214",63.5502168369431
"2087","20904143216",1022.99999999997
"2088","20904143217",52.8699100121393
"2089","20904143219",1022.9999999999
"2090","20904143220",1023.00000000004
"2091","20904143222",745.457988761237
"2092","20904143223",842.261001422674
"2093","20904143224",638.236059103956
"2094","20904143502",84.5771741890488
"2095","20904143503",723.750990421667
"2096","20904143508",979.774539198447
"2097","20904143509",1.84907644177257
"2098","20904143510",983.000000000031
"2099","20904143511",76.5249522021842
"2100","20904143512",975.496580399233
"2101","20904143516",861.852932381783
"2102","20904143518",56.4528560280059
"2103","20904143519",179.262010657578
"2104","20904143523",940.541181202964
"2105","20904143525",41.7537781395676
"2106","20904143601",982.999999999965
"2107","20904143603",983.000000000017
"2108","20904143605",825.90313229214
"2109","20904143606",982.999999999842
"2110","20904143607",839.705297009332
"2111","20904143610",475.048068544402
"2112","20904143614",145.427547665961
"2113","20904143618",506.61791272531
"2114","20904143620",982.999999999893
"2115","20904143626",982.999999999988
"2116","20904143627",738.718091449466
"2117","20904143631",1017.99999999986
"2118","20904143632",171.599370427414
"2119","20904143634",156.562687607209
"2120","20904143635",983.000000000163
"2121","20904143724",0.205379255741022
"2122","20904152701",72.6134317472415
"2123","20904152736",77.7938543806522
"2124","20904152810",280.15104649408
"2125","20904152811",97.7544498833547
"2126","20904152815",330.048774182335
"2127","20904152901",21.5072773387332
"2128","20904152902",950.811912108043
"2129","20904152903",452.43747992295
"2130","20904152909",634.854407301612
"2131","20904152913",220.355976950969
"2132","20904152915",997.999999999909
"2133","20904152918",997.999999999833
"2134","20904152919",804.495718990249
"2135","20904152920",998.000000000248
"2136","20904152921",356.29965509453
"2137","20904153002",496.156448321266
"2138","20904153007",15.0842467110841
"2139","20904153008",119.726175232912
"2140","20904153010",577.603434319716
"2141","20904153013",963.533467822902
"2142","20904153014",998.000000000074
"2143","20904153018",998.00000000018
"2144","20904153022",12.1846960855896
"2145","20904153025",997.661614078093
"2146","20904153027",995.520260481982
"2147","20904153029",997.999999999954
"2148","20904153109",1.5091569704237
"2149","20904153110",234.31792737891
"2150","20904153114",500.761648166101
"2151","20904153117",1.46045542351646
"2152","20904153203",163.142736369601
"2153","20904153217",187.987951894174
"2154","20904153220",1.47114709338733
"2155","20904153223",489.596204204525
"2156","21001123106",10.3944348148314
"2157","21001123109",161.180727898945
"2158","21001123110",903.608907289945
"2159","21001123114",1075.78446012387
"2160","21001123115",1154.14907980618
"2161","21001123116",2042.24784132737
"2162","21001123117",509.350397377494
"2163","21001123118",1190.07488199107
"2164","21001123119",1014.39288373918
"2165","21001123120",1006.92833716755
"2166","21001123121",111.876440033925
"2167","21001123122",229.711493770238
"2168","21003123601",889.08495371572
"2169","21003123603",415.961888623123
"2170","21003123604",485.849931643661
"2171","21003123605",34.2423269128094
"2172","21003123608",1569.99999999981
"2173","21003123609",481.736634680651
"2174","21003123610",1053.34981035448
"2175","21003123611",1125.46865894886
"2176","21003123612",785.000000000157
"2177","21003123613",868.899370433006
"2178","21003123614",1014.12843598212
"2179","21003123615",415.709644571564
"2180","21003123616",801.180116759417
"2181","21003123617",769.318969708506
"2182","21003123705",902.777404995547
"2183","21003123706",71.9941415517357
"2184","21003123707",1565.4926486767
"2185","21003123708",472.603485196939
"2186","21003123709",442.429745821633
"2187","21003123712",0.0846269784593267
"2188","21003123713",682.60519790643
"2189","21003123715",384.446010049945
"2190","21003123716",784.999999999923
"2191","21003123717",785.00000000012
"2192","21003123718",222.708770461303
"2193","21003123720",784.999999999849
"2194","21003123721",266.667614279276
"2195","21003123723",674.723375847092
"2196","21003123724",488.232337252037
"2197","21003123727",755.052898276833
"2198","21003123728",97.8695290735298
"2199","21003123730",205.228102069375
"2200","21003123731",484.12894000347
"2201","21003143904",106.542263254876
"2202","21003144003",47.0963648822104
"2203","21003144006",287.921043862201
"2204","21003144007",978.609672334786
"2205","21003144008",2.86352315448433
"2206","21003144014",174.934211925577
"2207","21003144016",13.3750928978953
"2208","21003153501",261.149308234186
"2209","21003153503",1110.33798718743
"2210","21003153505",3.13101988311432
"2211","21003153507",1038.9999999998
"2212","21003153510",522.836759389872
"2213","21003153513",466.211442429365
"2214","21003153516",996.674916754019
"2215","21003153517",1039.00000000002
"2216","21003153518",803.489450479774
"2217","21003153519",626.254439602768
"2218","21003153523",1860.89913456688
"2219","21003153525",1150.74624794352
"2220","21003153526",98.6169914371464
"2221","21003153527",610.945406416119
"2222","21003153530",784.999999999966
"2223","21003153532",855.695223244182
"2224","21003153534",1317.25083218784
"2225","21003153535",16.2623748412946
"2226","21003153536",1414.33456007584
"2227","21003153601",1130.0135430447
"2228","21003153603",1571.88601736872
"2229","21003153605",957.446753460964
"2230","21003153606",518.571132217809
"2231","21003153607",821.596875635777
"2232","21003153608",1133.13568389892
"2233","21003153610",33.989183949949
"2234","21003153611",480.561165781668
"2235","21003153612",582.783423520712
"2236","21003153613",798.659134126766
"2237","21003153615",1038.9999999999
"2238","21003153616",1636.99559865806
"2239","21003153701",1039.00000000001
"2240","21003153702",1038.99999999996
"2241","21003153703",957.900250911725
"2242","21003153704",907.155155051804
"2243","21003153705",272.908572131821
"2244","21003153706",966.727825601433
"2245","21003153708",1039.00000000005
"2246","21003153709",1039.00000000001
"2247","21003153710",1039.00000000004
"2248","21003153712",1040.15804303645
"2249","21003153713",1038.58198325682
"2250","21003153714",1128.11581227167
"2251","21003153715",723.505553472427
"2252","21003153802",1120.37004897958
"2253","21003153804",90.9706853396261
"2254","21003153806",249.923243413862
"2255","21003153807",1038.99999999998
"2256","21003153808",993.105389058967
"2257","21003153809",23.05550897319
"2258","21003153814",631.289644964947
"2259","21003153816",1039
"2260","21003153817",1039.00000000002
"2261","21003153821",302.298219675232
"2262","21003153823",322.037718530341
"2263","21003153825",549.777034240426
"2264","21003153829",1038.99999999997
"2265","21003153831",514.740270551605
"2266","21003153832",945.516464189099
"2267","21004124006",87.4378369233868
"2268","21004124010",37.8474789555511
"2269","21004124011",253.541404003333
"2270","21004124012",1.93907670037807
"2271","21004153902",2.7686359337646
"2272","21004153903",5.17716578960789
"2273","21004153906",425.735713120615
"2274","21004153907",625.538830020503
"2275","21004153908",251.662883023129
"2276","21004153910",472.520597458788
"2277","21004153911",468.626089016122
"2278","21004154008",87.4248030659906
"2279","21004154009",257.98778640325
"2280","21004154010",1.85427142044441
"2281","21004154016",343.907052153014
"2282","21004154021",26.5221846095134
"2283","21004154022",349.00000000003
"2284","21004154023",40.0318585900427
"2285","21004154028",17.2496888627249
"2286","21004154030",26.4606276215272
"2287","21004154031",303.787372727642
"2288","21004154033",2.17845376533608
"2289","21005124201",288.416623984599
"2290","21005124202",5.1759064048651
"2291","21005124204",44.7542184739206
"2292","21005124205",1195.00499434544
"2293","21005124206",1120.32441587793
"2294","21005124207",1019.00000000006
"2295","21005124208",193.048788543664
"2296","21005124209",514.328602793141
"2297","21005124212",1019
"2298","21005124213",1018.94183025642
"2299","21005124214",1019.00000000002
"2300","21005124215",1097.08738961306
"2301","21005124217",409.314356961457
"2302","21005124219",388.573186484108
"2303","21005124220",1.55936014244331
"2304","21005124222",311.063706839136
"2305","21005124223",933.570519634367
"2306","21005124224",48.4087428340289
"2307","21005124226",230.17945269079
"2308","21005124227",78.4168778632628
"2309","21005124301",711.111543453891
"2310","21005124302",676.190420420605
"2311","21005124303",204.365003847305
"2312","21005124304",160.657955909846
"2313","21005124305",3.4786328117598
"2314","21005124312",132.4139119898
"2315","21005124313",251.609887018288
"2316","21005124315",393.00000000004
"2317","21005124316",393.000000000068
"2318","21005124317",306.367672718228
"2319","21005124320",292.682347020982
"2320","21005124322",1.65241717755552
"2321","21005124325",997.669983482071
"2322","21005124326",238.866769046163
"2323","21005124327",1004.00000000002
"2324","21005124328",590.230174817705
"2325","21005124329",863.907696402123
"2326","21005124330",393.000000000014
"2327","21005124331",379.840666175856
"2328","21005124332",335.015731132183
"2329","21005124334",376.57483401749
"2330","21005124335",629.052265303942
"2331","21005124337",242.432976118505
"2332","21005124338",277.859811351541
"2333","21005124339",160.217519845829
"2334","21005124341",62.847023913528
"2335","21005124534",52.3092110178616
"2336","21005124537",77.5698220378478
"2337","21005124703",415.476867336856
"2338","21005124706",1003.99999999968
"2339","21005124710",199.248025399045
"2340","21005124713",240.359030165531
"2341","21005124714",883.086892452918
"2342","21005124719",758.537987748355
"2343","21005124721",1004.00000000029
"2344","21005124729",77.2913966079593
"2345","21005144101",136.163718264623
"2346","21005144108",6.68962064087448
"2347","21005144111",422.938929775703
"2348","21005144116",3.84567670874526
"2349","21005144119",68.8834324350401
"2350","21005144301",160.390202377007
"2351","21005144303",311.303009151522
"2352","21005144307",521.000000000062
"2353","21005144308",219.264785444466
"2354","21005144319",521.000000000064
"2355","21005144320",520.999999999971
"2356","21005144325",222.344159489171
"2357","21005154401",1004.00000000004
"2358","21005154403",513.793572397656
"2359","21005154404",84.8841286991218
"2360","21005154405",973.298620975512
"2361","21005154406",141.67505989388
"2362","21005154411",1004.00000000016
"2363","21005154417",323.438746217573
"2364","21005154422",1000.5294032488
"2365","21101125103",0.0191523064285995
"2366","21101125106",149.441145959874
"2367","21101125107",671.838760540697
"2368","21101125108",0.791863567429843
"2369","21101125110",733.000000000054
"2370","21101125111",733.000000000024
"2371","21101125120",545.684178920857
"2372","21101125121",296.388098438059
"2373","21101125122",219.862009521147
"2374","21101125123",199.195147985959
"2375","21101125124",57.3300358721439
"2376","21101125128",533.871270686011
"2377","21101144601",733.000000000048
"2378","21101144603",355.488160501657
"2379","21101144606",28.9657608896266
"2380","21101144607",544.099527773544
"2381","21101144608",65.0724890176563
"2382","21101144613",723.156779816963
"2383","21101144617",254.455629980225
"2384","21101144620",182.899935255226
"2385","21101144623",452.908625898073
"2386","21101144625",346.064292558169
"2387","21101144628",294.156549993152
"2388","21101144629",732.347097255087
"2389","21101144630",236.705256278388
"2390","21101144632",505.905098398523
"2391","21101144636",732.999999999979
"2392","21101144637",159.491216448181
"2393","21101144650",549.093627013626
"2394","21101144703",662.170902190528
"2395","21101144704",191.618329545183
"2396","21101144707",664.851453032027
"2397","21101144708",191.605498609406
"2398","21101144710",606.884831148192
"2399","21101144711",237.698925930416
"2400","21101144713",727.99999999994
"2401","21101144714",728.000000000127
"2402","21101144716",723.283002272414
"2403","21101144719",663.125092026823
"2404","21101144726",406.356173889917
"2405","21101144728",331.207303502151
"2406","21101144802",380.467321348908
"2407","21101144803",723.000000000031
"2408","21101144811",297.426281583489
"2409","21101144813",303.404270502753
"2410","21101144814",90.513317581144
"2411","21101144822",723
"2412","21101144823",206.822023808254
"2413","21102126104",0.119808698655895
"2414","21103126303",361.260159770918
"2415","21103126309",112.652080577312
"2416","21103126321",97.956432076461
"2417","21103126604",337.053152258556
"2418","21103126605",257.434433959345
"2419","21103126606",114.404001267334
"2420","21103126614",1337.96897737681
"2421","21103126615",1338.0000000001
"2422","21103126616",618.394653290082
"2423","21103126617",1337.99999999996
"2424","21103126618",822.635758985342
"2425","21103126619",1485.23400409244
"2426","21103126620",1336.72813136312
"2427","21103126621",1066.9040094208
"2428","21103126622",1118.97658720575
"2429","21103126624",158.948367342918
"2430","21103126625",225.509382291078
"2431","21103126628",1096.22166377478
"2432","21103126629",1477.81275485683
"2433","21103126634",1305.96352660039
"2434","21103126635",488.072080667865
"2435","21103126636",842.643261854725
"2436","21103126637",1328.69480205671
"2437","21103126643",429.859994083016
"2438","21103126644",277.713932305361
"2439","21103126649",19.4547385150942
"2440","21103126650",1008.79148860571
"2441","21103126651",369.748532923985
"2442","21103126652",399.132824439347
"2443","21103126653",1337.99999999996
"2444","21103126701",162.353549865705
"2445","21103126702",164.130689580959
"2446","21103126705",712.298139238482
"2447","21103126706",727.999999999961
"2448","21103126709",266.851788919872
"2449","21103126710",726.37455217697
"2450","21103126711",723.121484047234
"2451","21103126712",699.428648099579
"2452","21103126714",92.8219169235018
"2453","21103126715",716.989019562777
"2454","21103126716",728.000000000073
"2455","21103126717",97.4442932278286
"2456","21103126718",148.027729105412
"2457","21103126719",512.176590715862
"2458","21103126720",707.000000000015
"2459","21103126721",581.118200588554
"2460","21103126722",21.3045222761758
"2461","21103126723",55.3063043714175
"2462","21103126724",707.000000000017
"2463","21103126725",706.977698793669
"2464","21103126726",707
"2465","21103126727",377.812208974653
"2466","21103126728",684.603680922367
"2467","21103126729",402.194958687442
"2468","21103126730",237.127869567441
"2469","21103126733",254.810902772426
"2470","21103126738",1.36259725527424
"2471","21103126741",481.06461250495
"2472","21103126742",296.796773954456
"2473","21103126743",544.382712637391
"2474","21103126744",197.37354693953
"2475","21103126746",728.000000000012
"2476","21103126747",724.203048040197
"2477","21103145002",694.128176056192
"2478","21103145003",466.352850399102
"2479","21103145005",641.151008458411
"2480","21103145008",95.6518105970324
"2481","21103145009",624.985099325113
"2482","21103145010",468.16232868454
"2483","21103145012",254.426444756678
"2484","21103145019",306.876614782447
"2485","21103145022",203.562836667674
"2486","21103145027",62.1326663901754
"2487","21103145031",2.97177719784358
"2488","21103145103",464.529354458936
"2489","21103145105",38.1370625333893
"2490","21103145106",672.546346545481
"2491","21103145107",172.237426744913
"2492","21103145110",630.751509324142
"2493","21103145115",155.6708116857
"2494","21103145116",543.781331748342
"2495","21103145124",220.717148095182
"2496","21103145209",75.1114472091841
"2497","21104127001",1230.9999999999
"2498","21104127002",849.482692279643
"2499","21104127004",192.265702542006
"2500","21104127007",1210.61814123111
"2501","21104127008",48.387891431121
"2502","21104127009",811.931167618803
"2503","21104127012",152.731470580524
"2504","21104127013",1236.00000000005
"2505","21104127014",1003.84940615316
"2506","21104127016",724.184497110498
"2507","21104127017",1236
"2508","21104127018",951.732650697591
"2509","21104127021",1235.99999999994
"2510","21104127022",960.831161557544
"2511","21104127023",1229.93058196816
"2512","21104127024",26.6322008103859
"2513","21104127026",391.480247896257
"2514","21104127027",74.1822989157347
"2515","21104127029",1150.03093405663
"2516","21104127030",121.200753220537
"2517","21104127031",1235.99999999992
"2518","21104127032",997.632125653033
"2519","21104127033",63.702340580807
"2520","21104127034",1236.00000000002
"2521","21104127035",107.385138196695
"2522","21104127036",488.266291353666
"2523","21104127037",999.259014221413
"2524","21104127038",1235.99999999991
"2525","21104127039",1235.99999999991
"2526","21104127040",182.845668223822
"2527","21104127101",1044.42162950961
"2528","21104127102",75.4176665007533
"2529","21104127103",1162.69554884938
"2530","21104127104",1230.9999999998
"2531","21104127105",1231.00000000006
"2532","21104127106",510.567738737552
"2533","21104127111",10.9481893331611
"2534","21104127112",820.087874627173
"2535","21104127113",1023.95824314104
"2536","21104127120",312.025552306563
"2537","21104127122",188.786778589771
"2538","21104127123",807.130954839296
"2539","21104127124",1149.75854671065
"2540","21104127125",1230.99999999996
"2541","21104127126",1065.14630485953
"2542","21104127129",972.645768403416
"2543","21105127405",2.18540896097984
"2544","21105127408",308.315224275984
"2545","21105127417",748.604232561652
"2546","21105127418",208.145318084611
"2547","21105127419",706.413703082978
"2548","21105127420",655.101681138931
"2549","21105127421",274.06614771618
"2550","21105127424",78.939990269833
"2551","21105127428",10.2578561874845
"2552","21105127429",121.610805248501
"2553","21105127430",373.289761599838
"2554","21105127710",0.10993133994488
"2555","21105127802",41.9222218625312
"2556","21105127809",4.21742802894513
"2557","21105127821",346.117496805809
"2558","21105127823",81.510620985094
"2559","21105127824",0.028935560131434
"2560","21105127825",78.1875891734796
"2561","21105127828",350.000000000017
"2562","21105127829",209.784972732094
"2563","21105127830",315.54316632295
"2564","21105127831",99.8440832182267
"2565","21105127838",220.840237096967
"2566","21105127845",41.8614666882638
"2567","21105128101",707.000000000079
"2568","21105128102",193.393014775408
"2569","21105128103",706.999999999965
"2570","21105128104",169.969411229102
"2571","21105128105",10.7935340223993
"2572","21105128123",188.857145565157
"2573","21105128124",706.999999999979
"2574","21105128125",563.675338303591
"2575","21105128133",707
"2576","21105128134",490.051235648063
"2577","21105128145",474.097163364417
"2578","21105128227",65.0549737755354
"2579","21105128231",0.226150059205258
"2580","21105128402",295.222064511317
"2581","21105128404",460.827763896385
"2582","21105128405",496.269957071734
"2583","21105128406",311.746992373588
"2584","21105128407",543.701495806275
"2585","21105128408",935.41920081735
"2586","21105128409",431.070621180728
"2587","21105128410",390.37393268901
"2588","21105128411",680.20016667488
"2589","21105128412",27.9460235284179
"2590","21105128413",2.0033448916728
"2591","21105128416",15.7918659494994
"2592","21105128417",966.773551323661
"2593","21105128418",1007.01352091399
"2594","21105128419",572.000349720982
"2595","21105128420",19.2973746201472
"2596","21105128421",810.718499215809
"2597","21105128422",144.401012563536
"2598","21105128423",628.748822486371
"2599","21105128424",212.826651730775
"2600","21105128425",158.559945866688
"2601","21105128426",76.8299463765874
"2602","21105128427",0.245292177592103
"2603","21201154603",552.384113244274
"2604","21201154604",600.771590289099
"2605","21201154606",318.801125326376
"2606","21201154607",704.38959197883
"2607","21201154609",110.404976534109
"2608","21201154612",916.872091283372
"2609","21201154613",112.364327889084
"2610","21201154615",574.371921449866
"2611","21201154616",44.6360805415527
"2612","21201154617",918.999999999963
"2613","21201154618",82.7208596270968
"2614","21201154622",517.604399769879
"2615","21201154625",471.308696893717
"2616","21201154629",0.318646816216222
"2617","21201154636",918.999999999883
"2618","21201154640",786.134007026072
"2619","21201154641",57.1154813378754
"2620","21201154642",220.395790998388
"2621","21201154643",451.523789543321
"2622","21201154646",777.51045715006
"2623","21201154649",406.882603549507
"2624","21201154650",734.467230551372
"2625","21201155010",16.5886421079526
"2626","21201155101",150.088529496248
"2627","21201155103",23.4791573276731
"2628","21201155104",149.542867300308
"2629","21201155106",150.037554144447
"2630","21201155109",474.999999999955
"2631","21201155110",475.000000000039
"2632","21201155111",474.999999999994
"2633","21201155112",11.2552661343032
"2634","21201155113",70.0729411973758
"2635","21201155115",390.834376312191
"2636","21201155201",919.000000000063
"2637","21201155210",271.247372055918
"2638","21201155211",918.999999999938
"2639","21201155214",427.857080793873
"2640","21201155215",575.981739636338
"2641","21201155217",99.6648183921607
"2642","21201155218",246.904738707554
"2643","21201155224",648.65685503221
"2644","21201155229",474.499121990813
"2645","21201155230",918.999999999905
"2646","21201155237",305.412702621525
"2647","21201155239",222.78452005294
"2648","21201155240",399.52107264692
"2649","21201155242",295.304635498473
"2650","21201155243",529.546007011109
"2651","21201155245",403.934656984197
"2652","21201155247",865.845969317159
"2653","21201155248",467.802317126229
"2654","21201155251",299.415700505273
"2655","21201155253",9.04804319650893
"2656","21202129309",918.999999999927
"2657","21202129310",373.304432933263
"2658","21202129312",304.580380613057
"2659","21202129324",341.000681642247
"2660","21202129328",668.044605715967
"2661","21202129329",105.423637822448
"2662","21202129331",918.999999999978
"2663","21202129345",583.759171468308
"2664","21202129351",622.988501604365
"2665","21202129353",120.878991390058
"2666","21202129354",852.998714961995
"2667","21202129356",250.367402565355
"2668","21202129702",794.164443425967
"2669","21202129705",38.8421539718082
"2670","21202129720",296.620695290644
"2671","21202129724",875.936010884566
"2672","21202145604",6.79326897724523
"2673","21202145606",273.837126861894
"2674","21202145607",745.60861279841
"2675","21202145608",918.999999999952
"2676","21202145614",786.089521376788
"2677","21202145616",119.577763318809
"2678","21202145621",913.183600818217
"2679","21202145628",317.397499650576
"2680","21202145630",21.4718425734715
"2681","21202155308",672.969848922506
"2682","21202155310",5.06093899733662
"2683","21202155314",104.694495831197
"2684","21202155317",629.486561490185
"2685","21202155318",37.4841679673818
"2686","21202155338",11.1260142961239
"2687","21202155416",263.415589960754
"2688","21202155423",72.9443025839205
"2689","21203130001",39.7539910080325
"2690","21203130003",61.8404351350885
"2691","21203130005",267.114753561113
"2692","21203130007",28.9180107981518
"2693","21203130008",788.703707231692
"2694","21203130016",448.597942170549
"2695","21203130017",202.672154931108
"2696","21203130018",419.306713112623
"2697","21203130019",90.2257179328634
"2698","21203130022",112.311978308137
"2699","21203130024",461.99999999994
"2700","21203130025",461.999999999964
"2701","21203130026",444.741064694712
"2702","21203130030",15.3514572978638
"2703","21203130031",462
"2704","21203130032",194.312003201632
"2705","21203130033",251.695614886037
"2706","21203130034",83.5570968998952
"2707","21203130038",182.204199589304
"2708","21203130039",172.453911931442
"2709","21203130040",462.000000000026
"2710","21203130042",39.9986184542953
"2711","21203130055",178.517971998942
"2712","21203130431",361.039521471999
"2713","21203130605",929.000000000057
"2714","21203130606",394.719636932475
"2715","21203130608",507.312774465605
"2716","21203130611",928.174741048522
"2717","21203130612",132.952208901104
"2718","21203130614",823.696837329411
"2719","21203130615",236.629115656745
"2720","21203130617",188.641168899188
"2721","21203130621",28.4739894475254
"2722","21203130622",313.125337392659
"2723","21203130623",914.182965333613
"2724","21203130624",1.05703939272257
"2725","21203130627",927.453993712542
"2726","21203130628",89.1258894729829
"2727","21203130630",929.000000000112
"2728","21203130632",610.032320241141
"2729","21203130633",902.701244704963
"2730","21203130637",866.167188094796
"2731","21203130638",929.000000000109
"2732","21203130639",214.540499472986
"2733","21203130642",881.132345221856
"2734","21203130643",929.000000000024
"2735","21203145816",166.119999786132
"2736","21203145822",90.646882460076
"2737","21203145828",168.577953671804
"2738","21203156006",60.7897298923688
"2739","21203156007",831.298033927848
"2740","21203156011",387.85643511812
"2741","21203156020",929.000000000146
"2742","21203156021",929.000000000048
"2743","21203156023",725.886813089388
"2744","21203156113",122.639069336793
"2745","21203156118",148.03358779403
"2746","21203156209",17.5615340142811
"2747","21203156226",613.469965454903
"2748","21203156227",748.575398589113
"2749","21204131002",539.26423380398
"2750","21204131003",1134.4282826195
"2751","21204131010",734.466826560897
"2752","21204131011",1652.00000000021
"2753","21204131012",1652.0000000006
"2754","21204131013",945.954992764267
"2755","21204131014",1317.78578042732
"2756","21204131018",366.759986812665
"2757","21204131021",48.0681402204636
"2758","21204131025",2.68500250757909
"2759","21204131026",1641.54280830049
"2760","21204131027",1542.28087706071
"2761","21204131028",3.39655504357372
"2762","21204131029",1293.18729600301
"2763","21204131030",1475.21730075169
"2764","21204131701",193.828823807468
"2765","21204131702",1633.13827092166
"2766","21204131703",2150.30407676852
"2767","21204131704",1979.92372304988
"2768","21204131705",3413.12509005432
"2769","21204131706",1704.00000000012
"2770","21204131707",1433.45118309479
"2771","21204131714",547.545622921588
"2772","21204131716",66.6538413298413
"2773","21204131719",685.179685352712
"2774","21204131720",1448.70536141672
"2775","21204131721",426.013292800465
"2776","21204131722",10.2863027096268
"2777","21204131725",1745.5604510433
"2778","21204131726",1754.59351877784
"2779","21204131729",1208.31872947895
"2780","21204131730",1581.6122640563
"2781","21204131732",1898.38521040374
"2782","21204131733",1255.07678274272
"2783","21204131734",1201.02784767599
"2784","21204131735",810.933341537643
"2785","21204131736",18.663536829879
"2786","21204131737",923.540444083136
"2787","21204131740",1507.87947785234
"2788","21204131741",1905.22722871599
"2789","21204131742",1714.00000000003
"2790","21204131743",27.1112309580078
"2791","21204131749",1485.63229151224
"2792","21204131822",4.88542514186286
"2793","21204145901",1454.22747716881
"2794","21204145902",1490.13476790087
"2795","21204145903",735.881795114925
"2796","21204145904",721.876486389594
"2797","21204145905",284.115148248955
"2798","21204145906",1705.34670383842
"2799","21204145907",45.5197572498042
"2800","21204145908",1713.99999999959
"2801","21204145910",1250.7017291991
"2802","21204145911",60.756476971759
"2803","21204145912",97.897879642119
"2804","21204145913",1604.00000000022
"2805","21204145914",128.493340752184
"2806","21204145915",1712.62401804596
"2807","21204145916",1714.00000000005
"2808","21204145917",693.106988128033
"2809","21204145919",123.829615388985
"2810","21204145920",1265.63162868987
"2811","21204145922",1072.53283540809
"2812","21204146002",1240.40780591529
"2813","21204146004",1714
"2814","21204146005",1630.16617721281
"2815","21204146008",210.514679349372
"2816","21204146009",1009.53300253014
"2817","21204146011",1713.99999999988
"2818","21204146012",15.5069291321418
"2819","21204146016",1669.32510967802
"2820","21204146018",937.459596625568
"2821","21204146019",1604.00000000011
"2822","21204146020",783.482861910159
"2823","21204146021",1327.47853341613
"2824","21204146022",200.094066941782
"2825","21204146023",1713.99999999995
"2826","21204146025",352.123055361048
"2827","21204146026",1713.9999999997
"2828","21204146027",1604
"2829","21204146031",491.570676636755
"2830","21204146034",31.3692572803978
"2831","21204156304",124.394609307448
"2832","21204156307",326.766534134046
"2833","21204156309",228.875140637705
"2834","21204156311",20.4218903725761
"2835","21204156314",1785.00000000028
"2836","21204156317",411.423208883902
"2837","21204156319",1603.99999999996
"2838","21204156320",172.133015225091
"2839","21204156323",1573.36855186246
"2840","21204156329",449.756187830615
"2841","21204156333",1591.94429506721
"2842","21204156336",1299.10088011938
"2843","21204156339",1785
"2844","21204156340",469.756478464326
"2845","21204156342",1544.81013527016
"2846","21204156345",1785.00000000004
"2847","21204156348",123.188828835529
"2848","21204156401",1768.26224872299
"2849","21204156402",1784.99999999983
"2850","21204156403",1785
"2851","21204156404",12.3726959718351
"2852","21204156405",8.90280995366936
"2853","21204156406",896.426724582654
"2854","21204156407",275.008633831115
"2855","21204156409",599.127837488839
"2856","21204156412",227.437476843077
"2857","21204156413",1120.27444014574
"2858","21204156416",1725.01011119655
"2859","21204156419",1594.29807285909
"2860","21204156420",38.0028515655499
"2861","21204156502",64.297439669865
"2862","21204156518",464.929408585278
"2863","21204156526",982.628199219862
"2864","21205131903",257.303552314689
"2865","21205131916",1090.26178198317
"2866","21205131917",1045.53673479256
"2867","21205131918",101.422987106475
"2868","21205131919",1114.85953025201
"2869","21205131922",1105.25293818905
"2870","21205131923",416.176067464076
"2871","21205131925",261.472516914475
"2872","21205131926",1087.24065298823
"2873","21205131927",1157.05305593536
"2874","21205131928",281.02789579021
"2875","21205131934",45.5875974366821
"2876","21205131935",215.941680403226
"2877","21205131943",1127.6779416293
"2878","21205131944",497.142357622208
"2879","21205131945",1162.71771599343
"2880","21205131946",644.757565703403
"2881","21205131947",1176.99999999976
"2882","21205132111",49.3122804558994
"2883","21205132119",1.22885809366712
"2884","21205132120",45.7451246873519
"2885","21205132125",385.210253473425
"2886","21205132126",540.076198024376
"2887","21205132127",485.30598424816
"2888","21205132129",42.1697582469864
"2889","21205132150",596.000000000088
"2890","21205132204",689.235984975098
"2891","21205132207",619.747252940493
"2892","21205132208",53.219993047965
"2893","21205132209",777.306655905539
"2894","21205132210",282.199010994462
"2895","21205132211",362.164998407235
"2896","21205132212",1349.83056760102
"2897","21205132213",1173.93959103702
"2898","21205132215",313.497320416411
"2899","21205132216",595.99999999992
"2900","21205132217",339.306128856036
"2901","21205132218",853.798108598206
"2902","21205132220",1522.22141084147
"2903","21205132221",1287.07330326006
"2904","21205132222",925.955510334624
"2905","21205132223",59.6333887043467
"2906","21205132225",1176.99999999998
"2907","21205132229",603.387134968886
"2908","21205132248",994.008017999772
"2909","21205132253",595.999999999828
"2910","21205132254",595.999999999984
"2911","21205132303",1173.18890267723
"2912","21205132304",1177.00000000012
"2913","21205132305",1176.9999999999
"2914","21205132307",134.893519639661
"2915","21205132308",752.342149485434
"2916","21205132311",295.848108896149
"2917","21205132312",1214.15252513128
"2918","21205132313",1177.00000000002
"2919","21205132314",1176.99999999997
"2920","21205132315",640.361289890548
"2921","21205132316",143.06895389645
"2922","21205132321",278.468622075054
"2923","21205132322",302.625742769311
"2924","21205132324",596.19675816626
"2925","21205132326",4.43940843041878
"2926","21205132335",1134.20134429114
"2927","21205132336",1422.714896073
"2928","21205132403",46.5056215846521
"2929","21205132404",1158.41434655582
"2930","21205132406",1176.99999999987
"2931","21205132407",505.862305255466
"2932","21205132408",157.458676580405
"2933","21205132409",64.8838488302849
"2934","21205132414",243.163359089694
"2935","21205132417",1170.29481604559
"2936","21205132418",148.172231925587
"2937","21205132419",604.101432349456
"2938","21205132420",1176.99999999998
"2939","21205132421",1222.82349450534
"2940","21205132437",891.668789808969
"2941","21205132439",1125.05428988273
"2942","21205132440",351.02279506139
"2943","21205132602",1773.88238746336
"2944","21205132604",393.869969603453
"2945","21205132606",266.352963632909
"2946","21205132607",26.1969837145434
"2947","21205132613",1717.2007296688
"2948","21205132617",1141.11862052822
"2949","21205132618",1009.53600254092
"2950","21205132619",1773.91589774642
"2951","21205132620",1779.00000000013
"2952","21205132621",552.18477268612
"2953","21205132622",1152.01238485374
"2954","21205132625",1779.0000000002
"2955","21205132626",691.28495210785
"2956","21205132627",221.740767576256
"2957","21205132628",1779.00000000019
"2958","21205132632",196.815959503076
"2959","21205132634",1008.74889928751
"2960","21205132635",1773.99999999995
"2961","21205132640",1481.20319874657
"2962","21205132641",1588.56019980282
"2963","21205132642",1000.08358780535
"2964","21205132643",1260.16243203483
"2965","21205132644",1763.55661632874
"2966","21205132651",1774.0000000003
"2967","21205132655",1259.7303244845
"2968","21205132656",1778.99999999956
"2969","21205156802",1715.07433136129
"2970","21205156803",861.569974451248
"2971","21205156804",156.788878011973
"2972","21205156805",1410.39906942784
"2973","21205156806",340.959601164566
"2974","21205156807",416.053492291525
"2975","21205156808",1779.00000000008
"2976","21205156809",27.9872693109273
"2977","21205156810",190.292079825613
"2978","21205156811",1779.00000000017
"2979","21205156812",1779.00000000004
"2980","21205156814",192.699159016475
"2981","21205156816",1779.00000000015
"2982","21205156817",1705.02710304219
"2983","21205156818",1778.99999999963
"2984","21205156820",1779.00000000021
"2985","21205156821",0.0414550689540333
"2986","21205156822",1779.00000000006
"2987","21205156824",1668.73076217574
"2988","21205156825",1177.65867770578
"2989","21205156826",10.6673671393312
"2990","21205156827",1656.25141321169
"2991","21301132801",1273.65025913059
"2992","21301132806",186.693604475692
"2993","21301132807",1354.71488537045
"2994","21301132808",940.700391553612
"2995","21301132809",1003.00000000004
"2996","21301132810",796.574494375196
"2997","21301132811",1002.99999999985
"2998","21301132812",1003.00000000021
"2999","21301132813",216.83516221107
"3000","21301132814",586.850905725452
"3001","21301132815",778.915731562088
"3002","21301132918",0.198191705342722
"3003","21301132919",6.91716088308141
"3004","21301133104",245.775070906021
"3005","21301133209",321.946249267448
"3006","21301133221",682.029066881761
"3007","21301133223",1003.00000000011
"3008","21301133230",121.674044033982
"3009","21301133232",747.807997168809
"3010","21301133234",1.509194996145
"3011","21301133406",227.564991218745
"3012","21301133407",1002.99999999997
"3013","21301133408",1003.00000000014
"3014","21301133411",30.2864924219244
"3015","21301133414",922.378916573437
"3016","21301133415",1002.99999999998
"3017","21301133416",932.91414384742
"3018","21301133417",766.466527311211
"3019","21301133420",589.604239580331
"3020","21301133423",40.217342434676
"3021","21301133426",426.376158872267
"3022","21301133429",878.704449334591
"3023","21301133430",942.363516198072
"3024","21301133432",491.835557639584
"3025","21301133433",1003.00000000005
"3026","21301133434",751.962211422038
"3027","21301133437",180.033593357167
"3028","21301133438",573.075791594565
"3029","21301133439",868.027221898659
"3030","21301133441",48.8040299831917
"3031","21301133445",1003.00000000001
"3032","21301133502",312.914233777039
"3033","21301133503",1003.00000000006
"3034","21301133504",529.073667836435
"3035","21301133505",1002.99999999999
"3036","21301133506",81.7472985125573
"3037","21301133508",204.334821379713
"3038","21301133514",992.335890679193
"3039","21301133515",1002.99999999984
"3040","21301133516",324.723051286758
"3041","21301133517",901.925359700501
"3042","21301133518",4.39631473048479
"3043","21301133520",535.823738550648
"3044","21301133521",977.826366262153
"3045","21301133522",31.037844156727
"3046","21301133523",10.2351687042779
"3047","21301133524",974.471966029889
"3048","21301133525",833.161614817274
"3049","21301133526",998.261315843464
"3050","21301133527",140.460615393111
"3051","21301133528",1002.99999999998
"3052","21301133532",969.814478113032
"3053","21301133533",1003.00000000016
"3054","21301133534",1002.99999999997
"3055","21301133535",1003.00000000001
"3056","21301133537",729.661086377881
"3057","21301133601",1002.99999204131
"3058","21301133602",1107.45001784942
"3059","21301133607",531.309962263458
"3060","21301133609",642.341692013785
"3061","21301133610",1003.00000000009
"3062","21301133611",167.159586348062
"3063","21301133612",136.944591647622
"3064","21301133613",593.441587695109
"3065","21301133616",807.025529275489
"3066","21301133617",573.191695837324
"3067","21301133618",1003.00000000002
"3068","21301133619",640.114306577118
"3069","21301133709",573.348673054641
"3070","21301133712",575.386737077642
"3071","21301133718",16.8014558266318
"3072","21301133725",233.830459086094
"3073","21301133817",12.1432333060117
"3074","21301133820",241.890543005922
"3075","21301133821",19.9173778847105
"3076","21301133822",137.250130032574
"3077","21301133823",142.104074799599
"3078","21301133902",848.999999999933
"3079","21301133906",634.2524605682
"3080","21301133907",34.5173128628099
"3081","21301133908",750.549178126244
"3082","21301133912",848.999999999985
"3083","21301133913",813.94256010219
"3084","21301133918",364.4948332266
"3085","21301133919",244.329479460124
"3086","21301133920",848.999999999934
"3087","21301133921",849.000000000031
"3088","21301133926",631.94765476725
"3089","21301133927",28.9028521942366
"3090","21301134016",406.244251414854
"3091","21301134017",464.971133894378
"3092","21301134018",11.7884027217768
"3093","21301134025",0.00552950661490458
"3094","21301134036",584.47381166078
"3095","21301134039",848.997425556113
"3096","21301134041",4.2903074328831
"3097","21301134045",139.483331960782
"3098","21301134048",89.703354827203
"3099","21302134101",498.396289245496
"3100","21302134103",819.999999999939
"3101","21302134104",819.999999999973
"3102","21302134105",821.721831145877
"3103","21302134106",809.851886743136
"3104","21302134108",213.60861840396
"3105","21302134109",330.298814489831
"3106","21302134110",1029.81133211307
"3107","21302134111",1019.4512769643
"3108","21302134112",820.000000000058
"3109","21302134113",819.999999999973
"3110","21302134114",435.929132143383
"3111","21302134115",279.155569969414
"3112","21302134116",455.686660460947
"3113","21302134120",1340.63145386383
"3114","21302134124",11.8196713707703
"3115","21302134126",820.000000000105
"3116","21302134127",822.724605110049
"3117","21302134128",378.166971220652
"3118","21302134130",350.000625468106
"3119","21302134131",1556.28587152691
"3120","21302134132",440.937907353331
"3121","21302134133",535.012966173589
"3122","21302134134",1339.0915586453
"3123","21302134135",819.999999999978
"3124","21302134136",48.2635548025788
"3125","21302134137",820.000000000088
"3126","21302134138",819.999999999983
"3127","21302134139",820
"3128","21302134140",1605.36111576472
"3129","21302134141",1346.9530741013
"3130","21302134201",929.371739513142
"3131","21302134209",229.579133685327
"3132","21302134210",906.297214399195
"3133","21302134211",1372.54230350331
"3134","21302134212",577.871806456795
"3135","21302134213",1109.94341471193
"3136","21302134214",1183.99999999996
"3137","21302134215",910.262638612556
"3138","21302134225",592.777786674143
"3139","21302134228",63.4976451154785
"3140","21302134248",1098.0373770683
"3141","21302134401",2483.645179152
"3142","21302134402",1122.52415241568
"3143","21302134403",1176.55596445831
"3144","21302134409",2109.00000000006
"3145","21302134410",1272.80584038818
"3146","21302134411",356.215872925764
"3147","21302134412",2097.71429227457
"3148","21302134413",5.39410866062574
"3149","21302134414",1061.84328613764
"3150","21302134415",607.578290864865
"3151","21302134418",1172.68368482303
"3152","21302134419",2109.00000000002
"3153","21302134420",1826.87540046622
"3154","21302134421",2109.0000000003
"3155","21302134422",2104.62920937927
"3156","21302134427",3.71151357385472
"3157","21302134429",315.780117934256
"3158","21302134433",2108.99999999988
"3159","21302134434",1938.25467402073
"3160","21302134435",2108.99999999944
"3161","21302134436",1350.26311975249
"3162","21302134437",396.820734253959
"3163","21302134438",2109.00000000004
"3164","21302134439",693.116759691462
"3165","21302134440",1924.06633899679
"3166","21302134441",2081.07023538782
"3167","21302134442",1491.22176535024
"3168","21302134505",20.311284843372
"3169","21302134601",786.245311970708
"3170","21302134602",428.000000000053
"3171","21302134603",563.542485884846
"3172","21302134604",481.814718529151
"3173","21302134605",849.958453114543
"3174","21302134606",1083.42225750173
"3175","21302134607",787.848613455707
"3176","21302134608",11.0153775586025
"3177","21302134609",201.056543350094
"3178","21302134610",1187.56645904286
"3179","21302134611",1607.71735496169
"3180","21302134612",1674.36472306804
"3181","21302134613",1007.64025456763
"3182","21302134614",1524.66120761131
"3183","21302134615",1126.58128201347
"3184","21302134616",876.373452209713
"3185","21302134617",1092.99070143893
"3186","21302134618",60.1954596357379
"3187","21302134619",840.999999999974
"3188","21302134621",250.440654039191
"3189","21302134622",1089.14684983163
"3190","21302134623",1309.10418693333
"3191","21302134624",791.237149312936
"3192","21302134626",30.0711646175006
"3193","21302134627",762.235519234201
"3194","21302134628",538.850872314694
"3195","21302134631",841.000000000097
"3196","21302134632",1173.77160345234
"3197","21302134633",409.283900287705
"3198","21302134634",378.456810193093
"3199","21302134635",22.3258631268655
"3200","21303134701",779.84447088456
"3201","21303134711",41.5382904209309
"3202","21303134802",294.744978901868
"3203","21303134803",211.261644405061
"3204","21303134807",814.843504398021
"3205","21303134810",3094.60595639367
"3206","21303134811",3126.6248195459
"3207","21303134812",3011.0000000001
"3208","21303134813",3011.00000000004
"3209","21303134814",1345.08413763301
"3210","21303134815",1917.60054325707
"3211","21303134817",3011.00000000017
"3212","21303134820",605.474850374176
"3213","21303134822",1773.6739857356
"3214","21303134823",1875.83621593765
"3215","21303134824",881.210307731655
"3216","21303134825",345.411575632729
"3217","21303134826",2046.52949211856
"3218","21303134827",3156.40411991346
"3219","21303134830",1735.43097885417
"3220","21303134831",3948.99999999891
"3221","21303134833",3047.86052010118
"3222","21303134836",3348.7257159576
"3223","21303134837",4006.25074769035
"3224","21303134838",1195.55976399156
"3225","21303134839",3011.00000000035
"3226","21303134840",3010.99999999961
"3227","21303134841",943.998303030891
"3228","21303134842",4734.81496445491
"3229","21303134843",3010.99999999969
"3230","21303134844",1312.18833644465
"3231","21303134845",1893.06724448801
"3232","21303135001",3008.30044022828
"3233","21303135002",2378.30460997589
"3234","21303135003",2834.65846767659
"3235","21303135004",899.972066947831
"3236","21303135005",463.313968799214
"3237","21303135006",378.678782550213
"3238","21303135009",61.5264154109388
"3239","21303135010",321.280748765568
"3240","21303135011",1891.07147879651
"3241","21303135012",1490.0578583763
"3242","21303135013",1481.37845905228
"3243","21303135014",2112.18499199112
"3244","21303135015",2787.57890916845
"3245","21303135016",3092.85123024074
"3246","21303135017",2299.57282429764
"3247","21303135018",3448.05701156349
"3248","21303135019",2826.0902626285
"3249","21303135103",3.43211455164647
"3250","21303135104",56.261332582077
"3251","21303135106",566.536886423683
"3252","21303135107",338.474612837804
"3253","21303135108",938.000000000066
"3254","21303135110",412.127627811823
"3255","21303135111",277.424122043891
"3256","21303135112",938.000000000088
"3257","21303135113",938.00000000012
"3258","21303135114",168.384363029763
"3259","21303135117",938.000000000076
"3260","21303135118",757.696449629903
"3261","21303135119",937.999999999989
"3262","21303135120",937.999999999826
"3263","21303135121",767.174998744191
"3264","21303135122",512.062609774677
"3265","21303135123",773.876787767386
"3266","21303135124",41.3609721599039
"3267","21303135125",425.16680424226
"3268","21303135127",0.313308596188056
"3269","21303135201",2574.08457334942
"3270","21303135203",1049.47607500026
"3271","21303135204",2886.00000000018
"3272","21303135205",2299.48279626
"3273","21303135206",1443.00000000006
"3274","21303135207",1442.99999999998
"3275","21303135208",2886.00000000002
"3276","21303135209",1405.92039414529
"3277","21303135211",218.899549249431
"3278","21303135212",888.46048476253
"3279","21303135213",1443.00000000039
"3280","21303135214",1442.99999999991
"3281","21303135215",1811.44201923888
"3282","21303135216",1442.99999999995
"3283","21303135219",26.7641632879652
"3284","21303135225",573.53415983282
"3285","21303135226",1.03142924188031
"3286","21303135227",16.1262005726275
"3287","21303135228",1416.66484287623
"3288","21303135229",2196.93333214857
"3289","21303135231",2118.3179298808
"3290","21303135233",326.709681149825
"3291","21303135234",853.989710651815
"3292","21305136121",772.750265481267
"3293","21305136125",117.189480150722
"3294","21305136202",807.91024274317
"3295","21305136212",159.621676619085
"3296","21305136213",958.999999999848
"3297","21305136214",770.914954199708
"3298","21305136215",958.999999999883
"3299","21305136216",959.000000000008
"3300","21305136239",19.7497132816652
"3301","21305136245",193.911285475665
"3302","21305136301",1184.00000000013
"3303","21305136302",1479.49611823868
"3304","21305136303",1184.00000000001
"3305","21305136306",108.503084809555
"3306","21305136310",673.489965618553
"3307","21305136313",1279.99944978249
"3308","21305136315",803.44905296936
"3309","21305136318",10.6215525243132
"3310","21305136319",440.216743058046
"3311","21305136322",39.1172693253406
"3312","21305136323",1.27669646941965
"3313","21305136325",723.266499988141
"3314","21305136329",1036.62612109921
"3315","21305136804",10.1912083125781
"3316","21305136805",499.000000000011
"3317","21305136806",0.00118294740858914
"3318","21305136807",414.564613986302
"3319","21305136808",416.07131969647
"3320","21305136811",264.513521661716
"3321","21305136816",15.2268246531044
"3322","21305136817",132.978272010421
"3323","21305136821",26.9189119261366
"3324","21305136823",158.358299002248
"3325","21305136824",181.805597904599
"3326","21305136832",44.8006392704777
"3327","21305136841",1.284202313548
"3328","21305146703",35.3054211043601
"3329","21305146712",499.000000000007
"3330","21305146716",499.000000000015
"3331","21305146718",0.0168810636915801
"3332","21305146726",204.133963597918
"3333","21305146732",499.000000000028
"3334","21305146741",318.129892131054
"3335","21305146748",336.031248921802
"3336","21305146804",324.246383010927
"3337","21305146805",4.0573345237491
"3338","21305158002",295.226596583171
"3339","21305158008",73.030286529915
"3340","21305158013",302.097706527505
"3341","21305158014",127.420891013983
"3342","21305158030",811.551650379722
"3343","21401137101",18.0896304538258
"3344","21401137108",124.000000000007
"3345","21401137109",123.999999999998
"3346","21401137110",123.860717026738
"3347","21401137111",82.3066010817466
"3348","21401137112",21.4211117452707
"3349","21401137114",66.3443457566153
"3350","21401137116",9.55873973431511
"3351","21401137123",834.99999999996
"3352","21401137125",157.225966786028
"3353","21401137129",764.313845383144
"3354","21401137130",315.437489059925
"3355","21401137131",756.035577340721
"3356","21401137132",823.368846260704
"3357","21401137135",124.00000000001
"3358","21401137136",93.7415126574487
"3359","21401137138",3.08355506101818
"3360","21401137141",133.204924713375
"3361","21401137151",786.682782876101
"3362","21401137152",415.386885811499
"3363","21401137153",32.8377316956043
"3364","21401137155",240.863807988496
"3365","21401137205",28.2557371201634
"3366","21401137207",1.22282474285773
"3367","21401137209",116.536535543534
"3368","21401137211",789.96640929272
"3369","21401137214",57.1978034502454
"3370","21401137224",34.1795898657272
"3371","21401137225",51.5675934877987
"3372","21401137241",20.8193498498412
"3373","21401137342",7.92714323304458
"3374","21401137501",8.07678924001269
"3375","21401137505",346.863045130432
"3376","21401137506",390.649130142576
"3377","21401137507",1341.96198825418
"3378","21401137508",1454.99999999998
"3379","21401137509",131.599149654555
"3380","21401137511",13.3508054447894
"3381","21401137516",290.499247341315
"3382","21401137517",707.087466356127
"3383","21401137518",17.8119907658791
"3384","21401137519",265.460141614454
"3385","21401137520",1372.11810467143
"3386","21401137521",1448.75673748887
"3387","21401137522",1157.51733866664
"3388","21401137523",139.352147588058
"3389","21401137524",1455.00000000015
"3390","21401137532",168.238776630034
"3391","21401137533",591.909687153518
"3392","21401137534",1173.82985166449
"3393","21401137535",1295.32152710413
"3394","21401137536",1451.22534720044
"3395","21401137537",1454.99999999992
"3396","21401137538",1454.99999999988
"3397","21401137539",324.01619746782
"3398","21402137901",12.0637695986392
"3399","21402137902",45.3819580373655
"3400","21402137903",123.999392016644
"3401","21402137904",104.227834639169
"3402","21402137907",2.61196888651476
"3403","21402137912",86.7468394836224
"3404","21402137913",124.000000000005
"3405","21402137920",71.1918118668297
"3406","21402137921",112.537939173348
"3407","21402137922",63.7940799578023
"3408","21402137923",8.9853474283113
"3409","21402137924",124.000000000003
"3410","21402137925",65.7743346757144
"3411","21402137926",31.734246108567
"3412","21402137927",9.28696089552353
"3413","21402137929",45.9996685292551
"3414","21402137930",101.167646103258
"3415","21402137935",55.8787334666657
"3416","21402137936",29.4106602797695
"3417","21402137937",40.2756541372597
"3418","21402137940",14.2509092865386
"3419","21402137942",63.97477079584
"3420","21402137943",124.000000000001
"3421","21402137947",31.4797601941168
"3422","21402137948",124.000000000003
"3423","21402137949",6.80194491530962
"3424","21402137952",18.6354211092876
"3425","21402138503",81.061940957364
"3426","21402138504",63.7184465301102
"3427","21402138505",38.5610827939997
"3428","21402138506",3.32971612901824
"3429","21402138511",78.0707519910634
"3430","21402138513",24.0533630272157
"3431","21402138514",110.280910211224
"3432","21402138516",17.4734214510794
"3433","21402138517",16.6501353588318
"3434","21402138518",123.999999999996
"3435","21402138520",51.7045702882623
"3436","21402138524",124.000000000022
"3437","21402138525",10.7457213504146
"3438","21402138526",110.657952020342
"3439","21402138528",11.5049953845219
"3440","21402138529",10.9922527193253
"3441","21402138530",124.000000000012
"3442","21402138533",53.3057779277035
"3443","21402138535",12.460823376195
"3444","21402138536",25.1021389230864
"3445","21402138537",124.000000000002
"3446","21402138542",64.5129073628486
"3447","21402138543",124.000000000018
"3448","21402138545",11.4526473479552
