"","area_id","SI"
"1","20101100101",845.237724785825
"2","20101100102",865.422923582524
"3","20101100105",192.444913743342
"4","20101100106",690.81739451011
"5","20101100107",1306.93350854104
"6","20101100108",365.374452043367
"7","20101100109",1027.42335966676
"8","20101100110",468.402173784952
"9","20101100111",452.402718874409
"10","20101100112",595.59668055697
"11","20101100113",777.190772033687
"12","20101100114",585.750697356314
"13","20101100118",34.0995096795496
"14","20101100119",9.97911897034383
"15","20101100120",925.49739294089
"16","20101100121",0.960713337525418
"17","20101100124",481.345818131901
"18","20101100126",154.491465558093
"19","20101100128",136.309700103899
"20","20101100130",655.874682089767
"21","20101100131",39.6331108174298
"22","20101100132",49.4858875294999
"23","20101100134",265.065939155685
"24","20101100137",89.4277160395291
"25","20101100139",8.06485462490857
"26","20101100140",210.18849607994
"27","20101100141",1.89382825942448
"28","20101100202",382.112016817637
"29","20101100203",193.209350424299
"30","20101100204",611.060889928499
"31","20101100205",533.931942513463
"32","20101100206",623.884096312986
"33","20101100207",865.573989043287
"34","20101100208",795.253461048827
"35","20101100209",159.472444970507
"36","20101100210",189.787675134647
"37","20101100211",317.516889712198
"38","20101100212",1603.536247452
"39","20101100213",1525.80219904839
"40","20101100214",903.627513902184
"41","20101100215",1118.49349628835
"42","20101100216",666.943118461728
"43","20101100217",3289.22024471042
"44","20101100218",2539.17927633976
"45","20101100219",5315.28495468401
"46","20101100220",1141.02663173483
"47","20101100221",1884.0869189925
"48","20101100222",821.354541493498
"49","20101100223",1275.80811223891
"50","20101100224",1648.36725992454
"51","20101100225",938.405947154303
"52","20101100226",4562.91759645576
"53","20101100227",1652.92588710503
"54","20101100228",1135.87504005936
"55","20101100229",1467.42609034783
"56","20101100230",770.601788746873
"57","20101100231",1244.01627283165
"58","20101100232",1169.3012263409
"59","20101100233",1898.74372188259
"60","20101100234",4319.08152483361
"61","20101100501",326.43862436285
"62","20101100502",301.632933192933
"63","20101100504",511.48413381513
"64","20101100505",537.968381887628
"65","20101100506",93.7963818483927
"66","20101100507",422.322575813278
"67","20101100508",286.396756321916
"68","20101100509",339.763484475624
"69","20101100510",5.5720375531271
"70","20101100511",20.9140990105792
"71","20101100513",9.29842400913748
"72","20101100515",356.689448351023
"73","20101100516",546.786830228963
"74","20101100517",516.472526832774
"75","20101100519",917.029324338159
"76","20101100601",723.082842980552
"77","20101100602",592.652522648491
"78","20101100603",764.802674305664
"79","20101100604",1012.03367168887
"80","20101100610",830.222984670043
"81","20101100611",996.648367418022
"82","20101100612",708.92032387404
"83","20101100613",558.756675503294
"84","20101100614",171.502099331368
"85","20101100615",667.158690279485
"86","20101100616",119.343087339072
"87","20101100619",98.2370417916909
"88","20101100620",6.0541132439015
"89","20101100621",98.8447538449854
"90","20101100623",550.174507832299
"91","20101100624",56.2422233962122
"92","20101100625",6.05591751128248
"93","20101100626",441.796750162634
"94","20101100627",10.3977475880578
"95","20101100628",437.407220859763
"96","20101100629",627.175106790923
"97","20101100630",4.56388157642519
"98","20101100701",0.0903880855282793
"99","20101100703",0.14244478988982
"100","20101100705",0.0211340876278913
"101","20101100706",0.334423877339938
"102","20101100707",0.0248053640940105
"103","20101100801",681.965837854303
"104","20101100804",596.862246068544
"105","20101100805",1897.94639171324
"106","20101100806",514.12442489588
"107","20101100807",1424.17136782266
"108","20101100808",439.505036550712
"109","20101100809",1358.53520449437
"110","20101100810",340.78017319457
"111","20101100811",646.782363758176
"112","20101100812",761.380220387794
"113","20101100813",855.078507618954
"114","20101100814",527.066328832792
"115","20101100815",2034.06930487541
"116","20101100816",85.3168785705537
"117","20101100818",235.579052093776
"118","20101100820",503.861861396071
"119","20101100821",827.260102242478
"120","20101100822",1573.56783149961
"121","20101100823",254.690777718745
"122","20101100824",1923.98095092727
"123","20101100825",509.257596391002
"124","20101100826",1299.0732278733
"125","20101100827",579.31768771878
"126","20101100828",765.999255804081
"127","20101100829",894.260127714542
"128","20101100830",754.647679426733
"129","20101100831",427.177735602735
"130","20101100832",1316.68747321657
"131","20101100833",910.59398654766
"132","20101100834",1017.14715560611
"133","20101100835",257.86598416289
"134","20101100836",145.761416695657
"135","20101100837",32.3409119324685
"136","20101100838",5.65054354486808
"137","20101100840",36.2816786477188
"138","20101100841",75.3515739931353
"139","20101100842",0.237755806596
"140","20101100843",70.4909524929608
"141","20101100844",132.677623735936
"142","20101100845",11.0007281634391
"143","20101148101",488.38421220288
"144","20101148102",489.663581280657
"145","20101148103",1070.69501165912
"146","20101148104",628.537995158327
"147","20101148105",272.920089803974
"148","20101148106",518.276055846663
"149","20101148107",625.644737123914
"150","20101148108",949.027012443555
"151","20101148109",792.060178356185
"152","20101148110",365.157652210432
"153","20101148111",501.396444327061
"154","20101148112",74.6084247960367
"155","20101148113",552.948677880113
"156","20101148114",711.741371146729
"157","20101148115",500.866100371498
"158","20101148116",4127.40887590022
"159","20101148117",922.802978416101
"160","20101148118",1.29966868158667
"161","20101148119",409.928313580307
"162","20101148120",190.322890838542
"163","20101148121",920.747497449382
"164","20101148122",1083.87124494073
"165","20101148201",823.140717849526
"166","20101148202",207.452473863545
"167","20101148205",650.50431844137
"168","20101148206",519.039961158
"169","20101148207",560.267156249686
"170","20101148208",259.003890893064
"171","20101148209",105.396806332368
"172","20101148210",1378.8435121609
"173","20101148211",2402.09543376185
"174","20101148212",406.239411773711
"175","20101148213",545.559060923953
"176","20101148214",1068.98723492134
"177","20101148215",1242.94391665826
"178","20101148216",636.611470826963
"179","20101148217",4.34690638898516
"180","20101148218",104.200144285062
"181","20101148219",262.807251480638
"182","20101148220",244.15875724589
"183","20101148221",2.59277339748221
"184","20101148222",1295.44973922156
"185","20101148223",292.634728891597
"186","20101148224",1277.65047805225
"187","20101148225",270.768741479097
"188","20101148226",593.351620926895
"189","20101148227",629.640888988349
"190","20101148228",862.626586548289
"191","20101148229",234.260734087618
"192","20101148230",362.312710552203
"193","20101148301",34.7199831648685
"194","20101148302",727.687823731235
"195","20101148303",41.9092815925971
"196","20101148304",177.818972834188
"197","20101148305",370.002862512865
"198","20101148306",164.572042542959
"199","20101148307",820.933627350912
"200","20101148308",204.774798178923
"201","20101148309",774.831091956275
"202","20101148310",1208.01165837532
"203","20101148311",16.3095975379745
"204","20101148312",441.128714726195
"205","20101148313",262.559207575363
"206","20101148314",720.440819138891
"207","20101148315",299.198510606911
"208","20101148316",339.895233864758
"209","20101148317",437.687551231583
"210","20101148318",982.993636152762
"211","20101148320",8.03816217016458
"212","20101148321",717.152236182183
"213","20101148322",391.06080467249
"214","20101148323",1946.70471584825
"215","20101148324",946.408400531203
"216","20101148325",667.872107606417
"217","20101148326",304.68599036208
"218","20101148401",1233.79620205276
"219","20101148402",853.606122224077
"220","20101148403",706.089423573988
"221","20101148404",788.768842807127
"222","20101148405",998.286388089325
"223","20101148406",72.0307944931603
"224","20101148407",90.4504523341025
"225","20101148408",907.697587319633
"226","20101148409",415.494365305378
"227","20101148410",215.25936298768
"228","20101148411",523.365500574646
"229","20101148413",604.952025303696
"230","20101148414",582.88337161454
"231","20101148415",477.845598302859
"232","20101148416",228.872313159859
"233","20101148417",453.719279049711
"234","20101148418",304.867985121147
"235","20101148419",405.973198488525
"236","20101148420",791.579837335503
"237","20101148421",804.894069441759
"238","20101148422",425.229027571756
"239","20101148423",820.622276481
"240","20101148424",1018.49502758107
"241","20101148425",395.327560446299
"242","20101148426",952.960360937784
"243","20101148427",916.570455035695
"244","20101148428",840.27805879515
"245","20102100906",0.0168169210264501
"246","20102100913",3.29302913454844
"247","20102100914",6.81394802582289
"248","20102100915",8.09554903039174
"249","20102100916",5.60768173227516
"250","20102100917",0.215634983714378
"251","20102101001",4.95929129372023
"252","20102101002",36.4408460022041
"253","20102101003",479.767219715371
"254","20102101004",97.0483865829812
"255","20102101005",558.6974203654
"256","20102101006",67.6909572045144
"257","20102101007",3.98858643371272
"258","20102101010",0.837935325306221
"259","20102101011",0.0070329286463385
"260","20102101012",5.91058567377618
"261","20102101013",1.09960963721204
"262","20102101015",0.0817013296843966
"263","20102101017",3.98949533422006
"264","20102101021",209.700285306539
"265","20102101023",55.7537273703939
"266","20102101025",29.8282124988318
"267","20102101102",0.220114084712104
"268","20102101103",0.111622700061328
"269","20102101104",0.175032617013404
"270","20102101106",3.79118242663687
"271","20102101108",49.2527565217281
"272","20102101109",1.9349689499017
"273","20102101112",1.4386338853926
"274","20102101113",19.8218033844202
"275","20102101114",10.2910495283701
"276","20102101116",24.1991779848612
"277","20102101117",0.00150119147146975
"278","20102101118",2.6549624946687
"279","20102101120",0.102531778110939
"280","20102101121",0.187892999335812
"281","20102101123",0.488945762103482
"282","20102101208",0.130751644251585
"283","20102101209",0.121022848184603
"284","20102101210",0.0687309535181218
"285","20102101213",0.0551299211072475
"286","20102101214",7.73859100063074
"287","20102101215",2.24309499874288
"288","20102101216",0.0750212140489595
"289","20102101217",0.251704686021963
"290","20103101301",2.79459133798533
"291","20103101302",0.615755068140007
"292","20103101303",0.00478300404611412
"293","20103101304",0.0293913022745202
"294","20103101306",0.750483213154313
"295","20103101307",0.0263120949120333
"296","20103101308",0.00992530150020213
"297","20103101309",0.0141896414967606
"298","20103101310",0.00445177939617919
"299","20103101401",0.20986686197678
"300","20103101402",1.17451579701109
"301","20103101407",0.326724360588536
"302","20103101409",0.0101686824568643
"303","20103101411",0.00127581212234291
"304","20103101412",0.259083349495424
"305","20103101501",0.0435284093841518
"306","20103101502",0.0196633811213214
"307","20103101503",0.00143939414371339
"308","20103101507",0.501827314328916
"309","20103101509",0.522318426845772
"310","20103101601",142.201839736889
"311","20103101602",338.600597148192
"312","20103101603",494.223462687132
"313","20103101604",229.098467022874
"314","20103101605",152.726286418921
"315","20103101606",196.028004171905
"316","20103101607",109.442190222338
"317","20103101608",62.2075609168023
"318","20103101609",187.229372751105
"319","20103101610",423.153777897802
"320","20103101612",123.165068386919
"321","20103101613",227.6963737364
"322","20103101614",96.3211428880103
"323","20103101615",330.553227103471
"324","20103101616",230.972035737899
"325","20103101617",362.496506859388
"326","20103101618",590.065364761545
"327","20103101619",122.615419644794
"328","20103101620",167.083053532845
"329","20103101621",2.77390305083321
"330","20103101622",5.48711581864151
"331","20103101623",3.22105650790871
"332","20103101702",0.0468241155270403
"333","20103101703",1.22338150033651
"334","20103101706",0.0773672210547392
"335","20103101707",0.0429742925112683
"336","20103101708",3.26381153619985
"337","20103101709",0.204535967177771
"338","20103101711",0.000423622422572457
"339","20201101801",501.043728770056
"340","20201101802",1020.82214594809
"341","20201101803",897.274606607924
"342","20201101804",453.259271577591
"343","20201101806",257.033752817962
"344","20201101807",251.110106000143
"345","20201101809",2501.3846111404
"346","20201101810",2239.31475042779
"347","20201101811",722.54007847296
"348","20201101812",429.361510924404
"349","20201101813",358.05264787968
"350","20201101814",591.800221513686
"351","20201101815",699.863891899846
"352","20201101816",3220.80590088732
"353","20201101817",610.524446152429
"354","20201101818",779.764364919914
"355","20201101819",568.712253629593
"356","20201101820",1650.19046796409
"357","20201101821",2689.03373550968
"358","20201101822",2386.35171769346
"359","20201101823",73.8088977493171
"360","20201101824",1114.55811097256
"361","20201101825",1076.05295700013
"362","20201101826",1217.15555953966
"363","20201101827",700.693903674085
"364","20201101828",472.969475259136
"365","20201101829",782.895182378104
"366","20201101830",438.904845249775
"367","20201101831",915.019624405052
"368","20201101832",322.986854167895
"369","20201101833",684.531623330304
"370","20201101834",2909.96929699355
"371","20201101835",2784.63373846834
"372","20201101836",251.431230424922
"373","20201101837",451.022505882664
"374","20201101838",531.060421361325
"375","20201101839",222.191092285752
"376","20201101903",1437.7568773091
"377","20201101904",921.123097184425
"378","20201101905",1124.2411376925
"379","20201101906",1.00453825821996
"380","20201101908",1131.91352558199
"381","20201101909",806.846474613411
"382","20201101910",254.733193841009
"383","20201101911",193.191959744486
"384","20201101913",32.9800093890048
"385","20201101914",568.703590093296
"386","20201101915",1.7578905922902
"387","20201101916",510.136083182414
"388","20201101917",1118.94041307277
"389","20201101918",14.750134184686
"390","20201101921",190.321617976466
"391","20201101922",319.548246347819
"392","20201101923",304.393187563542
"393","20201101924",1034.75279068539
"394","20201101925",94.6103476379546
"395","20201101926",211.87167903617
"396","20201101927",559.444033069748
"397","20201101928",161.745092166466
"398","20201101929",448.114315061913
"399","20201101930",34.9649212431881
"400","20201101931",62.4812721237412
"401","20201101932",218.537500042766
"402","20201101933",1039.86015039709
"403","20201102001",393.23350683304
"404","20201102002",743.622987557455
"405","20201102003",327.600092202338
"406","20201102004",392.439232946215
"407","20201102005",587.194477640499
"408","20201102006",217.138803173316
"409","20201102007",463.207503447166
"410","20201102008",216.205927474912
"411","20201102009",32.4968384424643
"412","20201102010",358.997463229736
"413","20201102011",393.862462365547
"414","20201102012",936.216083392454
"415","20201102013",566.143205172842
"416","20201102014",400.461432951297
"417","20201102015",1162.5709399507
"418","20201102016",745.670088935833
"419","20201102017",474.840021130557
"420","20201102018",350.833795359052
"421","20201102019",431.826534245211
"422","20201102020",148.823601436553
"423","20201102021",171.702942856418
"424","20201102022",427.296544858035
"425","20201102023",1102.62793773514
"426","20201102024",608.279466861984
"427","20201102025",441.722567560372
"428","20201102026",858.982783700922
"429","20201102027",585.353443423511
"430","20201102028",355.54821745964
"431","20201102029",765.728359315312
"432","20201102030",1121.10971082868
"433","20201102031",729.230403422247
"434","20201102032",948.243325601169
"435","20201102033",749.614131510594
"436","20201102034",5.66250454559361
"437","20201102035",790.160899103345
"438","20201102036",40.2046230521584
"439","20201102037",154.97779288677
"440","20201102038",721.254404165025
"441","20201102039",3.07960126696513
"442","20201102101",26.151966162799
"443","20201102102",849.797596227634
"444","20201102103",1105.70265143601
"445","20201102104",1355.44221893645
"446","20201102105",597.435187885204
"447","20201102106",790.892682840695
"448","20201102107",191.222727315273
"449","20201102108",533.321211382983
"450","20201102109",409.082465838833
"451","20201102110",211.028343796784
"452","20201102111",676.033392616765
"453","20201102112",615.86117281662
"454","20201102113",115.459582818618
"455","20201102114",540.9448068894
"456","20201102115",169.065688110161
"457","20201102116",181.886133269677
"458","20201102117",492.218919261984
"459","20201102118",901.215269357503
"460","20201102119",866.994379188579
"461","20201102120",1808.73445784093
"462","20201102121",1522.89971686106
"463","20201102122",10.3002548084079
"464","20201102124",27.3916892496741
"465","20201102125",570.193862962625
"466","20201102126",308.14189562331
"467","20201102127",30.4134919187903
"468","20201102201",514.908072772076
"469","20201102202",817.237472015875
"470","20201102203",1193.83429668012
"471","20201102204",15.3479376570418
"472","20201102206",1236.61596675264
"473","20201102208",1113.55577373172
"474","20201102209",836.494507364418
"475","20201102210",57.7060397418984
"476","20201102211",720.335313879326
"477","20201102212",1101.30819567312
"478","20201102213",1711.16718726755
"479","20201102214",991.445975278963
"480","20201102215",1138.75070551078
"481","20201102216",195.337149043726
"482","20201102217",811.226609090553
"483","20201102218",1222.87948771551
"484","20201102219",1114.02578098423
"485","20201102220",1057.48750976532
"486","20201102221",969.463581377937
"487","20201102222",119.896556969654
"488","20201102223",60.6380126518756
"489","20201102224",484.250581139695
"490","20201102225",434.678471903967
"491","20201102226",498.988582671603
"492","20201102227",564.366958843998
"493","20201102228",450.721865512801
"494","20201102229",116.378284027273
"495","20201102230",1136.60582109048
"496","20201102231",575.426496172072
"497","20201102232",414.622025436026
"498","20201102233",132.390406401524
"499","20201102234",18.0615850613426
"500","20201102235",5.42692483493867
"501","20201102236",578.9242287209
"502","20201102237",482.77273217231
"503","20201102238",132.690300781308
"504","20201102239",846.31016536982
"505","20201102240",151.69737797728
"506","20201102241",453.12140070104
"507","20201102242",1174.21627276196
"508","20201102243",1235.96965718155
"509","20201102244",1432.12392860233
"510","20201102245",290.434894259839
"511","20201102301",39.7257815047188
"512","20201102302",53.0057028053798
"513","20201102305",80.5746012607072
"514","20201102306",8.70480115541728
"515","20201102307",9.42325044385841
"516","20201102308",47.7922226702566
"517","20201102309",165.47371172081
"518","20201102310",302.515458251318
"519","20201102311",272.361580716298
"520","20201102312",538.914900017669
"521","20201102402",14.1994755086157
"522","20201102403",2.49689133220513
"523","20201102405",440.261137322839
"524","20201102407",803.894760242915
"525","20201102408",610.845717558466
"526","20201102409",483.178829489062
"527","20201102410",2.75329637887288
"528","20201102411",7.17161906546088
"529","20201102412",38.2902755724017
"530","20201102413",57.9156401760418
"531","20201102415",0.425615852972335
"532","20201102417",4.84461275802886
"533","20201102418",617.299638101734
"534","20201102419",44.2955688981961
"535","20201102421",466.76327207593
"536","20201102422",30.029627294129
"537","20201102423",116.144139700021
"538","20201102424",45.4026494534329
"539","20201102425",111.201106711161
"540","20201102426",170.804477602362
"541","20201102427",25.7026704443789
"542","20201102428",9.48089494732016
"543","20201102501",501.640920953164
"544","20201102502",345.508107779146
"545","20201102503",180.420877808927
"546","20201102504",886.121294114421
"547","20201102505",825.019989737756
"548","20201102506",739.47910067697
"549","20201102509",117.54366357986
"550","20201102510",373.605939499332
"551","20201102511",398.56824176725
"552","20201102512",36.7915372565349
"553","20201102514",844.156274890715
"554","20201102515",7.96122981212612
"555","20201102517",162.133768828216
"556","20201102519",419.61161935495
"557","20201102520",175.033799838161
"558","20201102521",351.454708249501
"559","20201102522",272.678211261835
"560","20201102523",199.454238372459
"561","20201102524",140.304937153492
"562","20201102525",842.987721229325
"563","20201102526",136.245965646281
"564","20201102527",88.5963468472255
"565","20201102528",457.611910413822
"566","20201102529",12.4974567589007
"567","20201102530",113.105204009022
"568","20201102531",33.6342089585797
"569","20201102532",547.619269856768
"570","20201102533",130.607144729562
"571","20202102608",0.37771662758383
"572","20202102701",77.0655126848892
"573","20202102702",2.97245741592208
"574","20202102703",6.71482207254178
"575","20202102704",74.1709002045345
"576","20202102705",70.952716697796
"577","20202102706",0.610358497093643
"578","20202102707",4.13333978465031
"579","20202102708",8.66777540748356
"580","20202102709",10.4495357199032
"581","20202102710",0.0462862501665251
"582","20202102711",43.5285880834367
"583","20202102712",0.32260195379054
"584","20202102713",36.4931947076633
"585","20202102714",106.955160675453
"586","20202102715",67.182456206219
"587","20202102716",224.067709089602
"588","20202102717",116.510438927496
"589","20202102718",13.0186933891237
"590","20202102719",58.1541677607989
"591","20202102720",58.2337323993245
"592","20202102721",11.1816215779516
"593","20202102722",74.7169568204874
"594","20202102723",35.7730614133913
"595","20202102724",9.94658798235355
"596","20202102725",53.3141998449979
"597","20202102726",7.75559277472123
"598","20202102727",7.07128202575125
"599","20202102801",9.18294663935382
"600","20202102803",0.00755054675557104
"601","20202102808",0.295647224594001
"602","20202102809",0.0233140476082494
"603","20202102810",9.43578578461918
"604","20202102815",0.696177362809641
"605","20202102817",0.270829225291465
"606","20202102818",8.13941040535787
"607","20202102819",14.4343376115093
"608","20202102820",0.145383404938848
"609","20202102821",7.37551329403434
"610","20202102823",1.93192265567068
"611","20202102824",0.424594901701016
"612","20202102826",0.338859067804673
"613","20202102901",33.5575817668891
"614","20202102902",3.43489225718889
"615","20202102903",18.2717732927902
"616","20202102905",0.144742536733375
"617","20202102907",0.0193059769235567
"618","20202102908",0.0558035485711054
"619","20202102910",32.21392257527
"620","20202102911",0.0278999029345826
"621","20202102912",21.319702822861
"622","20202102913",0.221110181078589
"623","20202103001",1.37419014893037
"624","20202103002",0.321694000920943
"625","20202103003",2.73883675834147
"626","20202103004",0.214588191169932
"627","20202103005",0.00677382777608413
"628","20202103009",6.09470001987623
"629","20202103010",0.204846513691947
"630","20202103011",0.373289749685343
"631","20202103012",59.4372253825128
"632","20202103013",302.128076240627
"633","20202103014",170.244567576426
"634","20202103015",470.006507188117
"635","20202103016",314.163765823831
"636","20202103018",196.528427171206
"637","20202103019",150.041580303612
"638","20202103020",135.234495170506
"639","20202103021",85.7741160398393
"640","20202103022",32.6651379539054
"641","20202103023",76.9060325225911
"642","20202103025",0.00379694651377557
"643","20202103101",0.00716372288079332
"644","20202103107",0.287201937131663
"645","20202103114",0.210037077003374
"646","20202103115",3.16547539192113
"647","20202103116",1.86246244243967e-06
"648","20203103201",0.865499540112602
"649","20203103203",4.69028594780274
"650","20203103205",0.0165422613991189
"651","20203103211",0.0339470724382095
"652","20203103212",0.00630986991399769
"653","20203103301",0.379424098259326
"654","20203103302",0.38485671801635
"655","20203103303",0.000182953289403883
"656","20203103307",1.25134721365889e-05
"657","20203103309",7.08596047150067e-05
"658","20203103310",0.00391379643967424
"659","20203103311",0.00242913186946736
"660","20203103313",0.00102087667441078
"661","20203103314",1.4677319476979
"662","20203103315",0.76744100284952
"663","20203103318",0.134332126307118
"664","20203103321",0.499975157935521
"665","20203103322",0.239543486854966
"666","20301103403",0.15428472655536
"667","20301103408",2.47610638043455
"668","20301103413",1.24591567643588
"669","20301103414",0.110633677757055
"670","20301103415",0.400630118169132
"671","20301103416",0.0843873973892999
"672","20301103417",0.822783107586041
"673","20301103504",0.0784405104954392
"674","20301103505",0.175774178592215
"675","20301103512",0.0120441430496474
"676","20301103513",0.00265984920972792
"677","20302103701",465.916504558814
"678","20302103702",636.779472266674
"679","20302103703",867.951038969093
"680","20302103704",534.552576580235
"681","20302103705",410.449301109286
"682","20302103706",871.466711759219
"683","20302103707",624.770823045214
"684","20302103708",231.845599519177
"685","20302103709",1262.82732067105
"686","20302103710",2131.5820352779
"687","20302103711",1598.97958269379
"688","20302103712",991.530785380491
"689","20302103713",741.769071223194
"690","20302103714",756.491302049283
"691","20302103715",1.05058202488965
"692","20302103716",762.936810827512
"693","20302103717",393.133158521116
"694","20302103718",833.215933086547
"695","20302103719",821.824849750975
"696","20302103720",1117.23700004173
"697","20302103721",242.963791078174
"698","20302103722",746.415698910219
"699","20302103723",853.471520452878
"700","20302103724",1300.35191362313
"701","20302103725",1544.18149282109
"702","20302103726",2476.45968875453
"703","20302103727",2036.06402209784
"704","20302103728",687.044040397584
"705","20302103729",1560.3153826857
"706","20302103730",378.133057278392
"707","20302103731",1798.34436034452
"708","20302103732",504.612505995524
"709","20302103904",5713.33862808715
"710","20302103905",1864.9435423437
"711","20302103906",1988.69231723312
"712","20302103907",1363.99299090263
"713","20302103908",4388.88278024139
"714","20302103909",2105.92144265245
"715","20302103910",3262.01853168333
"716","20302103911",4244.17279488115
"717","20302103912",526.485055756744
"718","20302103913",2463.89225077135
"719","20302103914",1349.15156840157
"720","20302103915",331.482021742927
"721","20302103916",1593.44065348455
"722","20302103917",1209.72954758719
"723","20302103918",1571.38105750416
"724","20302103919",2029.81246412279
"725","20302103920",2485.28964634351
"726","20302103921",2277.04504443696
"727","20302103922",3032.98363016074
"728","20302103923",1651.17446303175
"729","20302103924",2554.9565981241
"730","20302103925",1035.24834549709
"731","20302103927",1640.71588697056
"732","20302103928",881.388466779412
"733","20302103929",1177.39309765131
"734","20302103930",1477.63641477066
"735","20302103931",1581.55296926582
"736","20302103932",2041.49254075353
"737","20302103933",2481.7566970904
"738","20302103934",3162.0436740725
"739","20302103935",2951.46465158027
"740","20302103936",237.501407435948
"741","20302103937",6158.18099515901
"742","20302103938",6635.06752974656
"743","20302103939",4222.33720381935
"744","20302104001",1271.30190581544
"745","20302104002",1662.48981437186
"746","20302104003",1969.49219984583
"747","20302104004",1281.55584536978
"748","20302104005",2362.4324707504
"749","20302104006",1923.34258346838
"750","20302104007",765.980880617762
"751","20302104008",3170.54732971918
"752","20302104009",2127.68495697385
"753","20302104010",2745.1056130699
"754","20302104011",1352.82062449899
"755","20302104012",1714.90019244967
"756","20302104013",1308.4466611753
"757","20302104014",1073.66691843719
"758","20302104015",1146.24593512795
"759","20302104016",2186.01748873823
"760","20302104017",2019.99739584734
"761","20302104018",5587.41485790104
"762","20302104019",2496.98505383625
"763","20302104020",2679.73430374191
"764","20302104021",5042.56416217723
"765","20302104022",4261.35929647678
"766","20302104023",3446.11302851943
"767","20302104024",2164.07376113276
"768","20302104025",2684.21217303627
"769","20302104026",667.67813926979
"770","20302104027",465.216313896376
"771","20302104028",905.861679312222
"772","20302104029",1449.17835091
"773","20302104030",1668.05863939908
"774","20302104031",1166.64229143456
"775","20302104032",1070.23655222328
"776","20302104033",755.715639508814
"777","20302104034",1038.00059540331
"778","20302104035",777.688918051923
"779","20302104036",483.899239503306
"780","20302104038",1270.99607714608
"781","20302104039",1451.813772827
"782","20302104040",592.219041383926
"783","20302104041",700.333916229628
"784","20302104042",1945.12582745678
"785","20302104043",1131.05798648614
"786","20302104044",1178.97435684057
"787","20302104045",1546.92755488734
"788","20302104046",1790.1230531093
"789","20302104047",1572.89010087584
"790","20302104048",2296.00901684084
"791","20302104049",444.078076687013
"792","20302104050",1109.79601197859
"793","20302104051",9.22961472351979
"794","20302104052",15.9088897819741
"795","20302104053",328.078190956197
"796","20302104201",660.515098312536
"797","20302104202",14.3205505788548
"798","20302104203",271.160479897738
"799","20302104204",231.608678682133
"800","20302104205",684.743763670046
"801","20302104206",145.26433559676
"802","20302104208",818.684523447157
"803","20302104209",838.189098012568
"804","20302104210",332.42550414013
"805","20302104211",407.226487628349
"806","20302104212",872.781135004046
"807","20302104213",454.747343425072
"808","20302104215",813.841356011161
"809","20302104216",506.072684619885
"810","20302104217",907.427969568786
"811","20302104218",966.265374514177
"812","20302104219",1084.96772590353
"813","20302104220",64.831839428322
"814","20302104221",36.3837660600168
"815","20302104222",20.5996151901615
"816","20302104223",454.217754266595
"817","20302104224",365.715132755451
"818","20302104225",421.966607092671
"819","20302104228",560.286382513734
"820","20302104229",454.505806412573
"821","20302104230",528.001708907444
"822","20302104232",1276.83840533272
"823","20302104233",1000.33578014878
"824","20302104235",661.237759877842
"825","20302104236",845.653213182836
"826","20302104237",484.277541749996
"827","20302104238",1139.91298307331
"828","20302104239",1206.43037210599
"829","20302104240",744.357070335003
"830","20302104242",897.247047742504
"831","20302104243",422.663602798192
"832","20302104244",140.043664356224
"833","20302104246",183.377502186041
"834","20302104247",340.28116964608
"835","20302104248",413.351735189224
"836","20302104249",1383.21165203179
"837","20302104250",72.0765750961467
"838","20302104251",413.217252925552
"839","20302104252",729.223437526458
"840","20302104253",148.707567817008
"841","20302104254",351.98813384963
"842","20302104255",667.381394065918
"843","20302104256",691.335336187156
"844","20302104257",687.871808947698
"845","20302104258",775.571771156741
"846","20302104259",607.717555801697
"847","20302104260",136.447627859977
"848","20302104262",374.834719209175
"849","20302104301",349.428874940561
"850","20302104302",588.740051049561
"851","20302104310",957.351436386631
"852","20302104311",2.89837505821425
"853","20302104312",237.913878705283
"854","20302104313",923.698336878394
"855","20302104314",719.247870281423
"856","20302104315",600.365517281727
"857","20302104316",581.790370870171
"858","20302104318",248.035894428104
"859","20302104319",3.32864288013322
"860","20302104321",128.487539057472
"861","20302104322",252.912234633447
"862","20302104324",833.290569390819
"863","20302104325",0.00071433838226188
"864","20302104326",160.647466712677
"865","20302104327",529.428033400371
"866","20302104329",578.706572367343
"867","20302104330",881.363150215503
"868","20302104331",515.518524231669
"869","20302104333",1000.57234527785
"870","20302104334",179.657058831059
"871","20302104335",759.178104838329
"872","20302104337",664.675529319361
"873","20302104338",474.526113046786
"874","20302104340",53.3911276665775
"875","20302104341",834.088978882878
"876","20302104344",125.353885130558
"877","20302104345",115.390102021455
"878","20302104346",330.208339556203
"879","20302104348",42.6452670083401
"880","20302104349",458.715261958575
"881","20302104350",655.140171743151
"882","20302104351",52.0053146623857
"883","20302104352",187.438962819089
"884","20302104353",458.726891307608
"885","20302104354",628.534072432118
"886","20302104355",463.107258285165
"887","20302104356",410.122919388172
"888","20302104401",1090.99123198497
"889","20302104402",1306.23547161309
"890","20302104403",963.449330468412
"891","20302104404",960.445851783755
"892","20302104405",511.617366671246
"893","20302104406",177.987928100459
"894","20302104407",844.699814163607
"895","20302104408",868.895208408012
"896","20302104409",578.889702793708
"897","20302104410",874.819642388358
"898","20302104411",322.230027777003
"899","20302104412",594.774897631042
"900","20302104413",837.482691991119
"901","20302104414",931.929269697366
"902","20302104415",68.5615932804974
"903","20302104416",214.762457803676
"904","20302104417",848.632389573619
"905","20302104418",624.192618122859
"906","20302104420",976.447028975395
"907","20302104422",496.493733603947
"908","20302104423",777.839511537715
"909","20302104424",28.4983705337502
"910","20302104425",728.245369008318
"911","20302104426",470.532951682411
"912","20302104427",502.046962460274
"913","20302104428",199.537101568945
"914","20302104429",78.5049259074382
"915","20302104501",2288.98334800128
"916","20302104502",1228.0970660829
"917","20302104503",1273.31460898154
"918","20302104504",1993.12005802644
"919","20302104505",1133.83014265798
"920","20302104506",1432.07401288931
"921","20302104507",996.69617578523
"922","20302104508",965.592018700495
"923","20302104509",1456.23405262863
"924","20302104510",83.977377948687
"925","20302104511",668.190189164499
"926","20302104512",1772.32000097768
"927","20302104513",1678.03215744186
"928","20302104514",2011.91751210622
"929","20302104515",1253.74174672051
"930","20302104516",1165.11821715184
"931","20302104517",540.484583305616
"932","20302104518",1461.50206323826
"933","20302104519",399.931329313589
"934","20302104520",1075.06427306977
"935","20302104521",1110.06581487488
"936","20302104522",136.079543076792
"937","20302104523",667.162237798617
"938","20302104524",963.737662962079
"939","20302104525",1076.39844411658
"940","20302104526",743.333554843888
"941","20302104527",1215.89314876125
"942","20302104528",2026.94476039634
"943","20302104530",1373.75331648876
"944","20302104531",1554.26619846335
"945","20302104532",625.946852005986
"946","20302104533",1084.38121437174
"947","20302104534",1297.9065464676
"948","20302104535",1923.34927483738
"949","20302104536",201.286740318357
"950","20302104537",59.7414604929748
"951","20302104601",525.294352005163
"952","20302104602",665.213786162127
"953","20302104603",1067.42613543178
"954","20302104604",816.133980685992
"955","20302104605",277.509993906027
"956","20302104606",790.112499317723
"957","20302104607",376.129504854925
"958","20302104608",3318.00711257589
"959","20302104609",330.332629099187
"960","20302104610",851.278972616547
"961","20302104611",356.872677668481
"962","20302104612",1364.65579739742
"963","20302104613",710.490150916682
"964","20302104614",258.909125615851
"965","20302104615",1557.71370459089
"966","20302104616",1310.98771287436
"967","20302104617",408.94856009703
"968","20302104618",955.780092915766
"969","20302104619",174.004067656873
"970","20302104620",324.253986686641
"971","20302104621",1577.24325168139
"972","20302104622",1577.4455806345
"973","20302104623",1446.13660405514
"974","20302104624",700.480834877154
"975","20302104625",685.017890982231
"976","20302104701",604.478336265129
"977","20302104702",840.409177898451
"978","20302104703",1540.43556822123
"979","20302104704",930.512912588708
"980","20302104705",2263.38199711274
"981","20302104706",745.213387241468
"982","20302104707",1810.85905292718
"983","20302104708",916.39937018993
"984","20302104709",685.706832466478
"985","20302104710",528.402133209677
"986","20302104711",1326.90953003061
"987","20302104712",1818.87159734389
"988","20302104713",517.730048256041
"989","20302104714",1230.13517388811
"990","20302104716",112.97066207462
"991","20302104717",892.228064660312
"992","20302104718",1663.71446213439
"993","20302104719",2472.0294546953
"994","20302104720",2130.90508661745
"995","20302104721",2361.39714643406
"996","20302104722",1784.80335066402
"997","20302104724",1632.75744536606
"998","20302104725",824.679622199689
"999","20302104726",1977.76732419304
"1000","20302104727",530.89005671688
"1001","20302104728",219.707124688302
"1002","20302104729",1370.71617201389
"1003","20302104730",547.147887801406
"1004","20302104731",708.720066438196
"1005","20302104732",415.635369473257
"1006","20302104733",0.661609203614365
"1007","20302104734",1484.74041772986
"1008","20302104736",58.4834119468139
"1009","20302104737",1193.77922656957
"1010","20302104738",1238.26834036664
"1011","20302104739",777.863237733567
"1012","20302104740",1151.32523290061
"1013","20302104741",1159.9018227784
"1014","20302104742",1048.38457206639
"1015","20302104743",1652.27866099824
"1016","20302104744",2168.63764051761
"1017","20302148501",82.8296263585202
"1018","20302148503",147.450109369581
"1019","20302148505",14.6297398356051
"1020","20302148506",199.232245196675
"1021","20302148507",200.266952228074
"1022","20302148508",1324.70439897352
"1023","20302148509",337.49011828125
"1024","20302148512",39.9889837884648
"1025","20302148513",769.895180658079
"1026","20302148514",615.537823629913
"1027","20302148515",109.040672007694
"1028","20302148516",810.762999337714
"1029","20302148518",573.06514678042
"1030","20302148519",78.9484828539619
"1031","20302148520",387.633657105773
"1032","20302148521",414.884112739086
"1033","20302148522",404.862800156553
"1034","20302148523",1492.77453293695
"1035","20302148524",99.243943192383
"1036","20302148525",1055.01555456999
"1037","20302148601",382.975869897503
"1038","20302148602",1716.52686913896
"1039","20302148604",0.477450359897186
"1040","20302148605",0.340488713660339
"1041","20302148606",385.136022041752
"1042","20302148607",2239.61863729397
"1043","20302148608",2102.09880280746
"1044","20302148609",865.114294249165
"1045","20302148610",1101.93143051459
"1046","20302148611",2075.32023229398
"1047","20302148612",1152.9198579375
"1048","20302148613",3172.14352991747
"1049","20302148614",95.6599671414552
"1050","20302148615",592.395217203653
"1051","20302148616",374.348423845623
"1052","20302148618",444.427152222223
"1053","20302148619",1572.63450765309
"1054","20302148620",3410.43447950203
"1055","20302148621",60.1104098544455
"1056","20302148622",2276.79559993375
"1057","20302148623",1360.38620907029
"1058","20302148624",3275.81749114059
"1059","20302148625",1709.5983251279
"1060","20302148626",1127.03417705945
"1061","20302148627",934.396414763893
"1062","20302148628",800.393321107917
"1063","20302148629",979.109546374513
"1064","20302148630",798.728758204894
"1065","20302148631",1387.23430862061
"1066","20302148632",1447.9697422479
"1067","20302148633",1653.78363199506
"1068","20302148634",2249.97902018784
"1069","20302148635",130.597150266332
"1070","20302148636",1743.99457485377
"1071","20302148637",3127.32002998621
"1072","20302148638",843.553643992835
"1073","20302148639",6.68263746371137
"1074","20302148640",121.606544014353
"1075","20302148641",377.975208547418
"1076","20302148642",2850.79664221458
"1077","20302148643",1097.81764055375
"1078","20302148644",1500.41835195961
"1079","20302148645",2778.48874451452
"1080","20302148646",3475.98728451228
"1081","20302148647",563.927708263762
"1082","20302148648",999.961387793872
"1083","20302148649",1479.52127581644
"1084","20302148650",1486.14923640376
"1085","20302148652",518.766836416436
"1086","20302148701",949.063615389273
"1087","20302148702",783.52313491798
"1088","20302148703",1755.39633661572
"1089","20302148704",1469.50942241067
"1090","20302148705",357.324624051159
"1091","20302148706",672.612061545416
"1092","20302148707",1099.50162963963
"1093","20302148708",650.591791995498
"1094","20302148709",737.455984388941
"1095","20302148710",337.047275674127
"1096","20302148711",1384.40292753581
"1097","20302148712",961.652361282974
"1098","20302148713",882.737518008762
"1099","20302148714",325.107232852172
"1100","20302148715",468.052737827596
"1101","20302148716",726.988894302639
"1102","20302148717",1267.35225291031
"1103","20302148718",847.168042300974
"1104","20302148719",798.328716875619
"1105","20302148720",1238.42624328069
"1106","20302148721",1460.50871078967
"1107","20302148722",390.754108340616
"1108","20302148723",2078.1050059017
"1109","20302148724",168.106289219728
"1110","20302148725",878.697039160077
"1111","20302148726",1018.35710311167
"1112","20302148727",81.962868312599
"1113","20302148728",966.017684599219
"1114","20302148729",263.733539478259
"1115","20302148730",1138.05215203366
"1116","20302148731",982.92961721809
"1117","20302148732",1226.63805802163
"1118","20302148733",1215.71473492424
"1119","20302148734",369.61037400138
"1120","20302148735",1536.20637183271
"1121","20302148736",1148.01787296316
"1122","20302148737",127.097412487449
"1123","20302148738",1306.37145998085
"1124","20302148739",832.822240580762
"1125","20302148740",197.786912612418
"1126","20302148741",751.479224036008
"1127","20302148742",221.892076660059
"1128","20302148743",514.329790615256
"1129","20302148744",69.7390236718458
"1130","20302148745",1040.05861701377
"1131","20302148746",1881.64078628463
"1132","20302148747",59.7723291095322
"1133","20302148748",95.8955469697995
"1134","20302148749",444.858047732455
"1135","20302148750",536.550017936325
"1136","20302148751",666.586408616887
"1137","20302148752",351.330212863902
"1138","20302148753",1727.09563249012
"1139","20302148754",715.670914386671
"1140","20302148755",2082.1233327693
"1141","20302148756",276.263459811888
"1142","20302148757",17.7977884842538
"1143","20302148758",1216.42578046259
"1144","20302148801",435.335178815143
"1145","20302148802",1139.56763692864
"1146","20302148803",1376.72536143772
"1147","20302148804",943.477654620638
"1148","20302148805",1064.56326466517
"1149","20302148806",2502.23890192742
"1150","20302148807",2682.61872106421
"1151","20302148808",1226.0373894862
"1152","20302148809",1185.43773175954
"1153","20302148810",2721.04545232369
"1154","20302148811",1715.67411472538
"1155","20302148812",2218.20537536418
"1156","20302148813",242.006062572562
"1157","20302148814",2400.13146944941
"1158","20302148815",2466.87327545172
"1159","20302148816",824.317486558934
"1160","20302148817",1992.17445777862
"1161","20302148818",688.393023750276
"1162","20302148819",732.522991379055
"1163","20302148820",525.333448577045
"1164","20302148821",1995.16387069506
"1165","20302148822",544.378375897847
"1166","20302148823",1588.21186795721
"1167","20302148824",1528.42285185566
"1168","20302148825",1251.27321941909
"1169","20303104801",517.259983864555
"1170","20303104802",491.160904849846
"1171","20303104803",317.898776727885
"1172","20303104804",82.3614222718375
"1173","20303104805",489.745130022841
"1174","20303104806",130.0343215302
"1175","20303104808",9.04033020099038
"1176","20303104809",672.328753695676
"1177","20303104810",949.793777788382
"1178","20303104811",88.543274825693
"1179","20303104812",263.133830766943
"1180","20303104814",301.718855802783
"1181","20303104815",172.82639486069
"1182","20303104816",520.817538382961
"1183","20303104817",343.608692492612
"1184","20303104818",432.088815959311
"1185","20303104819",386.662758113271
"1186","20303104820",671.929420210014
"1187","20303104821",285.985382130936
"1188","20303104822",195.324967267128
"1189","20303104823",310.224395761325
"1190","20303104824",531.850327364897
"1191","20303104825",1030.28826238775
"1192","20303104826",263.396335161481
"1193","20303104827",400.882715387815
"1194","20303104828",440.838979687252
"1195","20303104829",288.314578752852
"1196","20303104830",369.480120578988
"1197","20303104831",78.6078457686656
"1198","20303104835",38.2402605565206
"1199","20303104836",252.222553082643
"1200","20303104837",29.5396981000477
"1201","20303104838",572.805268048803
"1202","20303104839",243.033119955053
"1203","20303104840",781.570507528053
"1204","20303104841",28.2385750770375
"1205","20303104842",14.8195512581447
"1206","20303104843",760.053715708872
"1207","20303104844",1.06971481671942
"1208","20303104845",186.434248311871
"1209","20303104901",9.9733435839958
"1210","20303104902",1.33083373229753
"1211","20303104903",18.0528245694538
"1212","20303104904",17.2355424028112
"1213","20303104905",4.03555519790939
"1214","20303104906",12.4119766121313
"1215","20303104907",0.0439818863168837
"1216","20303104908",13.9232406826935
"1217","20303104910",21.3055260479542
"1218","20303104911",19.4890784111018
"1219","20303105101",250.03467846777
"1220","20303105102",335.478349715718
"1221","20303105103",172.286771668428
"1222","20303105104",213.568758915098
"1223","20303105105",70.6657959262942
"1224","20303105106",503.089575877813
"1225","20303105107",447.262653696179
"1226","20303105108",437.94160377639
"1227","20303105111",29.0140283734319
"1228","20303105113",362.293326095204
"1229","20303105117",56.1857384551387
"1230","20303105118",260.513190382967
"1231","20303105119",173.38188808174
"1232","20303105120",513.785433414515
"1233","20303105121",144.34306295665
"1234","20303105123",228.657896623524
"1235","20303105124",10.265364313065
"1236","20303105125",488.702854318068
"1237","20303105126",310.642858572739
"1238","20303105127",293.57943646107
"1239","20303105128",316.784304624313
"1240","20303105129",207.607349902142
"1241","20303105130",144.912371796603
"1242","20303105131",28.3922600894455
"1243","20303105201",251.253553822101
"1244","20303105203",187.624958661504
"1245","20303105204",168.453056763007
"1246","20303105205",272.334448072084
"1247","20303105206",186.116121091267
"1248","20303105207",53.6117968137074
"1249","20303105208",214.236738896848
"1250","20303105209",305.779504764645
"1251","20303105210",45.3007356704133
"1252","20303105212",271.18317727
"1253","20303105213",207.467707677198
"1254","20303105215",3.85292410067169
"1255","20303105216",8.59984185758533
"1256","20303105301",287.552700828286
"1257","20303105303",30.0055584909764
"1258","20303105304",58.7433940306126
"1259","20303105305",885.307916834022
"1260","20303105306",888.987644796433
"1261","20303105307",286.611516613354
"1262","20303105308",561.174748587389
"1263","20303105309",774.594545538392
"1264","20303105310",503.098744815167
"1265","20303105311",246.761077615948
"1266","20303105312",577.361137062879
"1267","20303105313",382.530346908277
"1268","20303105315",288.535227815934
"1269","20303105318",9.59275976320321
"1270","20303105319",154.395748014742
"1271","20303105320",350.532115447042
"1272","20303105321",404.797166177908
"1273","20303105322",337.952089252943
"1274","20303105323",453.182585524806
"1275","20303105324",578.576243467182
"1276","20303105325",306.351827611935
"1277","20303105326",535.979261185933
"1278","20303105327",400.793123592346
"1279","20303105329",390.010920938949
"1280","20303105330",749.161828978363
"1281","20303105331",0.559803591246876
"1282","20303105333",1.0845666759965
"1283","20303105334",221.604265762259
"1284","20303105335",4.95567425015125
"1285","20303105336",289.367042322663
"1286","20303105339",156.026309991022
"1287","20303105340",49.0664457941442
"1288","20303105341",2.29502972210034
"1289","20303105342",27.9326798531542
"1290","20303105343",64.9152451541507
"1291","20303105344",26.5087902889881
"1292","20303105345",15.9560624022872
"1293","20303105346",35.5125584537343
"1294","20303105347",7.83854583293086
"1295","20303105348",294.693944740859
"1296","20303105349",350.162090810404
"1297","20303105351",315.249038977483
"1298","20303105352",243.677285858164
"1299","20303105353",326.161633600869
"1300","20303148901",7.20988507220972
"1301","20303148902",365.649580252237
"1302","20303148903",105.056084815573
"1303","20303148904",403.313098749398
"1304","20303148905",526.14524217888
"1305","20303148906",475.603872696178
"1306","20303148907",50.7140675082093
"1307","20303148908",135.750442317337
"1308","20303148909",316.015179547835
"1309","20303148910",59.3043165856172
"1310","20303148911",53.3762954446392
"1311","20303148912",78.9858480927634
"1312","20303148913",1.11379966670407
"1313","20303148914",484.245904822032
"1314","20303148915",321.304468329366
"1315","20303148916",6.15305738720288
"1316","20303148918",282.236890029324
"1317","20303148919",24.7062712101742
"1318","20303149001",68.0230444551125
"1319","20303149002",43.0851563980019
"1320","20303149003",99.886714588014
"1321","20303149004",145.217138301498
"1322","20303149005",18.3366877044894
"1323","20303149006",149.128994353322
"1324","20303149007",226.672239955963
"1325","20303149008",298.536539467772
"1326","20303149009",95.0814345762508
"1327","20303149010",655.391057231281
"1328","20303149011",308.984588257681
"1329","20303149012",186.701303738347
"1330","20303149013",300.459545169099
"1331","20303149015",183.48447969255
"1332","20303149016",266.935072586627
"1333","20303149017",338.048844353801
"1334","20303149018",71.3076335397642
"1335","20303149020",471.096812287916
"1336","20303149021",266.129579989776
"1337","20303149022",77.2977785015179
"1338","20303149023",159.820949359527
"1339","20303149024",195.833979911456
"1340","20303149025",463.840098921946
"1341","20303149026",68.7078811790432
"1342","20303149027",123.982432038684
"1343","20303149028",523.437529685688
"1344","20303149030",402.900666266559
"1345","20303149032",0.977149347414969
"1346","20303149033",218.725871245318
"1347","20303149034",532.899561619082
"1348","20303149035",267.665829249069
"1349","20303149036",92.8125178966347
"1350","20303149037",59.2110418250967
"1351","20303149038",3.37453470096757
"1352","20303149039",15.8926611823146
"1353","20303149040",193.65142107225
"1354","20401105401",2.33767583994972
"1355","20401105402",7.92592865059052
"1356","20401105403",6.78843927374453
"1357","20401105408",0.107258384522569
"1358","20401105409",0.12592372329041
"1359","20401105411",5.76190953656345
"1360","20401105412",6.3298326168012
"1361","20401105413",0.153718359733559
"1362","20401105414",0.594641348071029
"1363","20401105415",0.183986671512697
"1364","20401105416",0.70561274140529
"1365","20401105417",0.0128112738683942
"1366","20401105418",4.74741340631105
"1367","20401105419",4.46733021659833
"1368","20401105502",0.670343375813838
"1369","20401105503",0.0933886969044893
"1370","20401105504",0.580575126743127
"1371","20401105511",0.239739564624824
"1372","20401105513",0.00896930144528926
"1373","20401105517",0.0377092150899662
"1374","20401105608",614.265115788758
"1375","20401105609",22.122891874526
"1376","20401105610",1.12355273908898
"1377","20401105614",308.589613609177
"1378","20401105616",7.93225931007137
"1379","20401105619",137.945197069596
"1380","20401105620",250.07273896706
"1381","20401105621",328.490022051748
"1382","20401105624",582.882458039452
"1383","20401105628",72.0379463175935
"1384","20401105629",9.89612654493358
"1385","20401105630",144.010355132756
"1386","20401105631",10.2721868087508
"1387","20401105632",25.4860744228121
"1388","20401105633",415.888926048871
"1389","20401105634",377.123706798884
"1390","20401105635",313.728688194586
"1391","20401105636",474.710229097727
"1392","20401105637",680.191683882608
"1393","20401105638",0.511465316481391
"1394","20401105701",0.0050971468967076
"1395","20401105711",0.125185045880739
"1396","20401105712",0.565914382283528
"1397","20401105713",0.0604033252325125
"1398","20401105714",0.0508430814461919
"1399","20401105716",0.0162419597310231
"1400","20401105901",90.830621272012
"1401","20401105902",168.305014980556
"1402","20401105903",98.796706668531
"1403","20401105904",190.282973774356
"1404","20401105905",641.951462354559
"1405","20401105906",221.645632406266
"1406","20401105907",0.865426666833311
"1407","20401105908",1.95608769810655
"1408","20401105909",315.276277160646
"1409","20401105910",588.592874532993
"1410","20401105911",13.5874908042892
"1411","20401105912",506.203529151082
"1412","20401105913",463.862753498621
"1413","20401105914",530.325463856742
"1414","20401105915",319.88183385173
"1415","20401105916",634.070729107168
"1416","20401105917",606.236383046836
"1417","20401106005",0.708120929719525
"1418","20401106011",9.45200877733704
"1419","20402106301",98.8765098106504
"1420","20402106302",171.903881872804
"1421","20402106303",196.325492576256
"1422","20402106304",412.482393920183
"1423","20402106305",259.180174613719
"1424","20402106306",261.601614147294
"1425","20402106307",126.565234848603
"1426","20402106308",171.459219080447
"1427","20402106310",291.232442503135
"1428","20402106311",208.683966635189
"1429","20402106312",168.923390986612
"1430","20402106313",211.945894344237
"1431","20402106314",75.5437978792029
"1432","20402106315",224.838997670132
"1433","20402106317",176.11112686734
"1434","20402106318",345.586700475073
"1435","20402106319",213.344896214578
"1436","20402106320",146.11117147579
"1437","20402106321",2.28729833247048
"1438","20402106322",0.00212479622209214
"1439","20402106323",29.1111004368679
"1440","20402106324",61.352046585063
"1441","20402106325",338.978578998117
"1442","20402106326",24.1252572007573
"1443","20402106328",0.00684114381437115
"1444","20402106329",7.507072204987
"1445","20402106501",9.85923499263034
"1446","20402106502",0.0179093340536692
"1447","20402106503",5.5725048125836
"1448","20402106504",8.57361144841876
"1449","20402106505",2.29005550855369
"1450","20402106510",0.0364732190867233
"1451","20402106511",3.67871581956041
"1452","20402106512",0.0145407270690451
"1453","20402106513",0.149415058405239
"1454","20402106601",208.581915521139
"1455","20402106602",4.17948828471518
"1456","20402106603",177.122115862762
"1457","20402106604",395.67224296744
"1458","20402106605",250.187656185747
"1459","20402106607",317.411472082741
"1460","20402106608",4.56271651404607
"1461","20402106609",809.024430896101
"1462","20402106610",419.027613767713
"1463","20402106611",653.504289106342
"1464","20402106612",532.094353150631
"1465","20402106613",509.93175505039
"1466","20402106614",292.470652837915
"1467","20402106615",408.503999468395
"1468","20402106616",235.286132350894
"1469","20402106617",127.963938647607
"1470","20402106618",215.733184943175
"1471","20402106619",558.005534590263
"1472","20402106620",301.882650858706
"1473","20402106621",680.125853935318
"1474","20402106622",817.392256448865
"1475","20402106623",837.789911467569
"1476","20402106624",368.000438507772
"1477","20402106625",659.200823127964
"1478","20402106626",447.704917940576
"1479","20402106627",446.494944340699
"1480","20402106628",729.063392587168
"1481","20402106629",438.101434864434
"1482","20402106630",461.809163944034
"1483","20402106631",146.323079610523
"1484","20402106632",44.8751785240936
"1485","20402106633",6.68222363383555
"1486","20402106634",96.6819626811914
"1487","20402106635",326.942989664848
"1488","20402106636",485.800961112635
"1489","20402106637",421.617243963888
"1490","20402106638",21.3293184586272
"1491","20402106639",31.6966041484518
"1492","20402106641",7.52523228158219
"1493","20402106642",27.5434263043988
"1494","20402106643",183.422104424176
"1495","20402106644",408.52412421212
"1496","20402106645",533.23747292682
"1497","20402106646",206.842724167735
"1498","20402106647",527.050595866716
"1499","20402106648",50.1783483775711
"1500","20402106649",130.315772306955
"1501","20402106650",74.3314755957085
"1502","20402106701",0.0848557183321683
"1503","20402106705",0.00256837834999099
"1504","20402106709",0.00336956343683181
"1505","20402106710",7.37296754584918
"1506","20402106711",0.0318798290705339
"1507","20402106720",0.00842424488181654
"1508","20402106722",0.0237766655602346
"1509","20402106723",0.0815777721792702
"1510","20402106724",0.833019090723377
"1511","20402106728",0.00363863290437273
"1512","20402106729",0.0185326294155042
"1513","20402106730",0.0574405841575526
"1514","20403106804",0.164187126009783
"1515","20403106806",0.21129049278094
"1516","20403106807",6.32430996533883
"1517","20403106808",5.33658688461833
"1518","20403106812",1.54945984539839
"1519","20403106901",0.224720298371016
"1520","20403106902",2.24295764248327
"1521","20403106903",0.505398039052754
"1522","20403106904",3.03192842628881
"1523","20403106906",0.79918663018456
"1524","20403106908",0.018206840205166
"1525","20403106910",0.232971205469734
"1526","20403106912",0.000680561710256213
"1527","20403106914",5.2982554571433
"1528","20403106915",0.0918424285991414
"1529","20403106917",0.84317352236081
"1530","20403106918",0.440187291274903
"1531","20403106921",3.20060430497869
"1532","20403106922",0.00324657135375396
"1533","20403106923",0.965633231778282
"1534","20403106926",0.0092296893090116
"1535","20403106927",0.0827015120462319
"1536","20403106928",0.178426799102895
"1537","20403106929",0.101779389771471
"1538","20403106930",2.2132006075453
"1539","20403106931",0.0270124623369555
"1540","20403107001",3.86054522115879
"1541","20403107003",3.93413742280591
"1542","20403107004",10.8957680204048
"1543","20403107009",0.663056158383129
"1544","20403107102",0.0234083903080441
"1545","20403107104",0.0132357295667069
"1546","20403107108",3.57999441669762
"1547","20403107112",0.834287427968928
"1548","20403107114",0.102919437315702
"1549","20403107204",1.66190593772616
"1550","20403107205",0.220121694637901
"1551","20403107206",0.986765699545866
"1552","20403107209",0.0131093529546951
"1553","20403107210",0.0185329540739704
"1554","20403107211",0.0145914131911182
"1555","20403107213",0.306562284512058
"1556","20403107214",0.252869104431449
"1557","20403107218",0.000166018564634586
"1558","20403107219",0.00672334149835482
"1559","20403107301",288.704690826419
"1560","20403107302",24.280353242355
"1561","20403107304",116.505387233605
"1562","20403107305",195.881307072159
"1563","20403107306",40.3306233322843
"1564","20403107307",158.398014513761
"1565","20403107308",427.941856838464
"1566","20403107309",301.083633316182
"1567","20403107310",60.4922881640937
"1568","20403107311",125.297377720491
"1569","20403107312",218.627812717417
"1570","20403107315",1.82858153831944
"1571","20403107316",124.893003683354
"1572","20403107317",85.3740617590594
"1573","20403107318",0.0584926422414599
"1574","20403107321",28.2989874711151
"1575","20403107322",76.957175154831
"1576","20403107323",33.1529577591825
"1577","20403107324",11.3212787531183
"1578","20403107325",9.29616744208091
"1579","20403107326",9.43787908721653
"1580","20403107327",31.7433552749887
"1581","20403107328",148.163497652912
"1582","20403107329",178.23586602869
"1583","20403107330",389.415735642074
"1584","20403107331",243.923140396593
"1585","20403107332",230.640096026913
"1586","20403107333",276.311192308348
"1587","20403107334",111.554850851804
"1588","20403107335",49.0017976917798
"1589","20403107336",4.37503099293081
"1590","20403107337",1.50698695373589
"1591","20403107338",3.70352962098882
"1592","20403107339",0.0295637022364532
"1593","20403107501",10.6876104465471
"1594","20403107502",4.49893907292876
"1595","20403107503",1.13711535684125
"1596","20403107504",0.000647446544619145
"1597","20403107508",0.139413898205301
"1598","20403107509",0.0776411103596074
"1599","20403107512",2.76623024258434
"1600","20403149101",0.0866518368325847
"1601","20403149103",30.8994729331883
"1602","20403149107",90.49129833699
"1603","20403149108",147.488090438624
"1604","20403149109",20.0113667903068
"1605","20403149111",1.12692330757267
"1606","20403149112",22.8769828331321
"1607","20403149113",0.741455684409978
"1608","20403149114",51.8440404622699
"1609","20403149115",3.62029254548024
"1610","20403149117",94.5871259251421
"1611","20403149118",6.52308744868845
"1612","20403149119",8.92311375112141
"1613","20403149124",113.698543521022
"1614","20403149125",49.9670844173669
"1615","20403149126",0.373632067124318
"1616","20403149129",28.5157261295344
"1617","20403149201",63.8342854258326
"1618","20403149202",37.6400168156906
"1619","20403149203",166.713519775427
"1620","20403149204",15.5635527631121
"1621","20403149205",596.207947358776
"1622","20403149206",104.843232194463
"1623","20403149207",96.2749245940336
"1624","20403149208",242.247974854933
"1625","20403149209",107.578692024328
"1626","20403149210",47.5154439598712
"1627","20403149211",305.693782310936
"1628","20403149212",77.581107186901
"1629","20403149213",138.396136457636
"1630","20403149214",578.182179654664
"1631","20403149215",74.4583657162984
"1632","20403149216",244.764537495428
"1633","20403149217",594.363242596623
"1634","20403149218",68.3649836880779
"1635","20403149219",264.461645432785
"1636","20403149220",290.99912028385
"1637","20403149221",471.069728179513
"1638","20403149222",612.460245289165
"1639","20403149223",170.432455788072
"1640","20403149224",150.655204655729
"1641","20403149225",530.251395367912
"1642","20403149226",137.722872191673
"1643","20403149227",9.69430582571586
"1644","20403149228",595.171835581365
"1645","20403149229",175.170460687442
"1646","20403149230",9.22958106097019
"1647","20403149231",127.391286928965
"1648","20403149232",81.1821494817883
"1649","20403149233",842.109127452315
"1650","20403149234",169.6651561608
"1651","20403149235",324.164216778705
"1652","20403149236",96.6611660950759
"1653","20403149237",446.332486014708
"1654","20403149238",241.225615546677
"1655","20403149239",3.0615414173597
"1656","20501107601",389.677154338969
"1657","20501107603",431.301323530475
"1658","20501107604",111.160836089194
"1659","20501107605",385.395630007096
"1660","20501107608",118.461539346097
"1661","20501107610",0.0316452298390097
"1662","20501107611",1.51594495487532
"1663","20501107612",0.497799658394958
"1664","20501107613",0.0345735633485661
"1665","20501107620",8.46112119523024
"1666","20501107622",222.183213856062
"1667","20501107625",0.0331074440632069
"1668","20501107627",154.665975633688
"1669","20501107628",273.472938903242
"1670","20501107629",130.090903280283
"1671","20501107630",459.598440888129
"1672","20501107632",248.032637859313
"1673","20501107635",193.32251765924
"1674","20501107636",150.480945289135
"1675","20501107637",29.8149397268608
"1676","20501107638",35.8217968802856
"1677","20501107639",31.6637413350285
"1678","20501107640",12.3547671274454
"1679","20501107641",316.539732347182
"1680","20501107642",3.15380474545643
"1681","20501107643",48.6097735373792
"1682","20501107644",316.045289675281
"1683","20501107645",139.837657166125
"1684","20501107646",1.88451016689444
"1685","20501107647",70.7611634894934
"1686","20501107650",211.392768037803
"1687","20501107651",3.86487649330604
"1688","20501107652",291.112751191964
"1689","20501107653",198.417083112369
"1690","20501107654",1.17947002613568
"1691","20501107655",18.7477890023973
"1692","20501107656",221.410471819768
"1693","20501107657",17.7644700401488
"1694","20501107703",0.0451270231954194
"1695","20501107708",8.79663677157239
"1696","20501107709",8.35104150733487
"1697","20501107713",0.482579903682389
"1698","20501107714",0.0574772750615668
"1699","20501107715",0.449964337867818
"1700","20501107716",10.4391568504681
"1701","20501107717",0.144201372028976
"1702","20501107802",0.00665079927686453
"1703","20501107803",0.246876377241933
"1704","20501107805",0.000843089383841993
"1705","20501107806",46.1862619978197
"1706","20501107808",13.4031040374574
"1707","20501107809",12.5863673538994
"1708","20501107810",36.9145976463638
"1709","20501107814",0.821212988397711
"1710","20501107821",12.5806542670802
"1711","20501107901",148.601204933079
"1712","20501107902",174.200271883641
"1713","20501107903",101.266510741507
"1714","20501107904",232.784065392747
"1715","20501107905",273.779378554092
"1716","20501107906",550.747078615417
"1717","20501107907",3.10339054455526
"1718","20501107909",198.50017000309
"1719","20501107910",302.122774201318
"1720","20501107911",211.797307807234
"1721","20501107912",673.026315626297
"1722","20501107913",189.011217996135
"1723","20501107915",0.357409123511583
"1724","20501107916",1347.02019379695
"1725","20501107917",12.7924717537449
"1726","20501107918",26.1791849199469
"1727","20501107922",2.53353034628802
"1728","20501107923",858.705666988913
"1729","20501107924",296.151753934449
"1730","20501107925",210.410622629691
"1731","20501107926",15.2752794112121
"1732","20501107927",364.896679391135
"1733","20501107928",81.0441669840482
"1734","20501107929",201.952955518117
"1735","20501107930",111.490032468285
"1736","20501107931",86.0497903030869
"1737","20501107932",98.0298964568945
"1738","20501107933",145.58707978227
"1739","20501107935",438.313798506971
"1740","20501107936",0.392949760611123
"1741","20501107939",505.640559797885
"1742","20501107940",42.6080574091704
"1743","20501107941",91.6712299036491
"1744","20501107942",266.892826241795
"1745","20501107943",15.050931940691
"1746","20501107944",76.9356687804085
"1747","20501107946",48.8144884165567
"1748","20501107947",129.050453793668
"1749","20501107948",2.95873891506689
"1750","20501107949",46.7781082526074
"1751","20501107950",99.280389358444
"1752","20501107951",86.4240395949452
"1753","20501107952",3.41485039025483
"1754","20501107954",17.783158739419
"1755","20502108104",0.0360992447197178
"1756","20502108106",20.5449840366048
"1757","20502108107",9.59743599500113
"1758","20502108109",9.90854683751307
"1759","20502108110",9.70395903867408
"1760","20502108111",74.5704135344018
"1761","20502108112",79.1586145401359
"1762","20502108113",60.0771571419941
"1763","20502108114",23.1749731681172
"1764","20502108115",102.462596360696
"1765","20502108116",44.9589829738284
"1766","20502108117",54.6421415342891
"1767","20502108118",32.0084453858779
"1768","20502108119",1.96231915909514
"1769","20502108120",45.4723098328947
"1770","20502108121",50.1316045458462
"1771","20502108122",17.0149385159476
"1772","20502108123",34.7082826010717
"1773","20502108124",22.2094532816543
"1774","20502108125",15.0592568091537
"1775","20502108126",5.26692696606037
"1776","20502108127",26.5481895735046
"1777","20502108128",2.12790226879513
"1778","20502108129",31.8945093886359
"1779","20502108130",24.2000392313873
"1780","20502108131",0.390210194785377
"1781","20502108132",23.4310595077338
"1782","20502108133",9.54291948046599
"1783","20502108135",4.95785934081391
"1784","20502108136",66.4538712387885
"1785","20502108137",8.70596502643862
"1786","20502108138",0.0084063513244773
"1787","20502108139",42.907600377618
"1788","20502108208",1.71213810326325
"1789","20502108210",0.00364757106441051
"1790","20502108211",0.00994441584676627
"1791","20502108212",0.20848308854678
"1792","20502108213",5.63495735086428
"1793","20502108214",0.0173353177151823
"1794","20502108216",0.0712741332211623
"1795","20502108217",2.43602625734107
"1796","20502108218",0.0287967381324105
"1797","20502108219",0.010135096659593
"1798","20502108220",0.00991854821130671
"1799","20502108401",78.7990330913348
"1800","20502108402",36.9025382354489
"1801","20502108403",101.794218310607
"1802","20502108404",40.0971284275109
"1803","20502108405",66.4556126072439
"1804","20502108406",0.0964017411680932
"1805","20502108407",0.047784610647957
"1806","20502108408",3.21296405836405
"1807","20502108409",0.658613360737223
"1808","20502108410",40.477800049749
"1809","20502108414",13.7867236327249
"1810","20502108415",77.2651444660725
"1811","20502108416",2.36611869046358
"1812","20502108417",31.0585306788905
"1813","20502108418",99.6604378177598
"1814","20502108419",64.2363239941267
"1815","20502108420",24.466808389754
"1816","20502108421",105.262548161721
"1817","20502108422",18.4203308647674
"1818","20502108424",57.9664991123446
"1819","20502108511",0.000245437454109627
"1820","20502108515",0.00445349528783554
"1821","20502108518",0.0120472002308312
"1822","20502108520",1.76836816999814
"1823","20502108521",0.00822128583232373
"1824","20502108601",0.0174316102005972
"1825","20502108607",0.281468196732343
"1826","20502108608",32.2511401009898
"1827","20502108609",5.93609383054769
"1828","20502108610",3.43049834161236
"1829","20502108611",24.9539863329106
"1830","20502108612",26.1876401662266
"1831","20502108613",3.34306555982973
"1832","20502108614",4.64969497512747
"1833","20502108617",0.136516381313916
"1834","20503108723",0.00041052996965958
"1835","20503108901",1.02479016175156
"1836","20503108902",0.709804216750283
"1837","20503108903",0.042854279560489
"1838","20503108904",0.0756803011857699
"1839","20503108905",0.518059174127564
"1840","20503108906",1.08749612659847
"1841","20503108907",0.000237159124499039
"1842","20503108908",0.0425150968910788
"1843","20503108915",0.0210692904911751
"1844","20503108916",0.024174589172423
"1845","20503108920",0.0252216396007254
"1846","20503108921",0.643236381047327
"1847","20503108925",0.106134958902183
"1848","20503109001",0.0190002528016122
"1849","20503109003",9.38404168961132
"1850","20503109004",17.5666949452644
"1851","20503109005",45.7584763307545
"1852","20503109006",7.86919294987039
"1853","20503109007",32.7368348542391
"1854","20503109008",5.5820532663279
"1855","20503109009",14.7436346741091
"1856","20503109010",45.2693375003116
"1857","20503109011",12.3321555475444
"1858","20503109015",0.0284554684528358
"1859","20503109018",6.02030100871538
"1860","20503109021",1.97667402493685
"1861","20503109022",10.5740157693132
"1862","20503109026",15.479158759547
"1863","20503109027",0.0733127448462279
"1864","20503109101",19.9156079184801
"1865","20503109103",10.9138385501675
"1866","20503109105",9.71026279805069
"1867","20503109106",12.036985538117
"1868","20503109109",25.4757281641416
"1869","20503109111",18.3143480755742
"1870","20503109112",26.8858491249552
"1871","20503109114",3.89058471676976
"1872","20503109115",17.5218214421031
"1873","20503109116",44.9755912208002
"1874","20503109117",8.55505089992579
"1875","20503109118",6.10493356189929
"1876","20503109123",9.32332666599263
"1877","20503109124",0.909777391836424
"1878","20503109126",35.6047517069743
"1879","20503109127",22.2244734462393
"1880","20503109128",16.359336825675
"1881","20503109129",12.4443543592005
"1882","20503109131",3.44195709359684
"1883","20503109132",22.970589961589
"1884","20503109133",8.15928744107662
"1885","20503109134",10.198892386973
"1886","20503109135",3.24039889674504
"1887","20503109136",6.75024999730436
"1888","20503109137",59.7482360457753
"1889","20503109138",13.5202198039772
"1890","20503109139",20.0782027829763
"1891","20503109140",0.721024538002254
"1892","20503109141",22.8078816574381
"1893","20503109142",26.3960748695723
"1894","20503109143",3.2288785239645
"1895","20503109144",16.9811292257573
"1896","20503109302",27.9166607722747
"1897","20503109303",37.5600177738862
"1898","20503109304",1.03850962456154
"1899","20503109308",0.854368153375536
"1900","20503109310",1.19970689483179
"1901","20503109311",2.09511815030373
"1902","20503109312",32.1981148591622
"1903","20503109313",0.221576327412683
"1904","20503109314",32.544536166189
"1905","20503109315",151.076387612062
"1906","20503109316",33.8191155078884
"1907","20503109317",24.2550807198072
"1908","20503109318",111.95063010173
"1909","20503109319",26.9802112813652
"1910","20503109320",0.0216183063157958
"1911","20503109321",67.0585718909108
"1912","20503109322",25.4084861306988
"1913","20503109324",80.8574689046435
"1914","20503109325",0.159505792852658
"1915","20503109326",24.3348315508389
"1916","20503109327",13.0329560185272
"1917","20503109328",50.3892987489347
"1918","20503109330",3.05270981825596
"1919","20503109331",48.0135633307699
"1920","20503109332",63.3086897383894
"1921","20503109333",104.31507349737
"1922","20503109334",59.9722051936043
"1923","20503109336",4.40779662112281
"1924","20503109337",11.3285837065318
"1925","20503109338",0.703265390808176
"1926","20503109340",70.0553973378856
"1927","20503109341",45.4162772658604
"1928","20503109343",27.2958459052798
"1929","20503109344",0.167192156831543
"1930","20503109345",156.593806575056
"1931","20503109346",3.81696132917024
"1932","20503109348",3.54889094623283
"1933","20503109349",65.0348337489118
"1934","20503109351",0.335847964894868
"1935","20503109352",16.8778319873959
"1936","20503109353",46.3856958927037
"1937","20503109354",10.0942533410771
"1938","20503109355",57.4982450391719
"1939","20503109356",16.4696392142414
"1940","20503109358",12.1479546578493
"1941","20503109359",72.5466220468347
"1942","20503109360",97.5294945266918
"1943","20503109361",68.0552557390254
"1944","20503109362",0.0457785315270396
"1945","20503109363",24.122928774208
"1946","20503109365",47.301499046157
"1947","20503109366",79.8153157918671
"1948","20503109367",7.00233575383389
"1949","20504109401",267.420794772683
"1950","20504109402",169.534475762705
"1951","20504109403",478.551767305494
"1952","20504109410",61.2783832683351
"1953","20504109411",602.588839517872
"1954","20504109412",313.805105402502
"1955","20504109413",0.956468186619879
"1956","20504109414",22.9424534865515
"1957","20504109415",0.252706263778933
"1958","20504109416",3.43062475768812
"1959","20504109417",2.66239611431912
"1960","20504109418",108.200201932364
"1961","20504109420",0.0726692539900173
"1962","20504109421",184.434097924473
"1963","20504109422",472.094343051908
"1964","20504109423",204.131094052566
"1965","20504109424",110.819485612123
"1966","20504109425",235.577015711204
"1967","20504109426",361.44215013632
"1968","20504109427",291.353353923496
"1969","20504109429",3.90112175899419
"1970","20504109430",265.126626943398
"1971","20504109432",3.32287247725302
"1972","20504109434",23.6746891231068
"1973","20504109436",10.4898526418033
"1974","20504109437",2.26676030293599
"1975","20504109501",299.518344215139
"1976","20504109502",272.711141974114
"1977","20504109503",373.654477790557
"1978","20504109504",380.149287985048
"1979","20504109505",204.157629208753
"1980","20504109506",295.820054913093
"1981","20504109507",402.987473450516
"1982","20504109508",660.480190343319
"1983","20504109509",18.3256445671794
"1984","20504109511",735.969383594549
"1985","20504109512",270.070761841292
"1986","20504109514",516.687436531891
"1987","20504109515",447.349682861721
"1988","20504109516",536.085365078824
"1989","20504109517",84.8522298984026
"1990","20504109518",130.78228667251
"1991","20504109519",375.50502961213
"1992","20504109520",7.25670535276659
"1993","20504109521",295.115282845983
"1994","20504109522",391.047775365433
"1995","20504109523",484.746487279055
"1996","20504109524",556.94268114567
"1997","20504109525",145.799969083195
"1998","20504109526",3.70935815028917
"1999","20504109527",327.228328157601
"2000","20504109528",478.660941750099
"2001","20504109529",792.672557158553
"2002","20504109530",186.772672722564
"2003","20504109531",83.0199969480295
"2004","20504109532",103.964630535435
"2005","20504109533",366.949224277116
"2006","20504109534",263.08859960461
"2007","20504109535",872.971902959855
"2008","20504109536",270.061136864292
"2009","20504109537",614.73248576182
"2010","20504109538",177.439080590104
"2011","20504109539",25.3893825666892
"2012","20504109540",6.2663702474285
"2013","20504109601",131.208579388149
"2014","20504109602",379.490937423498
"2015","20504109603",448.934992882658
"2016","20504109604",353.876071789602
"2017","20504109605",935.028472369171
"2018","20504109606",1143.58625950852
"2019","20504109607",358.361894572638
"2020","20504109608",721.789910534138
"2021","20504109609",133.313507621196
"2022","20504109610",654.593562522632
"2023","20504109611",516.491372751965
"2024","20504109612",638.795549642409
"2025","20504109613",504.773331708873
"2026","20504109614",455.769088844931
"2027","20504109615",282.073931360963
"2028","20504109616",500.34626547985
"2029","20504109617",773.593294746179
"2030","20504109618",925.502462291789
"2031","20504109619",580.9901897951
"2032","20504109620",509.130410446393
"2033","20504109621",387.731205708525
"2034","20504109622",378.015632075956
"2035","20504109623",73.5796045663065
"2036","20504109624",398.549359720417
"2037","20504109625",337.425209146378
"2038","20504109626",400.802831383134
"2039","20504109627",388.28876616277
"2040","20504109628",231.081186558807
"2041","20504109629",404.964842003379
"2042","20504109630",528.261720865891
"2043","20504109631",810.737597492879
"2044","20504109632",499.431304095016
"2045","20504109633",583.83848329932
"2046","20504109634",458.001487011198
"2047","20504109636",18.6264221743227
"2048","20504109637",3.35715640402671
"2049","20504109638",1.06481548526483
"2050","20504109806",1.90316919909167
"2051","20504109807",60.8141347480436
"2052","20504109808",227.001246200507
"2053","20504109809",230.88995391001
"2054","20504109810",10.3979110774545
"2055","20504109813",0.214349821566
"2056","20504149301",395.478827333537
"2057","20504149302",202.410830686713
"2058","20504149303",400.082593834281
"2059","20504149304",269.862527900335
"2060","20504149305",530.25300651408
"2061","20504149306",7.40386903921982
"2062","20504149307",356.196521261961
"2063","20504149308",128.235058789359
"2064","20504149309",1393.10609350926
"2065","20504149310",2.50852231699683
"2066","20504149311",154.124099724153
"2067","20504149312",573.388826197103
"2068","20504149314",59.9346682005299
"2069","20504149315",399.739607704291
"2070","20504149316",529.602318384696
"2071","20504149317",584.099053803317
"2072","20504149318",385.58222329878
"2073","20504149319",73.5352252422732
"2074","20504149320",205.327147606864
"2075","20504149321",423.649899881245
"2076","20504149322",262.813613678751
"2077","20504149323",59.3381263814851
"2078","20504149324",38.2349573000683
"2079","20504149325",337.385111102767
"2080","20504149326",483.967443020324
"2081","20504149327",244.990113988636
"2082","20504149328",111.773222170774
"2083","20504149329",492.986997341404
"2084","20504149330",121.767541348089
"2085","20504149331",0.617636470431042
"2086","20504149332",170.567579071057
"2087","20504149333",213.270526787246
"2088","20504149334",550.82023133441
"2089","20504149335",234.495213437379
"2090","20504149401",256.525275078995
"2091","20504149402",514.215157823581
"2092","20504149403",214.342024693148
"2093","20504149404",967.042996398506
"2094","20504149405",431.609217208327
"2095","20504149406",249.590663025871
"2096","20504149407",186.859494249277
"2097","20504149408",239.186492628713
"2098","20504149409",1039.95511726374
"2099","20504149410",471.558717285648
"2100","20504149411",79.679678487169
"2101","20504149412",381.852365244609
"2102","20504149413",283.221027381985
"2103","20504149414",61.0778008358666
"2104","20504149415",403.337737007951
"2105","20504149416",257.205205012925
"2106","20504149417",629.364466561176
"2107","20504149418",615.499100772178
"2108","20504149419",5.48730447475948
"2109","20504149420",299.104818520731
"2110","20504149421",228.605347386804
"2111","20504149422",350.214727964117
"2112","20504149423",258.656689169607
"2113","20504149424",13.3763498689668
"2114","20504149425",268.738697966799
"2115","20504149426",440.155669043789
"2116","20504149427",11.6796977242965
"2117","20504149428",795.627923013909
"2118","20504149429",285.506116192967
"2119","20504149430",656.503275462886
"2120","20504149431",121.013456246539
"2121","20504149432",157.660321073471
"2122","20504149433",399.262893736534
"2123","20504149434",177.002639736083
"2124","20504149435",155.490826917018
"2125","20504149436",378.871238899372
"2126","20504149437",27.4969202170155
"2127","20504149438",874.793469138002
"2128","20505110001",0.552897675032359
"2129","20505110004",0.0524436336364349
"2130","20505110006",0.00366197650419743
"2131","20505110007",0.0145137696780421
"2132","20505110008",2.77102300086019
"2133","20505110010",0.000106410684967128
"2134","20505110011",0.0721447901960703
"2135","20505110014",5.01769680830102
"2136","20505110015",5.73546816700001
"2137","20505110101",0.108131798486837
"2138","20505110102",3.66737531853409
"2139","20505110103",0.0992914688273803
"2140","20505110115",1.36867099798856
"2141","20505110116",6.69097732693056
"2142","20505110117",9.81237547191632
"2143","20505110121",4.04800332865226
"2144","20505110122",0.947712597133266
"2145","20505110123",5.10208050437377
"2146","20505110124",1.66271697678371
"2147","20505110125",0.0689708581349964
"2148","20505110126",2.19212326580897
"2149","20505110128",0.0377742891021981
"2150","20505110129",0.00221245621464729
"2151","20505110132",2.14683871135395
"2152","20505110206",0.0811539257112725
"2153","20505110301",78.5506957079076
"2154","20505110303",19.1938809281403
"2155","20505110304",62.7913467576865
"2156","20505110305",94.3877626304207
"2157","20505110306",75.88423844773
"2158","20505110307",78.8826329516223
"2159","20505110308",86.5790671053907
"2160","20505110309",8.083113181274
"2161","20505110310",16.8254729505302
"2162","20505110311",47.4109527084276
"2163","20505110312",29.5057888138978
"2164","20505110313",170.383577059315
"2165","20505110314",252.295743347314
"2166","20505110315",341.039040664151
"2167","20505110316",267.271918062044
"2168","20505110317",192.05213571745
"2169","20505110318",175.020418966136
"2170","20505110319",204.149646928156
"2171","20505110320",166.979373982636
"2172","20505110321",51.1992175403838
"2173","20505110322",48.6453305029965
"2174","20505110323",176.312114320626
"2175","20505110324",331.28403152823
"2176","20505110325",32.6187252812931
"2177","20505110326",105.947025438879
"2178","20505110327",102.660890604549
"2179","20505110328",333.179742554141
"2180","20505110329",456.460234898279
"2181","20505110330",141.976315480997
"2182","20505110331",114.974518495297
"2183","20505110332",98.9629051028159
"2184","20505110333",181.339061737071
"2185","20505110334",250.87566430485
"2186","20505110401",0.160239717496654
"2187","20505110402",0.128930411282566
"2188","20505110406",0.0343020365699954
"2189","20505110412",2.89169193146163
"2190","20505110413",6.69689546185203
"2191","20505110414",2.40610099249901
"2192","20505110415",5.45994396534267
"2193","20505110416",0.000829872025394876
"2194","20904122402",490.467855593594
"2195","20904122403",268.016922343387
"2196","20904122404",179.320097562873
"2197","20904122405",490.878073348919
"2198","20904122416",151.47937695635
"2199","20904122417",188.482541160024
"2200","20904122418",163.203328971723
"2201","20904122419",49.0423588203317
"2202","20904122420",9.29412385859039
"2203","20904122421",305.11426686096
"2204","20904122422",112.495052320995
"2205","20904122426",37.5154465273714
"2206","20904122430",2.39583333165072
"2207","20904122435",84.8681797127756
"2208","20904122436",345.039489875569
"2209","20904122437",19.1516513174655
"2210","20904122438",48.2670297559073
"2211","20904122439",134.527093435926
"2212","20904122440",227.966236171795
"2213","20904122442",42.5204241643189
"2214","20904122445",12.8139980167617
"2215","20904122447",42.3633025443722
"2216","20904122450",1.72452193194887
"2217","20904122452",53.5971613971671
"2218","20904122455",119.148931438106
"2219","20904122456",143.236147713545
"2220","20904122457",370.935356020919
"2221","20904122461",0.0539055562827052
"2222","20904122462",44.9066812640713
"2223","21002123201",48.5555909316735
"2224","21002123203",1.71688579855075
"2225","21002123205",0.174357973085284
"2226","21002123207",79.4617618549936
"2227","21002123208",118.727183574033
"2228","21002123209",36.6007796183042
"2229","21002123210",298.27365435488
"2230","21002123211",141.075274964706
"2231","21002123212",272.538108729196
"2232","21002123213",36.2557228279434
"2233","21002123214",187.653072587028
"2234","21002123215",36.5915828828539
"2235","21002123217",247.515300826481
"2236","21002123218",73.4323892476252
"2237","21002123219",113.867312262188
"2238","21002123220",0.50300204492389
"2239","21002123221",111.600619517328
"2240","21002123222",108.649346854942
"2241","21002123223",99.7345585530422
"2242","21002123226",80.9958821787054
"2243","21002123227",229.482592984106
"2244","21002123228",166.442341940263
"2245","21002123229",1.1094123536802
"2246","21002123230",172.087653605559
"2247","21002123231",93.9167997231334
"2248","21002123232",16.8316470117706
"2249","21002123401",20.6446170769318
"2250","21002123402",0.556934600339721
"2251","21002123403",6.45183592654069
"2252","21002123406",0.30504293942574
"2253","21002123408",5.15508746191661
"2254","21002123409",1.9333079354877
"2255","21002123502",1.66831258210177
"2256","21002123503",0.100898580348445
"2257","21002123504",15.8076268352404
"2258","21002123505",141.708264015218
"2259","21002123506",50.7965568268375
"2260","21002123507",52.6393744119159
"2261","21002123508",99.1332171105741
"2262","21002123509",65.8870160380362
"2263","21002123510",45.1875412459759
"2264","21002123511",47.5470083877898
"2265","21002123512",33.4897715714125
"2266","21002123514",0.0523669206498086
"2267","21002123521",27.9749583565553
"2268","21002123522",29.7326292236314
"2269","21004124006",1.22258253781304
"2270","21004124011",1.14263822654226
"2271","21004154008",0.533981757429377
"2272","21004154009",2.86229576382099
"2273","21004154016",33.4695407959338
"2274","21004154022",44.791854367296
"2275","21201154601",0.0940609474874484
"2276","21201154608",0.731038306611803
"2277","21201154619",0.571519890158149
"2278","21201154621",0.988006655873807
"2279","21201154624",0.72958919338948
"2280","21201154625",1.14399772449165
"2281","21201154633",0.148353604027212
"2282","21201154637",1.14862971874718
"2283","21201154641",0.643910049029006
"2284","21201154646",1.69847112082414
"2285","21201154647",0.170319783056685
"2286","21201154650",0.507806449009076
"2287","21201154701",2.37661203721518
"2288","21201154703",0.156913866822714
"2289","21201154704",0.192895429964553
"2290","21201154705",0.00624214741572144
"2291","21201154706",6.56878681434654
"2292","21201154711",4.8424865355563
"2293","21201154713",0.0317481473079382
"2294","21201154717",1.22017858156739
"2295","21201154718",7.20994462925708
"2296","21201154721",7.09941166848851
"2297","21201154722",0.032579149496268
"2298","21201154727",3.6526989493651
"2299","21201154804",2.49391008090347
"2300","21201154806",15.0224123283206
"2301","21201154814",1.8483586297484e-05
"2302","21201154817",18.5972016454727
"2303","21201154821",39.649098201743
"2304","21201154826",22.5314844956456
"2305","21201154903",1.1270189640962
"2306","21201154909",2.01631346104324
"2307","21201154913",2.32327109119162
"2308","21201154917",2.02812423463781
"2309","21201154925",0.15600300971337
"2310","21201154930",0.0795180662418299
"2311","21201154931",0.0370341456446834
"2312","21201154932",3.45196462884014
"2313","21201154936",0.990447941688981
"2314","21201155001",0.821547966548822
"2315","21201155006",1.51327181689582
"2316","21201155007",0.9383604001942
"2317","21201155008",1.16745695615396
"2318","21201155010",0.499020571715698
"2319","21201155011",1.66159002189225
"2320","21201155016",0.00508763063655761
"2321","21201155017",0.0640811434205265
"2322","21201155018",1.73157540986096
"2323","21201155101",5.41554637099401
"2324","21201155103",4.19345138326035
"2325","21201155104",0.577757217908323
"2326","21201155105",0.104801468613545
"2327","21201155106",4.77629390051893
"2328","21201155109",2.52944330953988
"2329","21201155110",22.3560814132236
"2330","21201155111",32.3868103495764
"2331","21201155112",0.654762507930054
"2332","21201155113",1.77143445805265
"2333","21201155115",38.3267721812686
"2334","21201155116",2.83607137521917
"2335","21201155213",0.15374472662903
"2336","21201155214",0.465647440215663
"2337","21201155216",0.359343294261411
"2338","21201155218",12.9302269027339
"2339","21201155220",1.4336343959651
"2340","21201155221",0.142585052801446
"2341","21201155222",2.18300988512479
"2342","21201155223",1.56157902966796
"2343","21201155224",1.11170514544486
"2344","21201155229",1.34149009039183
"2345","21201155232",1.22694822034514
"2346","21201155240",27.488867128464
"2347","21201155244",1.32417366676527
"2348","21201155245",9.06984357078217
"2349","21201155248",3.89466710561945
"2350","21201155252",2.17292312116479
"2351","21202129341",0.538372199117421
"2352","21202129342",0.165502263953057
"2353","21202145606",1.02627216074732
"2354","21202145607",0.108131026456933
"2355","21202145608",0.0454531515900703
"2356","21202145614",0.298166850199755
"2357","21202145615",0.169910724156177
"2358","21202145621",2.94465790010116
"2359","21202145630",2.0950610479932
"2360","21301156905",22.0268378486582
"2361","21301156914",16.3944819010728
"2362","21301156918",20.4680790676827
"2363","21301156927",7.85287144472043
"2364","21301156931",0.72443600847211
"2365","21301156937",18.3864675797841
"2366","21301157017",0.175758009212217
"2367","21304135301",454.362036988501
"2368","21304135302",371.31883770924
"2369","21304135304",463.523337197983
"2370","21304135312",1466.90167926619
"2371","21304135313",107.992423246492
"2372","21304135314",728.759295571932
"2373","21304135315",411.154027771187
"2374","21304135317",421.832831897675
"2375","21304135318",68.158818502633
"2376","21304135319",38.1310672709707
"2377","21304135320",65.6687544623698
"2378","21304135322",2436.28685075131
"2379","21304135323",464.557438061459
"2380","21304135324",1192.29201245972
"2381","21304135325",285.383771516717
"2382","21304135328",1279.07717838766
"2383","21304135331",276.089109745604
"2384","21304135332",666.581680073166
"2385","21304135333",130.65793151637
"2386","21304135335",28.4779661323967
"2387","21304135336",998.801751962872
"2388","21304135337",467.868613889
"2389","21304135338",430.29143292675
"2390","21304135339",143.861270873617
"2391","21304135340",527.455695896475
"2392","21304135341",265.649304110175
"2393","21304135342",540.904145679301
"2394","21304135343",492.145702264925
"2395","21304135345",3.55069382768706
"2396","21304135346",264.308627565142
"2397","21304135348",73.3534366744351
"2398","21304135349",252.34280500989
"2399","21304135350",200.339225409536
"2400","21304135351",559.887666174294
"2401","21304135352",389.745155220406
"2402","21304135353",435.878603073158
"2403","21304135354",957.800152276501
"2404","21304135355",254.578125204667
"2405","21304135356",776.180561779686
"2406","21304135357",13.0181782078301
"2407","21304135358",0.753422279228292
"2408","21304135359",1.25212154262085
"2409","21304135360",175.227528924518
"2410","21304135361",36.6146158472353
"2411","21304135362",830.493483235535
"2412","21304135363",202.852649566016
"2413","21304135364",175.858507708505
"2414","21304135366",689.637610967193
"2415","21304135367",357.630763601297
"2416","21304135368",28.7579862719994
"2417","21304135369",258.152620112332
"2418","21304135370",534.429965027377
"2419","21304135907",1.51194738045064
"2420","21304135948",0.0731115064433732
"2421","21501138601",14.6922297760834
"2422","21501138602",161.693707788098
"2423","21501138603",139.334572540184
"2424","21501138604",200.037370015468
"2425","21501138605",38.1943594970062
"2426","21501138606",122.811877509257
"2427","21501138607",112.981946439156
"2428","21501138608",231.181911539164
"2429","21501138609",146.708717334475
"2430","21501138610",112.578746674571
"2431","21501138611",323.843379277307
"2432","21501138612",165.147347646096
"2433","21501138613",82.7202717827144
"2434","21501138614",31.3023322677889
"2435","21501138615",0.880665161957115
"2436","21501138616",9.96081916953879
"2437","21501138617",105.379733496515
"2438","21501138618",249.276111001441
"2439","21501138619",165.365294973003
"2440","21501138620",147.238458741952
"2441","21501138621",18.5584628032368
"2442","21501138622",177.581989421208
"2443","21501138623",102.549478033075
"2444","21501138624",0.0819451902086205
"2445","21501138705",0.000846956091848082
"2446","21501138706",0.00549453547654735
"2447","21501138708",0.0106110212924091
"2448","21501138709",2.23425676483305
"2449","21501138710",1.87100996267559
"2450","21501138802",154.279122468366
"2451","21501138803",306.018975762389
"2452","21501138804",253.422391846342
"2453","21501138805",174.382612849976
"2454","21501138806",253.226785039257
"2455","21501138807",121.459395269079
"2456","21501138808",324.589170414252
"2457","21501138809",339.684711448204
"2458","21501138810",394.689692683844
"2459","21501138811",187.626969865683
"2460","21501138812",232.308676723175
"2461","21501138813",299.674435340106
"2462","21501138814",48.7675509754067
"2463","21501138815",45.0101506898722
"2464","21501138816",225.224078481283
"2465","21501138817",56.6910228527655
"2466","21501138818",0.306399880467305
"2467","21501138819",10.2237718088745
"2468","21501138820",11.6779654935353
"2469","21501138821",573.707093545054
"2470","21501138822",302.281195811267
"2471","21501138823",172.231106400627
"2472","21501138824",59.8317859025293
"2473","21501138825",206.930027552958
"2474","21501138826",215.882370640941
"2475","21501138827",0.111416835929347
"2476","21501138828",62.9951882079565
"2477","21501138829",43.7105485804329
"2478","21501138830",397.999337238609
"2479","21501138831",755.794722706137
"2480","21501138832",267.495659030794
"2481","21501138833",156.360689489428
"2482","21501138834",131.710189121162
"2483","21501138835",79.4022923126293
"2484","21501138836",126.044180211885
"2485","21501138837",283.413157015747
"2486","21501138907",4.2816500824499
"2487","21501138908",0.00542058468348409
"2488","21501138910",0.1883803756814
"2489","21501138911",0.142087161253379
"2490","21501138912",0.0209472448229234
"2491","21501139001",0.0981531767603052
"2492","21501139002",0.601569455784328
"2493","21501139003",1.79363943665717
"2494","21501139004",0.00373090869627867
"2495","21501139005",8.22223849473324e-07
"2496","21501139010",9.53076426375199e-06
"2497","21501139013",0.00210766372062591
"2498","21501139014",0.635079036320542
"2499","21501139015",0.177276466615622
"2500","21501139016",0.0585335895705401
"2501","21501139017",0.793858879439918
"2502","21501139018",0.412818138480496
"2503","21501139020",0.396546358501186
"2504","21501139022",0.809220371379954
"2505","21501139023",0.434067425238169
"2506","21501139024",4.37027843989237
"2507","21501139027",0.367943504137282
"2508","21501139028",2.25664102737498
"2509","21501139029",3.8410639121806e-05
"2510","21501139102",0.51541477385808
"2511","21501139103",0.16788849345165
"2512","21501139104",0.879880476375
"2513","21501139106",0.00117467758444647
"2514","21501139108",0.00312103926280737
"2515","21501139201",6.23965834660805
"2516","21501139202",313.727664055816
"2517","21501139203",1.51147679263771
"2518","21501139204",102.054697347613
"2519","21501139206",0.00319042539944255
"2520","21501139207",0.0209827070501523
"2521","21501139208",321.886717925495
"2522","21501139209",172.845524547794
"2523","21501139210",249.869997006943
"2524","21501139211",0.00696091348912924
"2525","21501139213",32.760059089693
"2526","21501139215",60.4937497242917
"2527","21501139217",325.01023795231
"2528","21501139218",166.06655660938
"2529","21501139219",213.142240598555
"2530","21501139220",199.667398412132
"2531","21501139221",83.5233146069619
"2532","21501139222",198.529111829462
"2533","21501139223",326.827902296012
"2534","21501139224",170.572325105041
"2535","21501139225",108.724341639361
"2536","21501139226",8.65424316282117
"2537","21501139302",0.000496809922792038
"2538","21501139305",0.00372216079023697
"2539","21501139306",0.0150348347417553
"2540","21501139308",3.50348248722668
"2541","21501139309",3.98455655350686
"2542","21501139310",0.0407879883403549
"2543","21501139401",0.264374677970806
"2544","21501139403",0.00424763983529949
"2545","21501139404",0.00142482851958958
"2546","21501139406",0.222586128597917
"2547","21501139408",2.8751729079044
"2548","21501139409",1.19970630461058
"2549","21501139410",1.2020130594883
"2550","21501139411",0.244342301164555
"2551","21501139412",2.93099377175397
"2552","21501139413",0.00101369235982044
"2553","21501139416",2.00154464373503
"2554","21501139417",3.5120835653894
"2555","21501139418",2.38611281194245
"2556","21501139419",0.00660023672943911
"2557","21501139420",2.98313946659582
"2558","21501139421",0.105147345840941
"2559","21502139501",37.7818800214513
"2560","21502139503",0.0040606759299601
"2561","21502139505",243.053468012155
"2562","21502139506",25.1287366373357
"2563","21502139507",22.2463596353454
"2564","21502139508",50.4829190177089
"2565","21502139513",20.058657369176
"2566","21502139514",237.236646155016
"2567","21502139515",136.610065603582
"2568","21502139516",17.3659093795455
"2569","21502139520",59.6523874204684
"2570","21502139521",3.02044229074678
"2571","21502139522",0.695253732043275
"2572","21502139523",8.06544647692283
"2573","21502139524",143.326402245978
"2574","21502139601",116.904076654536
"2575","21502139603",15.4666682816666
"2576","21502139605",0.601404716727501
"2577","21502139606",30.9325649833144
"2578","21502139607",16.3177211714143
"2579","21502139608",191.787839363221
"2580","21502139609",10.7653530126309
"2581","21502139610",57.9991040087027
"2582","21502139611",23.3168785552276
"2583","21502139612",31.583090831897
"2584","21502139613",8.41986880921987
"2585","21502139614",64.1987283628532
"2586","21502139801",2.90227030453981
"2587","21502139802",1.65075776461993
"2588","21502139806",2.48445619220332
"2589","21502139810",0.852045639621238
"2590","21502139811",0.00142825064510624
"2591","21502139812",0.00643121948501356
"2592","21502139814",0.733854900140457
"2593","21502139903",221.615137188538
"2594","21502139904",131.065849512019
"2595","21502139905",223.756849477136
"2596","21502139906",231.628744247463
"2597","21502139907",339.821169881187
"2598","21502139910",13.9383974412202
"2599","21502139911",0.850631880277854
"2600","21502139912",0.289959032165995
"2601","21502139913",226.57787368649
"2602","21502139914",13.7390561025403
"2603","21502139915",2.42308516805114
"2604","21502139917",20.2339148700741
"2605","21502146901",70.1945696228326
"2606","21502146902",70.5056823056679
"2607","21502146903",190.463759666741
"2608","21502146904",334.308766657308
"2609","21502146906",280.793689689125
"2610","21502146907",391.771981142966
"2611","21502146908",260.908653214794
"2612","21502146909",591.012740227307
"2613","21502146910",824.627887716626
"2614","21502146911",516.720376099669
"2615","21502146912",568.922082672789
"2616","21502146913",519.882828779837
"2617","21502146914",485.413385107193
"2618","21502146915",495.41982346427
"2619","21502146916",287.186502031021
"2620","21502146917",619.326720325206
"2621","21502146918",67.2090821289295
"2622","21502146919",280.524078820167
"2623","21502146920",205.047021773009
"2624","21502146921",98.7801242492853
"2625","21502146922",450.26687768391
"2626","21502146923",244.962577555293
"2627","21502146924",197.89142056984
"2628","21502146925",663.542637498124
"2629","21502146926",586.052940107873
"2630","21502146927",122.689973530218
"2631","21502146928",341.135292505683
"2632","21502146929",279.274350562558
"2633","21502146930",558.226535877774
"2634","21502146931",158.523819380025
"2635","21502146932",482.824994088898
"2636","21502146933",200.170743449416
"2637","21502146934",533.698161016106
"2638","21502146935",412.798684117885
"2639","21502146936",4.89471595596194
"2640","21502146937",595.978259237148
"2641","21502146939",736.995310318762
"2642","21502146940",233.797572291063
"2643","21502146941",92.6406952936969
"2644","21502146942",671.249608305386
"2645","21502146943",200.345503244114
"2646","21502146944",317.970821127428
"2647","21502147001",230.180284563592
"2648","21502147002",339.179753233613
"2649","21502147003",478.47077272791
"2650","21502147004",22.9042647779929
"2651","21502147005",398.840683586674
"2652","21502147006",1087.63026302911
"2653","21502147008",650.78942726235
"2654","21502147009",491.282482598394
"2655","21502147010",830.009209040988
"2656","21502147011",53.3414097018977
"2657","21502147012",1153.90330453191
"2658","21502147013",178.636803428797
"2659","21502147014",179.437405785713
"2660","21502147015",647.02308209926
"2661","21502147016",608.534378884589
"2662","21502147017",489.759465396978
"2663","21502147018",765.795197423588
"2664","21502147019",120.898141819501
"2665","21502147020",672.940249158678
"2666","21502147021",818.949641000159
"2667","21502147022",105.461011642298
"2668","21502147023",374.519787901918
"2669","21502147024",652.951547299159
"2670","21502147025",637.104957084149
"2671","21502147026",209.021341798687
"2672","21502147027",47.6249190836019
"2673","21502147028",583.895779778511
"2674","21502147029",323.59187213485
"2675","21502147030",411.925562787488
"2676","21502147031",679.966561416901
"2677","21502147032",35.3737693004237
"2678","21503140001",1.70602353062257
"2679","21503140003",4.62618198659543e-05
"2680","21503140004",0.378298734353576
"2681","21503140005",0.887835659992501
"2682","21503140006",0.405358370751903
"2683","21503140007",0.0686264081898647
"2684","21503140008",0.431979596817877
"2685","21503140010",4.70753457549805e-05
"2686","21503140011",8.35856334529334e-05
"2687","21503140012",0.111986022384811
"2688","21503140013",0.10051771995837
"2689","21503140014",1.30956669634841
"2690","21503140015",2.53922814503943
"2691","21503140016",0.000176023922106965
"2692","21503140017",0.000991985900195856
"2693","21503140018",0.363539263108758
"2694","21503140019",0.00121805003716275
"2695","21503140021",0.0379590563947859
"2696","21503140101",0
"2697","21503140103",1.01987018261726
"2698","21503140105",1.41194943402824
"2699","21503140106",0.0660169162980825
"2700","21503140107",1.4156985226617
"2701","21503140108",0.00178550793157636
"2702","21503140109",0
"2703","21503140110",0.0158185416383085
"2704","21503140113",0.00161564231082611
"2705","21503140114",0.00112559858393449
"2706","21503140118",0.00978467626081424
"2707","21503140120",0.236360454440461
"2708","21503140122",1.10947065560254
"2709","21503140202",2.54768505031066
"2710","21503140203",0.444973162210826
"2711","21503140204",0.481472481682078
"2712","21503140205",0.0111764651924135
"2713","21503140208",0.18573005630567
"2714","21503140209",0.623097079186638
"2715","21503140301",18.6733449437987
"2716","21503140302",2.43483210132292
"2717","21503140303",0.116753446591292
"2718","21503140304",3.12106537633391
"2719","21503140309",12.4879961110013
"2720","21503140312",0.0344671543009431
"2721","21503140401",307.821988054203
"2722","21503140402",83.2887397027618
"2723","21503140403",207.097585675564
"2724","21503140404",101.174774630225
"2725","21503140405",33.379503807391
"2726","21503140406",261.352494146925
"2727","21503140407",198.128071576609
"2728","21503140408",146.749268263786
"2729","21503140409",85.2392630279606
"2730","21503140411",0.501088599543026
"2731","21503140413",127.841716230389
"2732","21503140414",178.805682936329
"2733","21503140415",220.711455959704
"2734","21503140416",153.44744631881
"2735","21503140417",149.349062129532
"2736","21503140418",54.6604958500409
"2737","21503140419",12.6081488701728
"2738","21503140420",10.0832159300616
"2739","21503140421",145.108488295317
"2740","21503140422",176.569444884746
"2741","21503140423",15.8291452176535
"2742","21503140424",174.572592673021
"2743","21503140425",195.426530389589
"2744","21503140426",61.4890643254175
"2745","21503140427",196.963016557655
"2746","21503140428",4.06239336285506
"2747","21503140501",0.0473809579249568
"2748","21503140502",0.297930958344331
"2749","21503140503",0.00122442234771756
"2750","21503140505",0.00203983509699728
"2751","21503140510",0.186748643397962
"2752","21503140511",6.63535314871903
"2753","21503140512",6.04087547548305
"2754","21503140516",2.82066538970612
"2755","21503140517",13.052266704305
"2756","21503140518",0.195008298226097
"2757","21503140519",0.0700994150361119
"2758","21503140521",0.0467494441115031
"2759","21503140522",0.19167853291442
"2760","21503140523",2.88239570489399
"2761","21601140601",244.309629598787
"2762","21601140602",299.258222222449
"2763","21601140603",329.187266805203
"2764","21601140604",278.842796555888
"2765","21601140605",154.673974868628
"2766","21601140606",29.665639891397
"2767","21601140607",160.652362571716
"2768","21601140608",10.6136924324817
"2769","21601140609",323.624296161832
"2770","21601140610",136.278386523307
"2771","21601140611",312.9057416691
"2772","21601140612",158.672579954598
"2773","21601140613",15.0845525698146
"2774","21601140614",315.529249185771
"2775","21601140615",0.133559747029977
"2776","21601140616",127.448915062141
"2777","21601140617",217.097784595116
"2778","21601140618",152.689217473229
"2779","21601140619",250.846555159634
"2780","21601140620",48.8194134745212
"2781","21601140621",118.978242820585
"2782","21601140622",5.58447583815624
"2783","21601140623",229.280873750474
"2784","21601140624",200.128310794757
"2785","21601140625",283.289015087013
"2786","21601140626",187.569012780907
"2787","21601140627",13.6464878457055
"2788","21601140628",42.6837834330705
"2789","21601140629",20.309617523205
"2790","21601140630",0.23033167289767
"2791","21601140632",1.19278139550172
"2792","21601140633",100.88205153338
"2793","21601140634",53.3759889674509
"2794","21601140635",2.32019119130516
"2795","21601140638",152.077732834017
"2796","21601140639",1.39768643971963
"2797","21601140701",7.86221294004164
"2798","21601140704",0.065094226221374
"2799","21601140708",3.89517360627281
"2800","21601140723",0.132604510663145
"2801","21601140724",3.59566271038304
"2802","21601140730",1.98708892921439
"2803","21601140806",1.46859794096468
"2804","21601140811",0.0142349653907758
"2805","21601140812",0.00115558121100012
"2806","21601140901",12.8231536393765
"2807","21601140903",10.6557795850799
"2808","21601140904",12.3169007603485
"2809","21601140905",6.57465943114997
"2810","21601140906",8.67447535505845
"2811","21601140908",3.85884012717673
"2812","21601140909",2.15620769198198
"2813","21601140910",0.00923680555246597
"2814","21601140911",0.00845654826427517
"2815","21601141001",0.00172414223815054
"2816","21601141004",0.029925510925821
"2817","21601141006",0.0144970386701075
"2818","21601141007",0.399311987695344
"2819","21601141008",1.53807101979197
"2820","21601141009",1.47765499717177
"2821","21601141010",5.65130719466578
"2822","21601141011",0.920473770129552
"2823","21601141012",6.59245624349583
"2824","21602141101",0.662850131282167
"2825","21602141102",0.711347928339743
"2826","21602141103",0.711754711736154
"2827","21602141104",0.0482620757867084
"2828","21602141105",0.0189647154084754
"2829","21602141106",2.22401907915524
"2830","21602141107",3.07533618608741
"2831","21602141108",3.137677759747
"2832","21602141109",1.09760716992627
"2833","21602141110",3.37760219033916
"2834","21602141111",7.61347933475932
"2835","21602141112",10.4464851337101
"2836","21602141113",3.80181513933411
"2837","21602141114",3.33391947332913
"2838","21602141115",0.119776019231894
"2839","21602141116",5.0303015845563
"2840","21602141204",0.0455708791631071
"2841","21602141207",1.42563354589197
"2842","21602141309",0.00137867256629725
"2843","21602141338",0.771298686156957
"2844","21602141401",83.4742427317122
"2845","21602141402",89.2896149620624
"2846","21602141403",67.604673723117
"2847","21602141404",195.424122684592
"2848","21602141405",213.29966557824
"2849","21602141406",97.6923830210082
"2850","21602141407",6.81445866196921
"2851","21602141408",135.828213235649
"2852","21602141409",160.954044971162
"2853","21602141410",1.34298669164377
"2854","21602141411",35.7822599906056
"2855","21602141413",128.236100523021
"2856","21602141415",87.0936537274523
"2857","21602141416",169.82062558254
"2858","21602141417",115.947116553991
"2859","21602141418",17.4597946443859
"2860","21602141419",5.49587896297548
"2861","21602141420",134.223641875838
"2862","21602141421",55.2657727146163
"2863","21603141501",356.539679002141
"2864","21603141502",109.430526997068
"2865","21603141503",229.005638392107
"2866","21603141504",272.792763895958
"2867","21603141505",149.25774168772
"2868","21603141506",49.4686271005999
"2869","21603141507",112.378158994042
"2870","21603141508",73.2823734923071
"2871","21603141509",50.8672795326077
"2872","21603141510",146.438478744585
"2873","21603141511",83.0811218175443
"2874","21603141512",13.5112774389716
"2875","21603141513",37.583035488067
"2876","21603141514",89.3177001387433
"2877","21603141515",294.920860362974
"2878","21603141516",178.115742760447
"2879","21603141518",0.587741684704507
"2880","21603141520",121.977507678081
"2881","21603141521",91.2393747436717
"2882","21603141522",7.39221476228265
"2883","21603141523",51.7757553405513
"2884","21603141524",6.24191507307058
"2885","21603141525",3.95316365543585
"2886","21603141603",77.657588916257
"2887","21603141604",372.85821234949
"2888","21603141605",905.593937229879
"2889","21603141606",630.008065055201
"2890","21603141607",349.818274490634
"2891","21603141608",578.791952983986
"2892","21603141609",125.184377635277
"2893","21603141610",155.621340402372
"2894","21603141611",111.043674226705
"2895","21603141612",0.136314043252664
"2896","21603141613",53.8736850452159
"2897","21603141614",1019.47827961859
"2898","21603141615",696.837724863752
"2899","21603141616",41.9318030284769
"2900","21603141617",155.920207141037
"2901","21603141618",1369.49560781647
"2902","21603141619",1357.48817501488
"2903","21603141620",707.61493739475
"2904","21603141621",1037.72103483281
"2905","21603141622",61.1792345446112
"2906","21603141623",309.69727820466
"2907","21603141624",270.822151835628
"2908","21603141625",595.64715194705
"2909","21603141626",878.314230830729
"2910","21603141627",1056.636293284
"2911","21603141628",1028.00434067207
"2912","21603141629",854.024248029207
"2913","21603141630",180.551181909117
"2914","21603141631",821.839927435643
"2915","21603141632",508.377867595686
"2916","21603141633",578.150967723639
"2917","21603141634",791.859014686136
"2918","21603141635",522.86958933301
"2919","21603141636",798.630703633075
"2920","21603141637",45.2638980798826
"2921","21603141638",411.245538275952
"2922","21603141639",330.288748415511
"2923","21603141640",269.841097993365
"2924","21603141641",307.648256414767
"2925","21603141642",826.900291500496
"2926","21603141643",879.880710165817
"2927","21603141644",540.881943159846
"2928","21603141645",45.1332160104258
"2929","21603141646",0.573961672890284
"2930","21603141905",0.898792398226366
"2931","21603141906",3.52092228804968
"2932","21603141916",0.0681437940851285
"2933","21603141917",0.00405342474410832
"2934","21603141920",0.430489978162872
"2935","21603141921",7.29983695599084
"2936","21603141923",0.341914522216084
"2937","21603141928",2.22046893024501
"2938","21603141929",0.000128924390943512
"2939","21603159301",8.80440562615928
"2940","21603159302",133.874240835881
"2941","21603159303",246.145479673559
"2942","21603159306",117.086049532618
"2943","21603159307",1.0833633826369
"2944","21603159308",224.771121285352
"2945","21603159310",24.3617581808025
"2946","21603159311",0.0591883663818097
"2947","21603159312",1.79107017789116
"2948","21603159313",199.191796414131
"2949","21603159315",147.194397528809
"2950","21603159316",63.1041077221589
"2951","21603159317",173.971429937109
"2952","21603159318",160.606983465216
"2953","21603159320",89.0290028040756
"2954","21603159401",1281.20704730689
"2955","21603159402",560.984548148485
"2956","21603159403",480.914448877075
"2957","21603159404",291.105013190583
"2958","21603159405",379.068197313366
"2959","21603159408",1100.55179423655
"2960","21603159409",170.87746070957
"2961","21603159410",471.897553952875
"2962","21603159411",494.818408859922
"2963","21603159412",831.281186680623
"2964","21603159413",638.361932375191
"2965","21603159414",756.572608485504
"2966","21603159415",70.6063643785067
"2967","21603159416",890.955034099495
"2968","21603159418",1110.95907543261
"2969","21603159419",745.112522415074
"2970","21603159421",157.089682946386
"2971","21603159422",399.623653520925
"2972","21603159423",316.486635101554
"2973","21603159424",6.24460489124505
"2974","21603159425",654.227195157507
"2975","21603159426",799.800368495239
"2976","21603159427",77.3248399223872
"2977","21603159428",773.076136051642
"2978","21603159429",503.414235194238
"2979","21603159430",1128.85970707814
"2980","21603159431",1113.31289273755
"2981","21603159433",542.305016254362
"2982","21603159435",385.486345758569
"2983","21603159436",504.491186297904
"2984","21603159437",271.262146552184
"2985","21603159438",7.39127886462745
"2986","21603159439",556.374517382908
"2987","21603159440",153.610875783965
"2988","21701142006",0.0981121013747331
"2989","21701142012",7.14306368114383
"2990","21701142022",0.0505730257128697
"2991","21701142023",0.0339283836555094
"2992","21701142024",0.604924873664307
"2993","21701142025",0.000415433207757791
"2994","21701142030",0.487944518559844
"2995","21701142031",0.788214386524997
"2996","21701142101",84.9986267620244
"2997","21701142102",75.0464096668884
"2998","21701142103",71.3374289524327
"2999","21701142104",12.1875727754172
"3000","21701142105",186.371513303396
"3001","21701142106",72.0947224898036
"3002","21701142107",66.5273207044154
"3003","21701142108",218.841342812878
"3004","21701142109",3.01627024969109
"3005","21701142110",0.0445728273998261
"3006","21701142112",206.371496720105
"3007","21701142113",134.235520467397
"3008","21701142114",1.56659313822668
"3009","21701142115",88.785307025303
"3010","21701142116",109.44789504619
"3011","21701142117",3.09477705396123
"3012","21701142118",128.621403688228
"3013","21701142119",134.056041921646
"3014","21701142120",156.755974241064
"3015","21701142121",310.845189545822
"3016","21701142122",354.948667859515
"3017","21701142123",107.470130438392
"3018","21701142124",174.320856151023
"3019","21701142125",152.23056291039
"3020","21701142126",169.940347279782
"3021","21701142127",137.561923546362
"3022","21701142128",229.465220563066
"3023","21701142129",0.23196736920808
"3024","21701142130",10.6330311338926
"3025","21701142202",73.3256326255069
"3026","21701142203",129.679876494162
"3027","21701142204",86.6599515850249
"3028","21701142205",121.300399826094
"3029","21701142207",0.441313997330833
"3030","21701142208",25.955325567998
"3031","21701142209",132.318362189043
"3032","21701142210",78.3349802768714
"3033","21701142211",150.961800402501
"3034","21701142212",3.15541313740419
"3035","21701142213",212.928329433721
"3036","21701142214",141.628042904569
"3037","21701142215",113.538515774874
"3038","21701142216",33.753435682899
"3039","21701142217",44.0159276963292
"3040","21701142218",18.236232663791
"3041","21701142219",8.73600627888609
"3042","21701142221",106.599254485591
"3043","21701142222",291.394974408507
"3044","21701142223",88.8530582833902
"3045","21701142224",155.673402403818
"3046","21701142225",134.944814446259
"3047","21701142226",0.148053872331063
"3048","21701142228",143.193707361605
"3049","21701142231",15.8860488209208
"3050","21701142232",233.949155918706
"3051","21701142233",4.62460350205481
"3052","21701142234",145.276258539228
"3053","21701142235",119.2332579739
"3054","21701142301",0.0225151626145367
"3055","21701142306",0.65794275577605
"3056","21701142312",0.000107281169802762
"3057","21701142316",0.00456247028288728
"3058","21701142319",0.107250793662746
"3059","21703147101",4.95974729988816
"3060","21703147102",27.0710507668049
"3061","21703147103",10.3732216586725
"3062","21703147105",3.60485870074902
"3063","21703147106",6.03393429899607
"3064","21703147107",5.59491646263461
"3065","21703147109",0.0156971785648529
"3066","21703147111",15.7821891265074
"3067","21703147201",15.9873706451309
"3068","21703147202",26.8528810581744
"3069","21703147203",108.424687158855
"3070","21703147204",230.380150294743
"3071","21703147205",295.60849639432
"3072","21703147206",29.6480780627595
"3073","21703147207",182.005207884397
"3074","21703147208",40.0896525332861
"3075","21703147209",193.463060463303
"3076","21703147210",106.893478738715
"3077","21703147211",112.677372724594
"3078","21703147212",0.142637999535482
"3079","21703147213",87.1282140992793
"3080","21703147214",78.7218893233041
"3081","21703147215",24.4235946863947
"3082","21703147216",87.774401721778
"3083","21703147217",103.347994364592
"3084","21703147218",137.768772859672
"3085","21703147219",117.208800810044
"3086","21703147220",125.653743849529
"3087","21703147221",156.23816091954
"3088","21703147222",150.628212975167
"3089","21703147223",45.7205350477062
"3090","21703147224",10.1069657632306
"3091","21703147225",132.64954535343
"3092","21703147226",238.376595786932
"3093","21703147227",180.446101140266
"3094","21703147228",0.807247577901716
"3095","21703147229",213.58777310044
"3096","21703147230",80.8692451243147
"3097","21703147231",205.008447133419
"3098","21703147301",0.00814528666518784
"3099","21703147302",0.00068916780871387
"3100","21703147306",0.87168050209858
"3101","21703147307",0.207280142977802
"3102","21703147311",0.389270789114241
"3103","21703147312",0.148022449988759
"3104","21703147313",0.210006269699542
"3105","21703147315",0.000865509106467264
"3106","21703147316",0.0201819926286828
"3107","21703147501",6.52718176969587
"3108","21703147503",0.000982341744517158
"3109","21703147507",7.9692488383125
"3110","21703147508",0.497263317223584
"3111","21703147509",7.01173560904318
"3112","21703147510",28.6126423987652
"3113","21703147513",3.40013389706731
"3114","21703147514",17.7717163011161
"3115","21703147515",17.6984645607751
"3116","21703147516",0.11003874868555
"3117","21703147519",15.8032307868695
"3118","21703147520",4.74222163467267
"3119","21703147522",0.12895612567426
"3120","21703147524",0.00143706976523442
"3121","21703147601",9.86410920649593
"3122","21703147602",0.0478741268313534
"3123","21703147603",0.325112202429312
"3124","21703147605",0.358546866791405
"3125","21703147607",0.259063762334343
"3126","21703147608",0.116580059676813
"3127","21703147609",11.6683798336267
"3128","21704147703",3.38518656089468
"3129","21704147704",0.0165701166683429
"3130","21704147705",0.449401646204611
"3131","21704147707",0.0206106347523101
"3132","21704147708",1.9648849892754
"3133","21704147709",0.21079604749558
"3134","21704147710",0.0181341544445324
"3135","21704147715",8.08501513382798e-06
"3136","21704147801",55.2470936223913
"3137","21704147803",17.0020583194573
"3138","21704147804",36.3139091329689
"3139","21704147806",2.10081270096387
"3140","21704147808",17.7634784966201
"3141","21704147812",98.0256862732387
"3142","21704147814",14.9487391949386
"3143","21704147815",127.041001496483
"3144","21704147816",123.741114082708
"3145","21704147817",17.65510296248
"3146","21704147819",21.0000925533499
"3147","21704147820",0.0849212954054134
"3148","21704147821",46.4993521279347
"3149","21704147822",9.48431087391771
"3150","21704147823",1.37886664841805
"3151","21704147824",18.8499664288914
"3152","21704147825",122.913227491429
"3153","21704147827",0.397039714226033
"3154","21704147828",1.98837015460108
"3155","21704147902",196.764081842919
"3156","21704147903",522.875635958923
"3157","21704147904",120.943567910479
"3158","21704147907",644.471691962608
"3159","21704147908",687.457870770224
"3160","21704147909",397.234766849593
"3161","21704147910",325.607373756621
"3162","21704147911",408.286785858011
"3163","21704147912",390.799934446997
"3164","21704147913",273.112147459726
"3165","21704147914",440.853911523249
"3166","21704147916",75.1747633707085
"3167","21704147917",444.920328961879
"3168","21704147918",201.515403919587
"3169","21704147919",249.775067386219
"3170","21704147920",43.8285706885275
"3171","21704147921",139.214734836659
"3172","21704147922",128.832745239986
"3173","21704147923",496.416056445774
"3174","21704147924",361.115196768359
"3175","21704147925",1135.63753219383
"3176","21704147926",787.975712882403
"3177","21704147927",680.076968699722
"3178","21704147928",623.127594387424
"3179","21704147929",251.824842889132
"3180","21704147930",883.060451274862
"3181","21704147931",609.208748021922
"3182","21704147932",648.486784926023
"3183","21704147933",20.5868068183684
"3184","21704147934",500.652092293524
"3185","21704147935",379.357313436148
"3186","21704147936",294.431401861875
"3187","21704147937",540.946812464245
"3188","21704147938",823.838769447884
"3189","21704147939",384.965145089301
"3190","21704147941",393.957191031228
"3191","21704147942",191.075536449974
"3192","21704147944",651.845964744125
"3193","21704147945",5.34033600940523
"3194","21704147946",159.76684499097
"3195","21704147947",364.492578332949
"3196","21704147948",458.146696945887
"3197","21704147949",469.255287957656
"3198","21704147950",345.914800047847
"3199","21704147951",127.403028423313
"3200","21704147952",720.731501585363
"3201","21704147953",611.135836710553
"3202","21704147954",109.577701062716
"3203","21704147955",11.5249906712857
"3204","21704147956",69.4092780353074
"3205","21704147957",255.768730865277
"3206","21704147958",625.053648542871
"3207","21704147960",3.52394364975663
"3208","21704148001",46.9740623283236
"3209","21704148002",306.863853668004
"3210","21704148003",28.006062987614
"3211","21704148004",560.428460912188
"3212","21704148005",1055.02847370486
"3213","21704148006",921.512556998605
"3214","21704148007",446.638808431692
"3215","21704148008",638.65896979463
"3216","21704148009",540.777840335238
"3217","21704148010",509.527410371041
"3218","21704148011",498.348266237293
"3219","21704148012",497.089531003508
"3220","21704148013",237.685815694192
"3221","21704148014",132.836522450917
"3222","21704148015",425.309823444724
"3223","21704148016",386.277134679134
"3224","21704148017",300.828091313391
"3225","21704148018",24.9020796637465
"3226","21704148019",277.106625075012
"3227","21704148020",60.7085013708248
"3228","21704148021",490.435338210758
"3229","21704148022",311.873252941095
"3230","21704148023",371.221070720556
"3231","21704148024",412.233055442233
"3232","21704148025",689.821512642202
"3233","21704148026",571.507918832345
"3234","21704148027",0.757539085141605
"3235","21704148028",56.727262385216
"3236","21704148029",217.845727054242
"3237","21704148030",483.052997354817
"3238","21704148031",0.283635170726237
"3239","21704148032",36.566141107513
"3240","21704148033",81.796139044195
"3241","21704148034",389.814278298177
"3242","21704148035",235.560813894788
