"","area_id","SI"
"1","20401105401",4.67535167950447
"2","20401105402",7.92592865017393
"3","20401105403",1.49313007992133
"4","20401105407",0.0685924652125943
"5","20401105408",0.107258384522557
"6","20401105409",0.0755542339742312
"7","20401105411",5.59187690028726
"8","20401105412",5.34761491000949
"9","20401105413",0.000238220484960843
"10","20401105414",0.940492733599602
"11","20401105417",0.0498757349723353
"12","20401105418",0.956087558771635
"13","20401105419",0.464273058449722
"14","20601110601",2175.03178505122
"15","20601110605",1633.95957483799
"16","20601110606",1918.03875670474
"17","20601110608",792.59494119794
"18","20601110609",1712.02137718343
"19","20601110610",1824.37076981807
"20","20601110611",2176.78955665741
"21","20601110612",2542.34635106926
"22","20601110613",1224.97705837142
"23","20601110614",857.764086272435
"24","20601110615",1256.61636189685
"25","20601110616",1505.2697372839
"26","20601110617",1209.02586349097
"27","20601110618",2365.28650531899
"28","20601110619",2324.102181477
"29","20601110620",3877.02174235397
"30","20601110621",4190.93624823764
"31","20601110622",3610.28875996688
"32","20601110623",2473.74797648555
"33","20601110624",4084.23823318443
"34","20601110625",3171.76779456541
"35","20601110626",1757.70887151783
"36","20601110627",2479.60456304628
"37","20601110628",1378.20084503491
"38","20601110629",1595.17113533255
"39","20601110630",1368.67398921519
"40","20601110701",3810.49627146522
"41","20601110702",3058.50984638917
"42","20601110703",2308.50332137429
"43","20601110704",2618.75160016755
"44","20601110705",1521.47094904666
"45","20601110706",1166.51781810043
"46","20601110707",1393.70623962839
"47","20601110708",1377.22840196518
"48","20601110710",1089.27054650189
"49","20601110712",1663.01861129253
"50","20601110713",1805.40702302144
"51","20601110714",1529.4732823896
"52","20601110715",1223.40314149917
"53","20601110716",1939.89737578953
"54","20601110717",1274.52601500415
"55","20601110718",1343.58881592487
"56","20601110719",1443.08987238692
"57","20601110720",1308.53117139377
"58","20601110721",1164.75415857711
"59","20601110722",1288.8935926308
"60","20601110723",980.775779968855
"61","20601110724",1782.93128993997
"62","20601110725",1643.36714188147
"63","20601110726",3316.23244475631
"64","20601110727",1471.37470438544
"65","20601110728",1705.47482669205
"66","20601110729",1846.34121934082
"67","20601110730",3184.50720878488
"68","20601110731",1236.40081930932
"69","20601110732",1169.82106896373
"70","20601110733",1341.14359877023
"71","20601110734",1064.88035219362
"72","20601110735",1053.7134849023
"73","20601110736",1236.86895896661
"74","20601110901",2772.90216861125
"75","20601110902",1066.22331704823
"76","20601110903",3397.38773462616
"77","20601110904",899.68651064995
"78","20601110905",1385.58298818459
"79","20601110906",1433.11148682748
"80","20601110907",1008.97850879961
"81","20601110908",1040.37371436988
"82","20601110909",1395.14862969745
"83","20601110910",1188.46799125784
"84","20601110911",833.235901162573
"85","20601110912",2127.4280969644
"86","20601110913",1638.6633074213
"87","20601110914",1328.78616597348
"88","20601110915",643.629985783492
"89","20601110916",526.778736561612
"90","20601110917",312.613769009776
"91","20601110918",412.940055047137
"92","20601110919",1858.88481875315
"93","20601110920",3175.79319474649
"94","20601110921",3960.82683333563
"95","20601110922",5112.52323675022
"96","20601110923",315.398954253818
"97","20601110924",618.124695514525
"98","20601149501",1258.59789719964
"99","20601149502",1447.52732639633
"100","20601149503",1814.7450001106
"101","20601149504",1755.9507036628
"102","20601149505",2032.41478235452
"103","20601149506",1641.04233756689
"104","20601149507",1066.64114040834
"105","20601149508",2197.84551555331
"106","20601149509",1930.15918883999
"107","20601149510",1047.9670226008
"108","20601149511",1299.12792202442
"109","20601149512",1127.26717826475
"110","20601149513",1009.86376655603
"111","20601149514",1385.79071945838
"112","20601149515",1047.63646164666
"113","20601149516",1280.60986711134
"114","20601149517",1282.65371676485
"115","20601149518",1514.62198609529
"116","20601149519",999.714421052469
"117","20601149520",1151.60241621884
"118","20601149521",2274.65475062924
"119","20601149522",2198.37752275098
"120","20601149523",1199.90081457427
"121","20601149524",1220.54708123948
"122","20601149525",1755.76682848281
"123","20601149526",989.501549947405
"124","20601149527",1501.55891018611
"125","20601149528",1688.36661618429
"126","20601149529",1366.05127160545
"127","20601149530",1098.78218108269
"128","20601149531",1649.30067593557
"129","20601149532",2135.33289043108
"130","20601149601",1186.22755259982
"131","20601149602",1398.50930169544
"132","20601149603",1671.75230529704
"133","20601149604",2174.20919795954
"134","20601149605",972.612368287523
"135","20601149606",1059.4408279956
"136","20601149607",1278.40246454851
"137","20601149608",1877.55313021958
"138","20601149609",1592.46927643195
"139","20601149610",1164.70505146145
"140","20601149611",1607.29017655483
"141","20601149612",2314.92424021576
"142","20601149613",1375.33571325589
"143","20601149614",1402.405667452
"144","20601149615",1854.11999036948
"145","20601149616",2292.7108426349
"146","20601149617",2008.52133191835
"147","20601149618",1720.58094417994
"148","20601149619",1762.37437276397
"149","20601149620",1684.67693878464
"150","20601149621",1370.6690071656
"151","20601149622",2668.80679689731
"152","20601149623",1954.99473680771
"153","20601149624",2192.36271423534
"154","20601149625",1672.90898934742
"155","20601149626",1991.28723316076
"156","20601149627",1707.52357282044
"157","20601149628",1296.63118166437
"158","20601149701",379.270999301496
"159","20601149702",3837.64549450202
"160","20601149703",987.971884922034
"161","20601149704",940.855842622835
"162","20601149705",4976.73687493278
"163","20601149706",5207.12006996561
"164","20601149707",310.313298077638
"165","20601149708",2323.88176953442
"166","20601149709",5862.49828145261
"167","20601149710",4814.49585867931
"168","20601149711",2573.76989841562
"169","20601149712",2489.92529659341
"170","20601149713",948.224535633051
"171","20601149714",264.670139536438
"172","20601149715",1094.77867403526
"173","20601149716",1055.89209438798
"174","20601149717",838.91945488306
"175","20601149718",657.274594415978
"176","20601149719",2482.24514759762
"177","20601149720",3098.82228006343
"178","20601149721",1536.18490692127
"179","20601149722",65.2396434871966
"180","20601149723",604.282731067479
"181","20601149724",134.090131990251
"182","20601149725",677.137133759676
"183","20601149726",1017.9768698003
"184","20601149801",4997.61829165306
"185","20601149802",974.994023989442
"186","20601149803",2494.6937538055
"187","20601149805",4381.1458861725
"188","20601149806",1636.24928944766
"189","20601149807",1247.45165119159
"190","20601149808",1737.73158307638
"191","20601149809",5880.34913335809
"192","20601149810",857.1236026052
"193","20601149811",986.220463542627
"194","20601149812",1374.66849968131
"195","20601149813",4834.55373706166
"196","20601149814",1644.01339238155
"197","20601149815",1936.46898175335
"198","20601149816",1829.42855325953
"199","20601149817",1507.09480999167
"200","20601149818",5704.93365524151
"201","20601149819",4266.08653645228
"202","20601149820",1126.02091508242
"203","20601149821",6041.48879188088
"204","20601149822",5024.50942899309
"205","20601149823",4430.13681612018
"206","20601149825",785.982845502448
"207","20601149826",252.17658398311
"208","20601149827",5109.40548948289
"209","20601149828",1846.12881807994
"210","20601149829",5556.34991326475
"211","20601149830",4450.50342864671
"212","20601149831",2192.33227985056
"213","20601149832",445.472798444372
"214","20601149833",583.030680409573
"215","20601149834",1249.93563397205
"216","20602111001",1292.66953018032
"217","20602111002",1739.08567357439
"218","20602111003",1535.75497137317
"219","20602111004",1524.32796073835
"220","20602111005",2474.18614563742
"221","20602111006",2925.2653153136
"222","20602111007",3398.73502577094
"223","20602111008",2641.0559643115
"224","20602111009",2873.77780606763
"225","20602111010",3388.54418846421
"226","20602111011",987.004874119141
"227","20602111012",1077.05903311693
"228","20602111013",3021.66648887286
"229","20602111014",2532.91141512619
"230","20602111015",2011.20335158642
"231","20602111016",1098.79610892784
"232","20602111017",1903.2177842099
"233","20602111018",939.708934199604
"234","20602111019",1030.30041121694
"235","20602111020",484.96670217053
"236","20602111021",2608.81076666293
"237","20602111022",3079.95793920543
"238","20602111201",1009.37822228487
"239","20602111202",3052.25844051576
"240","20602111203",3534.82316958834
"241","20602111204",875.969254045889
"242","20602111205",1676.67971534091
"243","20602111206",573.44807526138
"244","20602111207",758.668231739974
"245","20602111208",1003.68096673208
"246","20602111209",1012.08052836066
"247","20602111210",3381.91155456276
"248","20602111211",712.668150337105
"249","20602111212",1714.52345296843
"250","20602111213",971.965182347767
"251","20602111214",1108.48850055945
"252","20602111215",1949.41481739341
"253","20602111216",2992.08555816985
"254","20602111217",2723.1366524976
"255","20602111218",5868.87698150602
"256","20602111219",4410.56661836266
"257","20602111220",5194.31176910822
"258","20602111221",779.671151235446
"259","20602111222",0.138704197860886
"260","20602111223",1191.07353149036
"261","20602111224",1281.51288474314
"262","20602111225",4466.47162462846
"263","20602111227",3587.33922869819
"264","20602111228",226.941479218983
"265","20602111230",1210.39047702176
"266","20602111231",1263.25679839153
"267","20602111232",1077.07508392132
"268","20602111233",322.159445577207
"269","20602111234",229.767781080724
"270","20602111235",1043.70581061709
"271","20602111236",888.473112549972
"272","20602111237",1138.90525614694
"273","20602111238",904.979039794056
"274","20602111239",835.871863639331
"275","20602111240",2649.55327188933
"276","20602111241",2277.90832768262
"277","20602111242",750.618040504861
"278","20602149901",2906.87907306732
"279","20602149902",1380.59453703727
"280","20602149903",3341.52825059845
"281","20602149904",4556.36686508648
"282","20602149905",2008.1276448986
"283","20602149906",533.697197064417
"284","20602149907",3629.32028757231
"285","20602149908",5726.93807979703
"286","20602149909",2257.79616285046
"287","20602149910",3315.8313317942
"288","20602149911",1554.02171322231
"289","20602149912",3208.67602878679
"290","20602149913",3856.62677087962
"291","20602149914",1904.23374146292
"292","20602149915",3505.52785618548
"293","20602149916",1267.21519724064
"294","20602149917",2888.67404708712
"295","20602149918",2794.49920537541
"296","20602149919",613.073079838577
"297","20602149920",2687.39374038632
"298","20602149921",4503.25043331971
"299","20602149922",1736.58498515898
"300","20602149923",1337.80153028708
"301","20602149924",2642.69643824203
"302","20602149925",4211.09931899113
"303","20602149926",1172.1512956168
"304","20602149927",4814.76135568523
"305","20602149928",3396.82563936658
"306","20602149929",2162.95757001934
"307","20602149930",5838.84411686016
"308","20602149931",4160.10287559138
"309","20602149932",1201.3391959375
"310","20602149933",4419.69130415599
"311","20602149934",4207.62525427645
"312","20602150001",1551.35203400674
"313","20602150002",1262.63451509821
"314","20602150003",445.362288544035
"315","20602150004",125.05940353434
"316","20602150005",75.1144901890593
"317","20602150006",190.333734063352
"318","20602150007",1161.50833800531
"319","20602150008",1329.93586194214
"320","20602150009",498.024598042009
"321","20602150010",1615.51647969827
"322","20602150011",361.901223637164
"323","20602150012",2018.8936384556
"324","20602150014",1252.98492979334
"325","20602150015",1059.08326451875
"326","20602150016",747.417294308208
"327","20602150017",284.242619206251
"328","20602150018",508.478538194408
"329","20602150019",228.492821499447
"330","20602150020",3906.24980852961
"331","20602150021",1645.7607664684
"332","20602150022",944.400772381534
"333","20602150023",491.334464633408
"334","20602150024",792.785481206085
"335","20603111301",40.5644063777263
"336","20603111302",249.398632210019
"337","20603111303",233.151392695076
"338","20603111304",2425.66218771072
"339","20603111305",2200.44255088075
"340","20603111306",1076.09756843074
"341","20603111307",672.288175705372
"342","20603111308",62.2347219972209
"343","20603111309",1089.1548432453
"344","20603111310",106.023528677018
"345","20603111311",1587.79116610938
"346","20603111312",2115.81627141132
"347","20603111313",1406.43894136706
"348","20603111314",3045.50823742491
"349","20603111315",2586.36050341326
"350","20603111316",2435.98387229098
"351","20603111317",1193.46903119882
"352","20603111318",249.093022755019
"353","20603111319",709.681503425662
"354","20603111320",3380.91700845668
"355","20603111321",1977.6989857524
"356","20603111322",3646.63595668553
"357","20603111323",1990.63722901883
"358","20603111324",63.8680669034939
"359","20603111325",1483.69588206921
"360","20603111326",3865.06460870136
"361","20603111327",1826.19821014829
"362","20603111328",848.020987293562
"363","20603111329",983.836825704589
"364","20603111330",68.9133216790255
"365","20603111331",2102.17369493954
"366","20603111332",989.567143175985
"367","20603111501",55.7350934205978
"368","20603111502",44.8447446814699
"369","20603111503",10.0572711867839
"370","20603111505",47.2146001480997
"371","20603111506",4.78327885778433
"372","20603111507",0.0249837665501981
"373","20603111508",15.0995357397718
"374","20603111509",779.564365668749
"375","20603111510",1032.33289985209
"376","20603111511",353.155835292869
"377","20603111513",599.576381610949
"378","20603111515",629.318146224953
"379","20603111516",90.0692152316272
"380","20603111518",15.2896352635786
"381","20603111519",16.9999999999942
"382","20603111520",3.10857565706457
"383","20603111521",13.9929238457993
"384","20603111522",47.723077289372
"385","20603111523",17.0986579676244
"386","20603111524",233.330374308731
"387","20603111525",949.055797221465
"388","20603111526",878.514710125316
"389","20603111527",830.581935356256
"390","20603111601",1264.12802470633
"391","20603111602",1711.49625772389
"392","20603111603",2988.71450206003
"393","20603111604",1663.80116324497
"394","20603111606",2449.66229980361
"395","20603111607",1084.22524553966
"396","20603111608",548.895084970367
"397","20603111609",2305.98766815398
"398","20603111610",1532.64070243121
"399","20603111611",884.511804304968
"400","20603111612",260.920127177989
"401","20603111613",1004.20365453571
"402","20603111614",4167.96729464851
"403","20603111615",2166.17000744596
"404","20603111616",3072.05927126869
"405","20603111617",1223.22415042396
"406","20603111618",7.30498137493716
"407","20603111619",349.953484462171
"408","20603111620",1210.29718884531
"409","20603111621",1818.89309514885
"410","20603111622",1594.0743036812
"411","20603111623",3183.52312031788
"412","20603111624",3347.09387531179
"413","20603111626",3300.53330223781
"414","20603111627",1237.36545545926
"415","20603111628",2900.67097264313
"416","20603111629",1974.25626129749
"417","20603111630",1972.3777853984
"418","20603111631",1769.23947596381
"419","20603111632",2460.16543064769
"420","20603111633",2180.24518076989
"421","20603111634",2541.04178900352
"422","20603111635",3318.92864201953
"423","20603111636",2359.17910468186
"424","20603150101",1756.37161235211
"425","20603150102",479.711097110722
"426","20603150103",956.086565975931
"427","20603150104",3310.45077905002
"428","20603150105",3547.99161253807
"429","20603150106",1381.94831866236
"430","20603150107",538.475977147142
"431","20603150108",4246.04441737436
"432","20603150109",1005.80548299311
"433","20603150110",5229.81953029259
"434","20603150111",661.467397231293
"435","20603150112",924.246022178399
"436","20603150113",1938.61811581991
"437","20603150114",3360.14123409174
"438","20603150115",956.054138399941
"439","20603150116",4547.35515576592
"440","20603150117",696.999792713165
"441","20603150118",1848.93910320142
"442","20603150119",1749.77051650858
"443","20603150120",4538.67715252471
"444","20603150121",1319.82479350819
"445","20603150122",1277.83886879017
"446","20603150123",722.83101762874
"447","20603150124",1773.64913374912
"448","20603150125",1568.41880280833
"449","20603150126",439.236891649456
"450","20603150127",3057.23403220999
"451","20603150128",998.725378912369
"452","20603150129",770.340273286944
"453","20603150130",998.023422714243
"454","20603150131",498.666032152836
"455","20603150132",4678.64451883135
"456","20603150133",4491.75364632706
"457","20603150134",1278.10197455895
"458","20603150135",2457.8804222544
"459","20603150201",2817.1193838616
"460","20603150202",4713.79648678347
"461","20603150203",3739.09263044918
"462","20603150204",771.80328342577
"463","20603150205",6206.27523583942
"464","20603150206",2440.58299830264
"465","20603150207",1886.10606448989
"466","20603150208",695.369979266848
"467","20603150209",4847.11243389467
"468","20603150210",3871.46431313775
"469","20603150211",4824.37939428473
"470","20603150212",3105.60051809571
"471","20603150213",1210.5457231833
"472","20603150214",2319.53722739578
"473","20603150215",3444.45534793233
"474","20603150216",1000.07315659649
"475","20603150217",4260.82437148194
"476","20603150218",1427.79091546765
"477","20603150219",2412.89597098519
"478","20603150220",2494.1568341469
"479","20603150221",2238.47422417681
"480","20603150222",1058.80686363812
"481","20603150223",2831.03915480241
"482","20603150224",1291.42470271129
"483","20603150225",1035.30729653426
"484","20603150226",2639.54690790544
"485","20603150227",1384.57292003894
"486","20603150228",403.134354603503
"487","20603150229",3362.94573667247
"488","20603150230",1488.06967975716
"489","20604111702",6041.16805248419
"490","20604111703",8514.66155785376
"491","20604111704",8083.70937650708
"492","20604111705",10209.1456208962
"493","20604111708",4419.51694545064
"494","20604111709",8619.65225346288
"495","20604111711",2997.3882548043
"496","20604111712",4008.16744135546
"497","20604111713",5760.49061231908
"498","20604111714",6513.43877889197
"499","20604111715",6398.78805498894
"500","20604111716",7848.70129767721
"501","20604111717",4768.1663861218
"502","20604111719",3162.15619379399
"503","20604111720",5167.62446887408
"504","20604111721",3632.914405417
"505","20604111722",6326.06484633978
"506","20604111723",5352.79816672164
"507","20604111724",6675.12643286182
"508","20604111725",8588.07828672348
"509","20604111726",9105.79962911249
"510","20604111727",8408.90321461024
"511","20604111728",6907.9076257863
"512","20604111729",6975.35189821503
"513","20604111731",5577.77012364131
"514","20604111733",6755.60237093238
"515","20604111734",5047.6066388415
"516","20604111735",5222.64453052181
"517","20604111736",6425.30326276062
"518","20604111737",1273.26078999168
"519","20604111738",1416.93376737308
"520","20604111739",3396.87269060206
"521","20604111740",5902.84930629991
"522","20604111741",1449.42405399142
"523","20604111742",3054.45354528214
"524","20604111743",2720.3852889378
"525","20604111744",2388.79026123971
"526","20604111745",3456.34553299716
"527","20604111746",2150.0035658153
"528","20604111747",39.1353025650563
"529","20604111748",3455.46640056285
"530","20604111749",3605.90478641238
"531","20604111750",3683.73896405084
"532","20604111801",724.000000000094
"533","20604111802",1175.86304834774
"534","20604111805",416.000000000033
"535","20604111806",415.999999999948
"536","20604111807",413.118930082256
"537","20604111808",1185.33911902714
"538","20604111811",1439.12555947484
"539","20604111815",2477.24101266019
"540","20604111816",2472.72894749885
"541","20604111817",597.350606656564
"542","20604111818",360.234139669879
"543","20604111820",443.246925668802
"544","20604111821",724
"545","20604111823",1571.05175186711
"546","20604111824",415.999999999894
"547","20604111825",416
"548","20604111826",415.999999999905
"549","20604111827",131.49319545035
"550","20604111828",1788.21234013995
"551","20604111829",416.000000000033
"552","20604111830",1030.17615074836
"553","20604111831",1833.77960587613
"554","20604111832",1601.46512581861
"555","20604111833",1490.3874256745
"556","20604111834",2352.316940943
"557","20604111835",411.128574548393
"558","20604111836",659.351459990246
"559","20604111837",207.394482640527
"560","20604111901",2308.34613436702
"561","20604111902",2433.35978739736
"562","20604111903",5049.85566272949
"563","20604111904",7209.37043232545
"564","20604111905",1489.79837741577
"565","20604111906",3806.3662980662
"566","20604111908",2381.60537177119
"567","20604111909",6976.30286242821
"568","20604111910",6659.8412848366
"569","20604111911",420.401243221637
"570","20604111913",1303.26494400327
"571","20604111915",4879.75538360367
"572","20604112001",503.226240475369
"573","20604112101",800.761337902497
"574","20604112102",2035.51782230643
"575","20604112103",1788.19603118346
"576","20604112104",75.3919207121061
"577","20604112105",68.1070552429499
"578","20604112106",3404.39106107121
"579","20604112108",1192.87696142584
"580","20604112109",1336.8595511047
"581","20604112110",2532.63185152148
"582","20604112111",849.828793549441
"583","20604112112",438.979961912635
"584","20604112113",151.168277652988
"585","20604112114",1889.74172982299
"586","20604112115",697.552061157905
"587","20604112116",2912.18437488622
"588","20604112118",3467.22215317603
"589","20604112119",2740.0779550168
"590","20604112121",321.54079057406
"591","20604112122",563.292214110873
"592","20604112123",613.090868395887
"593","20604112124",2126.36113325315
"594","20604112125",2994.29886247513
"595","20604112126",286.213378858497
"596","20604112127",3315.72753511803
"597","20604112128",2553.3848693007
"598","20604112129",201.740398109883
"599","20604112401",1221.72808846627
"600","20604112402",369.455271203977
"601","20604112404",487.711518091798
"602","20604112407",1615.38442798741
"603","20604112409",219.346613884057
"604","20604112410",332.842540714067
"605","20604112411",2442.63644589141
"606","20604112412",729.876630120274
"607","20604112415",309.056832137185
"608","20604112416",1866.87108961217
"609","20604112417",391.652507363646
"610","20604112418",1319.06758195099
"611","20604112419",739.056813163856
"612","20604112420",737.864115818771
"613","20604112421",274.768473727463
"614","20604112422",553.862483830709
"615","20604112501",1861.23547566558
"616","20604112503",409.501553147706
"617","20604112504",2357.10146947332
"618","20604112508",54.7329573303176
"619","20604112509",1167.12367963912
"620","20604112510",3483.79179708895
"621","20604112511",2887.52305790239
"622","20604112512",2910.05873589012
"623","20604112513",2023.68205949368
"624","20604112514",2775.98623971743
"625","20604112515",3713.26804606123
"626","20604112516",126.612627553773
"627","20604112517",265.192222637449
"628","20604112518",528.000000000126
"629","20604112519",1528.94695087433
"630","20604112520",390.000000000192
"631","20604112521",819.607908773465
"632","20604112522",1401.469913181
"633","20604112701",455.905704648344
"634","20604112702",1832.28437618519
"635","20604150301",9904.06319593728
"636","20604150302",13637.9629282652
"637","20604150303",12561.2263674325
"638","20604150304",7593.21502986237
"639","20604150305",14911.4948190258
"640","20604150306",15566.9207784855
"641","20604150307",11835.0031577826
"642","20604150308",7144.02363004474
"643","20604150309",12791.0256915543
"644","20604150310",14622.6638412606
"645","20604150311",6297.00900240898
"646","20604150312",10697.7525387301
"647","20604150313",12803.5207492593
"648","20604150314",14450.1595523843
"649","20604150315",3877.50699089209
"650","20604150316",12380.782918886
"651","20604150317",315.670053942654
"652","20604150318",10816.1264563379
"653","20604150319",2099.07480819507
"654","20604150320",10837.7301674333
"655","20604150321",10222.7129807258
"656","20604150322",641.255268796176
"657","20604150323",12379.6876683283
"658","20604150324",8303.4095877508
"659","20604150326",465.572788639197
"660","20604150327",3452.75650080013
"661","20604150401",1184.95400766697
"662","20604150402",15408.8483968731
"663","20604150403",5557.24685459157
"664","20604150404",823.973050090145
"665","20604150405",16908.5027636719
"666","20604150406",5230.39999045702
"667","20604150407",11786.2678599082
"668","20604150408",1012.93491285084
"669","20604150409",12528.0474734646
"670","20604150410",19861.8382868736
"671","20604150411",13209.8350103812
"672","20604150412",3139.70490165115
"673","20604150413",18747.9157705367
"674","20604150414",13408.1057777485
"675","20604150415",12844.3905643148
"676","20604150416",16599.0809191265
"677","20604150417",13318.3005052003
"678","20604150418",2220.07456989862
"679","20604150419",3803.92662465648
"680","20604150420",2975.264596779
"681","20604150421",11296.1540025481
"682","20604150422",8687.23784574935
"683","20604150423",18594.685633486
"684","20604150424",9778.94974267146
"685","20604150425",14919.5237333297
"686","20604150426",11583.6965626204
"687","20604150427",794.477376377622
"688","20604150428",1348.52247843682
"689","20604150429",4496.79381861817
"690","20604150430",15481.2358631649
"691","20604150431",3507.10458297807
"692","20604150432",21039.4379207398
"693","20604150433",21010.3241506956
"694","20604150434",2807.74192783169
"695","20604150501",13719.5496942311
"696","20604150502",1233.17901099023
"697","20604150503",5252.32589468537
"698","20604150504",3669.03985045914
"699","20604150505",5479.00000000154
"700","20604150506",1873.49247395109
"701","20604150507",1163.88022689581
"702","20604150508",18032.4158946433
"703","20604150509",2476.45256151274
"704","20604150510",4502.86277230783
"705","20604150511",6496.47461279959
"706","20604150512",5676.34851697105
"707","20604150513",1890.1311576869
"708","20604150514",2864.4214424785
"709","20604150515",9543.33003499935
"710","20604150516",4675.73640098163
"711","20604150517",19436.3698401779
"712","20604150518",10407.5522063046
"713","20604150519",20199.3951779752
"714","20604150520",1147.00000000057
"715","20604150521",2988.8071492288
"716","20604150522",5288.60845490745
"717","20604150523",9572.42886136044
"718","20604150524",11556.8805968986
"719","20604150525",3427.08742465605
"720","20604150526",17242.8380532692
"721","20604150527",5722.6335187231
"722","20604150528",19956.140243394
"723","20604150529",3692.52345626823
"724","20604150530",15860.6613994471
"725","20604150531",21474.5215492636
"726","20604150601",2865.89677970078
"727","20604150602",0.0257726463111306
"728","20604150603",671.683952550016
"729","20604150604",3298.47464271947
"730","20604150605",3714.30713741828
"731","20604150606",2892.53647806201
"732","20604150607",226.111124896161
"733","20604150608",854.981090269156
"734","20604150609",1969.90913088052
"735","20604150610",3155.18400440993
"736","20604150611",1049.38302400186
"737","20604150612",847.346291074149
"738","20604150613",1991.30745454658
"739","20604150614",3993.99159034156
"740","20604150615",103.885037869176
"741","20604150616",499.036031628936
"742","20604150617",2966.76747472246
"743","20604150618",2236.83831529722
"744","20604150619",2871.48342838317
"745","20604150620",3728.52699488028
"746","20604150621",2092.51435294465
"747","20604150622",1473.74939918924
"748","20604150623",3419.16174590307
"749","20604150624",2685.35133226398
"750","20604150625",1692.99421473345
"751","20604150626",1524.50649696353
"752","20604150627",1174.04257636638
"753","20604150628",1873.87765473862
"754","20604150629",1908.5171251676
"755","20604150630",2641.02877279392
"756","20604150631",1175.80139425481
"757","20604150632",539.325063538586
"758","20604150633",3588.43178482257
"759","20604150634",1457.24479897905
"760","20604150635",3147.99168529858
"761","20604150636",1395.13295618142
"762","20604150637",729.232946531968
"763","20604150638",2361.06541840785
"764","20604150639",2076.86721642034
"765","20604150701",358.584486234985
"766","20604150801",1940.0000000011
"767","20604150802",2129.33180134967
"768","20604150803",2335.96856308815
"769","20604150804",2197.506160932
"770","20604150805",2431.99999999861
"771","20604150806",2125.37851040912
"772","20604150807",2066.46073855487
"773","20604150808",818.875491278526
"774","20604150809",2168.4520455521
"775","20604150810",2410.04333716477
"776","20604150811",1986.06250709707
"777","20604150812",2387.11796049233
"778","20604150813",2413.07288764283
"779","20604150814",1644.78220918957
"780","20604150815",1937.14462512015
"781","20604150816",1894.23933277286
"782","20604150901",1501.26406651764
"783","20604150902",140.151889989164
"784","20604150903",1460.13293874344
"785","20604150904",1990.66535641761
"786","20604150905",2431.99999999893
"787","20604150906",333.113955223905
"788","20604150907",1985.00619208707
"789","20604150908",549.361701751589
"790","20604150909",332.103751402887
"791","20604150910",809.310811707779
"792","20604150911",130.332986883485
"793","20604150912",1749.16348948592
"794","20604150913",1940
"795","20604150914",774.677770534244
"796","20604150915",2224.35997500396
"797","20604150916",2208.06939252346
"798","20604150917",585.000000000106
"799","20604150921",2278.21274330879
"800","20604150922",2413.76560670583
"801","20604150923",2391.5327255793
"802","20604150924",2202.58735655452
"803","20604150925",1940
"804","20604150926",1684.75859313301
"805","20604150927",605.445295726866
"806","20604150928",1305.91286178748
"807","20604150929",1939.9999999974
"808","20604150930",215.231788942196
"809","20604150931",2432.00000000211
"810","20604150932",181.990917856881
"811","20604151001",4161.21586432643
"812","20604151002",4311.61511131785
"813","20604151003",3028.52933854556
"814","20604151004",4276.67005944359
"815","20604151005",3216.91516566512
"816","20604151006",4465.48778548347
"817","20604151007",4313.07700267246
"818","20604151008",4275.30117676991
"819","20604151009",2691.00025428953
"820","20604151010",4460.82807890257
"821","20604151011",3402.51558259133
"822","20604151012",3828.17365355211
"823","20604151013",2134.55639346253
"824","20604151014",6300.63365434939
"825","20604151015",4434.03611580364
"826","20604151016",4653.15893832788
"827","20605112801",504.517372018328
"828","20605112802",478.60191623042
"829","20605112803",117.386385687611
"830","20605112804",290.891792320395
"831","20605112805",24.7012999055137
"832","20605112807",288.613131338108
"833","20605112808",300.00621546223
"834","20605112809",453.624335278584
"835","20605112810",541.744586203125
"836","20605112811",590.951334290905
"837","20605112812",455.614525575684
"838","20605112813",568.855138517589
"839","20605112814",670.740881427084
"840","20605112815",490.241981599061
"841","20605112816",150.237795466456
"842","20605112817",586.946860277146
"843","20605112818",652.645082985659
"844","20605112819",370.830263617376
"845","20605112820",317.410812141804
"846","20605112821",498.42640287741
"847","20605112822",410.200124866587
"848","20605112823",194.482336701174
"849","20605112824",642.5514541428
"850","20605112825",576.335623507759
"851","20605112826",674.006050091097
"852","20605112828",90.1038563328901
"853","20605112832",51.6781940370314
"854","20605112833",665.922752972166
"855","20605112834",986.357310077809
"856","20605112835",1062.70479269859
"857","20605112840",17.1927518826228
"858","20605112901",544.04824383436
"859","20605112902",3750.96123267912
"860","20605112903",5066.37758704668
"861","20605112904",4856.63866381036
"862","20605112905",2813.77531087957
"863","20605112906",5281.42575114325
"864","20605112907",2133.2255537646
"865","20605112908",2737.17625725009
"866","20605112909",3872.07681351458
"867","20605112910",5827.62347649902
"868","20605112911",4883.26947971936
"869","20605112912",3675.02028384957
"870","20605112913",3241.36934640974
"871","20605112914",1997.24491226876
"872","20605112915",1921.63705328664
"873","20605112916",4123.22567924754
"874","20605112917",759.751557906229
"875","20605112918",2192.23263482901
"876","20605112919",1992.42221614917
"877","20605112920",2743.9641662289
"878","20605112921",3074.52788811153
"879","20605112922",3271.7415490323
"880","20605112923",746.642331917001
"881","20605112924",483.48907805101
"882","20605112925",1452.41378849511
"883","20605112926",494.43589806333
"884","20605112927",771.760031917205
"885","20605112928",1104.26626383893
"886","20605112929",1775.87643154363
"887","20605112930",1412.97556096761
"888","20605112931",2442.27539220799
"889","20605112932",549.603643379259
"890","20605112933",599.212167657526
"891","20605112934",5756.21839229306
"892","20605112935",5298.87124064679
"893","20605112936",5361.58221892721
"894","20605112937",3257.18045660809
"895","20605112938",2759.08149183476
"896","20605112939",4208.75939753964
"897","20605112940",3900.33323717449
"898","20605113001",1905.91006838485
"899","20605113002",3674.8252022572
"900","20605113003",3446.72275748242
"901","20605113004",2451.36511791959
"902","20605113005",2759.75310969933
"903","20605113006",2900.28210330588
"904","20605113007",2030.82154986648
"905","20605113008",2716.90423640697
"906","20605113009",2384.83323001241
"907","20605113010",1027.95863323936
"908","20605113011",2630.13287835781
"909","20605113012",1895.54782110806
"910","20605113013",2862.38567456762
"911","20605113014",1970.24553222261
"912","20605113015",764.898535539839
"913","20605113016",770.979356714704
"914","20605113017",722.090944066735
"915","20605113019",3396.79998162877
"916","20605113020",4271.67105337332
"917","20605113021",2277.81091939717
"918","20605113022",501.449790123114
"919","20605113023",4356.71894354601
"920","20605113024",4490.85667662096
"921","20605113025",1669.84366577397
"922","20605113026",451.016036858987
"923","20605113027",610.394095985796
"924","20605113028",257.871860761192
"925","20605113029",945.576089054917
"926","20605113032",2033.8759232516
"927","20605113033",769.530304462107
"928","20605113034",1739.76942034023
"929","20605113035",1611.82694665403
"930","20605113036",1593.68377484188
"931","20605113037",1239.47844295686
"932","20605113038",208.554811637291
"933","20605113039",2144.66166707909
"934","20605113401",1830.01330050211
"935","20605113402",1590.48777864336
"936","20605113403",327.484847316474
"937","20605113405",1502.2432145778
"938","20605113406",1101.16850059314
"939","20605113407",101.58179080432
"940","20605113408",697.39982926667
"941","20605113409",1148.29071931192
"942","20605113410",1456.77340108088
"943","20605113411",1519.9558643893
"944","20605113412",1719.20573967214
"945","20605113413",1429.5508617127
"946","20605113414",1689.89419556788
"947","20605113415",864.083585726414
"948","20605113416",1452.12721328578
"949","20605113417",1503.37946407493
"950","20605113418",1791.95237565056
"951","20605113419",1001.00922271132
"952","20605113420",1553.55834747599
"953","20605113421",1926.53770245141
"954","20605113422",1816.21795814204
"955","20605113423",249.975381082818
"956","20605113424",505.660419886873
"957","20605113425",1412.1217176243
"958","20605113426",445.30023765518
"959","20605113427",28.1710083531468
"960","20605113428",1001.95023546204
"961","20605113432",2167.34136782726
"962","20605113433",2406.91147378654
"963","20605113434",2554.41874140509
"964","20605113435",1905.13939921016
"965","20605113436",1018.23194372051
"966","20605113437",672.177810835837
"967","20605113438",1271.63267001626
"968","20605113439",328.801482687895
"969","20605151101",1839.60237561145
"970","20605151102",2443.18682955439
"971","20605151103",1370.89115671751
"972","20605151104",1115.49413526774
"973","20605151105",1943.65361185708
"974","20605151201",20.6438322960663
"975","20605151203",279.248900836441
"976","20605151204",2517.09671583566
"977","20605151205",11.2571497730564
"978","20605151208",2539.26829810436
"979","20605151209",2889.49192361914
"980","20605151211",366.120556473577
"981","20605151212",1471.17690777638
"982","20605151215",48.6187492284824
"983","20605151217",55.8398381431966
"984","20605151218",1135.98956314853
"985","20605151219",1577.96221869689
"986","20605151220",7.81050441412866
"987","20605151223",1130.44449460344
"988","20605151226",373.867002147766
"989","20605151227",514.467403398675
"990","20605151228",3028.03913074988
"991","20605151229",54.236954972251
"992","20605151230",644.486899593631
"993","20605151231",305.997766596824
"994","20605151301",4852.00137190108
"995","20605151302",144.733046810761
"996","20605151303",5999.74759966321
"997","20605151304",3605.92474144467
"998","20605151305",1005.90635157287
"999","20605151306",3227.44115706169
"1000","20605151309",815.553408929931
"1001","20605151310",1110.82667911551
"1002","20605151313",1904.65161076452
"1003","20605151314",2961.8753083509
"1004","20605151315",1719.13685150401
"1005","20605151316",4197.52960365041
"1006","20605151317",810.394254893946
"1007","20605151318",2037.32344538544
"1008","20605151319",3890.9323948022
"1009","20605151320",3901.44430613658
"1010","20605151321",4557.11743505315
"1011","20605151322",10.9066811541441
"1012","20605151323",613.809810392432
"1013","20605151324",395.003135471749
"1014","20605151325",3693.04920485952
"1015","20605151401",579.310147588162
"1016","20605151402",2569.08712274265
"1017","20605151403",4223.70423182672
"1018","20605151404",701.589919722331
"1019","20605151405",2513.77068883568
"1020","20605151406",616.678505800706
"1021","20605151407",734.543936050164
"1022","20605151408",3480.96185730822
"1023","20605151409",469.053073552989
"1024","20605151410",3045.36254144618
"1025","20605151411",594.830173647398
"1026","20605151412",593.966067934619
"1027","20605151413",3179.58124314442
"1028","20605151414",1966.28933309721
"1029","20605151415",2178.07733254648
"1030","20605151416",1007.43106535262
"1031","20605151417",430.262337836946
"1032","20605151418",834.82110278894
"1033","20605151419",986.944791523824
"1034","20605151420",1807.61897244591
"1035","20605151421",5425.28609007043
"1036","20605151422",2694.27276814
"1037","20605151423",639.350582220972
"1038","20605151424",875.276110683808
"1039","20605151425",1677.13007158432
"1040","20605151426",4451.58504966569
"1041","20605151427",3876.18562230805
"1042","20605151428",510.037536936679
"1043","20605151429",426.732741947507
"1044","20605151430",651.580928592542
"1045","20605151431",3962.749595688
"1046","20605151432",5008.99979774772
"1047","20605151433",564.318002570317
"1048","20605151434",557.059292057767
"1049","20605151435",581.362473086224
"1050","20606113501",71.9578416909172
"1051","20606113502",89.0337700743193
"1052","20606113503",108.39447706885
"1053","20606113504",1140.99767587873
"1054","20606113505",1265.19925249542
"1055","20606113506",1314.33860877381
"1056","20606113507",133.629979685061
"1057","20606113508",1546.02592213535
"1058","20606113509",686.066121832164
"1059","20606113511",1478.48817842839
"1060","20606113512",1882.80142566498
"1061","20606113513",1306.77838984852
"1062","20606113514",635.520628935747
"1063","20606113515",725.564638298671
"1064","20606113516",1434.10130160404
"1065","20606113517",1250.83102860336
"1066","20606113518",1287.59450784689
"1067","20606113519",1141.86841506588
"1068","20606113520",1544.66588220855
"1069","20606113521",2585.88185355839
"1070","20606113603",3583.79850073352
"1071","20606113604",1983.81286498134
"1072","20606113605",2327.54732401302
"1073","20606113606",1336.99734546202
"1074","20606113607",1639.25919811678
"1075","20606113610",180.802964980392
"1076","20606113611",148.96798129961
"1077","20606113612",1407.78718558762
"1078","20606113613",3066.91007400139
"1079","20606113614",349.516588276298
"1080","20606113615",361.433038697764
"1081","20606113616",3033.09135319053
"1082","20606113617",4358.45626790762
"1083","20606113618",3273.58606322401
"1084","20606113619",1498.24757860436
"1085","20606113620",1224.51930510488
"1086","20606113621",2977.6259908348
"1087","20606113622",1154.63085676609
"1088","20606113623",1756.70783451998
"1089","20606113624",1904.2600738242
"1090","20606113625",1881.00468307121
"1091","20606113626",1616.52879340607
"1092","20606113627",511.503901382628
"1093","20606113628",1163.62719978999
"1094","20606113629",4.72531988608015
"1095","20606113630",1222.84793556069
"1096","20606113631",1473.74673478609
"1097","20606113632",646.226526670113
"1098","20606113633",1313.16154827902
"1099","20606113634",2711.8097414641
"1100","20606113635",2125.51111640598
"1101","20606113636",1469.1408005522
"1102","20606113637",1325.68197487407
"1103","20606113638",2515.50629514069
"1104","20606113639",2005.12168629331
"1105","20606113640",908.806851745821
"1106","20606113642",722.019322164506
"1107","20606113643",476.894879632259
"1108","20606113644",2260.18622026368
"1109","20606113645",2735.01959234531
"1110","20606113801",2300.64939134958
"1111","20606113802",2071.6847200157
"1112","20606113803",1056.26834868716
"1113","20606113808",319.567395097799
"1114","20606113809",215.649689386288
"1115","20606113810",0.0798704670414931
"1116","20606113812",1058.10242512884
"1117","20606113813",425.120268841855
"1118","20606113814",193.258270710664
"1119","20606113815",1672.50566984822
"1120","20606113816",1680.38272042705
"1121","20606113817",1065.02881759281
"1122","20606113818",666.339875070138
"1123","20606113819",633.886512366143
"1124","20606113822",76.5125153357565
"1125","20606113823",583.998517585443
"1126","20606113825",2136.97962540584
"1127","20606113826",1767.93837697413
"1128","20606113827",1020.51578050388
"1129","20606113828",2046.67010802738
"1130","20606113829",1332.13941573501
"1131","20606113830",949.284263830199
"1132","20606113831",307.209754015603
"1133","20606151501",947.918900750862
"1134","20606151502",812.74301587986
"1135","20606151503",2541.82488235811
"1136","20606151504",2093.9102721772
"1137","20606151505",540.325285102816
"1138","20606151506",44.2363452950087
"1139","20606151507",739.845508790984
"1140","20606151508",35.6713666903056
"1141","20606151509",2883.20064608812
"1142","20606151510",366.974612725113
"1143","20606151511",359.2886715682
"1144","20606151512",155.641368598134
"1145","20606151513",724.530527998617
"1146","20606151514",0.0128487763640726
"1147","20606151516",892.154251938187
"1148","20606151517",506.023469707824
"1149","20606151518",27.7451293442847
"1150","20606151519",314.211315802404
"1151","20606151520",83.9602700902769
"1152","20606151521",1236.41831899432
"1153","20606151522",3125.75746718295
"1154","20606151523",685.756381872599
"1155","20606151524",460.911390796303
"1156","20606151525",390.000000000212
"1157","20606151601",4103.63046631425
"1158","20606151602",228.932908462149
"1159","20606151603",3343.65971755418
"1160","20606151604",3235.07069825349
"1161","20606151605",2318.80418705804
"1162","20606151607",223.46461040634
"1163","20606151608",3214.43924544505
"1164","20606151610",2249.80213132834
"1165","20606151611",2344.05637325735
"1166","20606151612",2602.34259948912
"1167","20606151614",2543.22214817698
"1168","20606151615",2280.06271739386
"1169","20606151616",1586.92506887693
"1170","20606151617",2945.9322369899
"1171","20606151618",658.080657196809
"1172","20606151619",3877.37106876831
"1173","20606151621",13.500413744908
"1174","20606151623",1.10096580152654
"1175","20606151624",898.153505151089
"1176","20607113902",2846.53032061747
"1177","20607113905",7496.18224051511
"1178","20607113906",8170.24242152405
"1179","20607113909",2070.23204805152
"1180","20607113910",32.3234710806452
"1181","20607113911",12101.8712732528
"1182","20607113912",6571.22607822299
"1183","20607113913",1873.86031707995
"1184","20607113918",3947.21242242983
"1185","20607113920",14130.7999392333
"1186","20607113921",14586.1622150111
"1187","20607113922",11513.4446331825
"1188","20607114001",4328.64764923792
"1189","20607114002",3932.94679782077
"1190","20607114003",4264.24512634327
"1191","20607114004",4022.26805378552
"1192","20607114005",4086.59414863334
"1193","20607114006",5061.63235254381
"1194","20607114007",4569.31937529046
"1195","20607114008",1482.99249154461
"1196","20607114009",980.226231692068
"1197","20607114010",406.495907113816
"1198","20607114011",6.94035819747258
"1199","20607114012",680.963001203542
"1200","20607114013",416.969297947703
"1201","20607114014",2638.39678581937
"1202","20607114015",3582.24523320216
"1203","20607114016",3161.05633939047
"1204","20607114017",3195.59339523481
"1205","20607114018",2547.35819972732
"1206","20607114019",3843.11640324583
"1207","20607114020",3886.6076693833
"1208","20607114021",3471.86257403679
"1209","20607114022",3012.17790131244
"1210","20607114023",3498.41437977311
"1211","20607114102",4745.58088036819
"1212","20607114103",11175.7230419325
"1213","20607114106",15297.2074897734
"1214","20607114107",14125.6639636678
"1215","20607114108",7966.17239147907
"1216","20607114110",11641.2608357414
"1217","20607114111",3665.82592174513
"1218","20607114112",11084.3389908101
"1219","20607114113",3970.73052090101
"1220","20607114114",3224.78007727411
"1221","20607114115",1602.08728289751
"1222","20607114116",10.0713002402048
"1223","20607114117",1733.22913435938
"1224","20607114118",2821.21701664714
"1225","20607114119",257.343109234414
"1226","20607114120",83.1448575909423
"1227","20607114121",3379.55651528183
"1228","20607114122",2874.85736548182
"1229","20607114123",3067.52945158779
"1230","20607114124",6500.19788069891
"1231","20607114125",244.307982720039
"1232","20607114126",271.556591469668
"1233","20607114127",2108.19926996895
"1234","20607114128",3913.93203352374
"1235","20607114201",2915.81502623793
"1236","20607114202",3294.80254833498
"1237","20607114203",3034.64235143315
"1238","20607114204",232.705306392384
"1239","20607114205",179.827753085152
"1240","20607114206",6141.49436660557
"1241","20607114207",6327.6650320465
"1242","20607114208",841.740580340474
"1243","20607114209",3843.69177317203
"1244","20607114210",4065.08628911731
"1245","20607114211",2693.64179108956
"1246","20607114212",231.158170641977
"1247","20607114213",42.6778798989091
"1248","20607114214",3539.73127603433
"1249","20607114215",7636.73306346998
"1250","20607114216",1333.26930525624
"1251","20607114218",4329.5753473248
"1252","20607114219",3205.15518998448
"1253","20607114220",180.80631512659
"1254","20607114221",1161.96267727127
"1255","20607114222",821.854822872906
"1256","20607114223",3477.16274080964
"1257","20607114224",3786.475864971
"1258","20607114225",4301.5597182814
"1259","20607114301",1750.69387333393
"1260","20607114302",1274.51048250084
"1261","20607114303",3039.15752589216
"1262","20607114304",3569.2825603978
"1263","20607114305",3012.64344741667
"1264","20607114306",2715.07329538733
"1265","20607114307",2935.97427061276
"1266","20607114308",3536.14920943282
"1267","20607114309",2201.37279419208
"1268","20607114310",1894.03820210562
"1269","20607114311",1138.82101705291
"1270","20607114312",1294.16248290022
"1271","20607114313",944.774671285431
"1272","20607114314",1233.71290118849
"1273","20607114315",264.070749767655
"1274","20607114316",406.012271457796
"1275","20607114317",3412.29865925222
"1276","20607114318",4014.12740851969
"1277","20607114319",4835.92860833986
"1278","20607114320",5117.45945592111
"1279","20607114321",4041.05295861739
"1280","20607114322",1517.376888371
"1281","20607114323",514.095570964887
"1282","20607114324",304.958174200519
"1283","20607114325",1301.34055440837
"1284","20607114326",2421.20132826014
"1285","20607114327",939.94992868315
"1286","20607114501",3817.22638908682
"1287","20607114502",1420.7739063758
"1288","20607114504",486.102456536359
"1289","20607114505",2581.33342666309
"1290","20607114506",365.613776744699
"1291","20607114507",343.606717860406
"1292","20607114508",401.135489705093
"1293","20607114509",91.2659049976685
"1294","20607114510",797.566014025509
"1295","20607114511",656.742841813968
"1296","20607114512",150.343121440166
"1297","20607114513",546.815548746651
"1298","20607114514",450.624032690205
"1299","20607114515",3682.92486190318
"1300","20607114516",2584.2697837025
"1301","20607114518",2959.80649294044
"1302","20607114519",1257.26312965807
"1303","20607114520",354.31577458887
"1304","20607114521",845.425868531204
"1305","20607114522",826.322579877296
"1306","20607114523",1376.58714213524
"1307","20607151708",1622.93583604825
"1308","20607151709",1386.23345121293
"1309","20607151710",51.6066721607826
"1310","20607151712",909.912238137054
"1311","20607151713",406.523358713709
"1312","20607151718",465.257442953096
"1313","20607151724",2146.30042404634
"1314","20607151727",1.1778440895774
"1315","20607151728",0.191421760595373
"1316","20607151730",1506.33317529664
"1317","20607151733",1077.4571688932
"1318","20607151734",279.6762682539
"1319","20607151736",1005.40991228784
"1320","20607151738",403.82497741034
"1321","20607151739",1360.56217459105
"1322","20607151801",3563.05125788602
"1323","20607151807",1885.68958323595
"1324","20607151808",0.0200933275062369
"1325","20607151811",2702.0078579901
"1326","20607151820",1.38164714965401
"1327","20607151827",2115.09223949546
"1328","20607151828",5128.19392428495
"1329","20607151829",1773.35850330597
"1330","20607151832",0.925009540568463
"1331","20701114601",1120.86654837846
"1332","20701114602",1274.82033324461
"1333","20701114603",634.154845323018
"1334","20701114604",711.138757347792
"1335","20701114605",2140.7349151134
"1336","20701114606",548.912881442353
"1337","20701114607",795.787648312315
"1338","20701114608",2608.61084744821
"1339","20701114609",895.067447664828
"1340","20701114610",2820.26115739956
"1341","20701114611",1188.20825448853
"1342","20701114612",567.831921252055
"1343","20701114613",609.631030812578
"1344","20701114614",743.818429957951
"1345","20701114615",668.300847931917
"1346","20701114616",741.601324372511
"1347","20701114617",31.3001145229503
"1348","20701114618",2.4205139488135
"1349","20701114701",1029.08367763682
"1350","20701114702",4.06457653635988
"1351","20701114703",1486.64787047306
"1352","20701114704",569.714161461791
"1353","20701114705",2147.1557476285
"1354","20701114706",1900.34133397016
"1355","20701114707",1501.71515927063
"1356","20701114708",1714.13433521228
"1357","20701114709",533.337501618531
"1358","20701114710",167.915893421673
"1359","20701114712",217.904560664951
"1360","20701114713",842.325419137455
"1361","20701114714",2602.9926300144
"1362","20701114715",427.783258653001
"1363","20701114716",438.400213347045
"1364","20701114717",1949.20585941529
"1365","20701114718",2042.8451046047
"1366","20701114719",2377.68156959065
"1367","20701114720",1002.79990123069
"1368","20701114721",488.53810317491
"1369","20701114722",330.353011710289
"1370","20701114723",263.405478316591
"1371","20701114725",77.2238919137301
"1372","20701114726",0.00141177169072045
"1373","20701114727",0.0214409509303136
"1374","20701114728",398.812567405151
"1375","20701114729",308.711321959377
"1376","20701114731",4.55131085405151
"1377","20701114733",2087.50640447498
"1378","20701114734",795.124169297232
"1379","20701114735",654.173358575205
"1380","20701114801",2433.34586759139
"1381","20701114802",859.983229205667
"1382","20701114803",729.903454065791
"1383","20701114804",176.654427012302
"1384","20701114805",841.829221091122
"1385","20701114806",2246.79417310372
"1386","20701114807",1436.08211464733
"1387","20701114808",985.411068217101
"1388","20701114809",753.401158721612
"1389","20701114810",329.989370574489
"1390","20701114811",946.440026285074
"1391","20701114812",1723.94099085348
"1392","20701114813",1757.84442074379
"1393","20701114814",2724.2268806966
"1394","20701114815",1068.25011936453
"1395","20701114816",470.798201145947
"1396","20701114817",2436.59693177761
"1397","20701114818",918.354974895525
"1398","20701114819",1685.76959245053
"1399","20701114820",3142.64868642686
"1400","20701114821",3331.89697696298
"1401","20701114822",1447.85147221684
"1402","20701114823",349.982049633776
"1403","20701114824",1316.83401710996
"1404","20701114825",1684.41510570582
"1405","20701114826",256.589307325865
"1406","20701114827",1731.63997444223
"1407","20701114828",1718.14008593376
"1408","20701114829",1181.54774208123
"1409","20701114830",1486.00052484511
"1410","20701114831",1987.67922774942
"1411","20701114832",772.822380429539
"1412","20701114833",236.039754313038
"1413","20701114834",1086.01904354409
"1414","20701114835",445.491182473153
"1415","20701114836",804.690826537571
"1416","20701114837",1409.55117126054
"1417","20701114838",1505.21952148643
"1418","20701114839",958.60378452384
"1419","20701114840",1357.03664341145
"1420","20701114841",1354.91400507043
"1421","20701114842",1812.4849837744
"1422","20701114843",413.552983592958
"1423","20701114844",573.181434751194
"1424","20701114845",1060.3417685215
"1425","20701114846",588.726629777211
"1426","20701114847",1478.54805590502
"1427","20701114848",1048.4289257572
"1428","20701114849",3166.86510819349
"1429","20701114850",2194.1927991535
"1430","20701114851",945.398224266374
"1431","20701114852",1899.6915877355
"1432","20701114901",554.596002496735
"1433","20701114902",987.011192343871
"1434","20701114903",1621.01332893983
"1435","20701114904",2029.93860005836
"1436","20701114905",48.3479135289844
"1437","20701114906",823.718473460751
"1438","20701114907",1194.44136305935
"1439","20701114908",548.432806294854
"1440","20701114909",332.136463560923
"1441","20701114910",1080.68958542928
"1442","20701114912",38.9776184673057
"1443","20701114913",925.323215152637
"1444","20701114914",816.732995391059
"1445","20701114915",244.439457660346
"1446","20701114917",126.972702791999
"1447","20701114918",466.211455594756
"1448","20701114919",865.154821906164
"1449","20701114922",44.229070689944
"1450","20701114925",38.0847913408352
"1451","20701114927",462.031842555132
"1452","20701114928",716.61614055922
"1453","20701114929",260.799237944642
"1454","20701114930",198.985946018073
"1455","20701114931",134.361079391354
"1456","20701114932",326.650471854174
"1457","20701114933",498.286919624627
"1458","20701114938",81.362883653017
"1459","20701114939",473.335103129367
"1460","20701114941",104.240440935121
"1461","20701114942",2823.02036500893
"1462","20701114943",3477.12419697252
"1463","20701114944",3233.18862246384
"1464","20701114945",2399.66316729856
"1465","20701114946",1528.18554390334
"1466","20701114949",32.0115261142724
"1467","20701114950",368.608753667983
"1468","20701114951",47.291791673877
"1469","20701115001",6.34082622168367
"1470","20701115002",1164.55661271848
"1471","20701115003",1759.11560556518
"1472","20701115008",18.5007742376425
"1473","20701115009",1446.50303290584
"1474","20701115010",346.604651890713
"1475","20701115011",860.006626949139
"1476","20701115013",50.4601523285455
"1477","20701115015",1981.57714357006
"1478","20701115016",670.210949724438
"1479","20701115017",1181.13472018304
"1480","20701115018",1426.68685914723
"1481","20701115019",1590.37626395481
"1482","20701115020",753.400487874938
"1483","20701115021",778.366941327469
"1484","20701115022",138.906908060871
"1485","20701115023",1788.30184008846
"1486","20701115024",1985.87517093216
"1487","20701115026",1.77068839201335
"1488","20701115028",981.225103478933
"1489","20701115029",115.322452043923
"1490","20701115030",1333.09025443533
"1491","20701115032",339.025882044855
"1492","20701115033",9.96978035266772
"1493","20701115034",504.559178851614
"1494","20701115035",1045.72859538228
"1495","20701115036",778.386226645121
"1496","20701115038",0.72330576434191
"1497","20701115039",365.008462633043
"1498","20701115040",0.470761147562937
"1499","20701115041",16.3138759532114
"1500","20701115201",842.747522898434
"1501","20701115202",1.19598852517483
"1502","20701115203",539.569352237619
"1503","20701115204",523.381721683468
"1504","20701115205",47.6516132049479
"1505","20701115206",17.6870631314547
"1506","20701115207",732.067738322256
"1507","20701115208",425.050555717467
"1508","20701115209",154.135322887823
"1509","20701115212",59.1147605737742
"1510","20701115213",14.5457616499725
"1511","20701115214",28.6130148860174
"1512","20701115216",29.9489542628913
"1513","20701115218",638.187133354512
"1514","20701115219",617.980003907211
"1515","20701115220",1.03642040828611
"1516","20701115221",457.277772428934
"1517","20701115222",35.2998015897412
"1518","20701115223",52.9320191304224
"1519","20701115224",753.651827171044
"1520","20701115226",74.3137910703061
"1521","20701115228",943.874878554575
"1522","20701115229",1037.58533572915
"1523","20701115230",444.385528775172
"1524","20701115231",151.180486520172
"1525","20701115232",1120.37468775105
"1526","20701115233",302.222966459514
"1527","20701115234",661.487045711136
"1528","20701115235",595.182393486201
"1529","20701115236",28.1611492330124
"1530","20701115237",849.336137238364
"1531","20701115401",2757.35807320835
"1532","20701115402",2058.5532524705
"1533","20701115403",2522.20563884396
"1534","20701115404",2608.03510703836
"1535","20701115405",2148.38191829907
"1536","20701115406",3916.38239173048
"1537","20701115407",3047.94164361612
"1538","20701115408",784.294721215793
"1539","20701115409",2835.61691330846
"1540","20701115410",3992.19822219568
"1541","20701115411",2885.54519522499
"1542","20701115412",1828.44772886786
"1543","20701115413",2316.24376876409
"1544","20701115414",2401.69302584046
"1545","20701115415",3627.66904337508
"1546","20701115416",3263.45270973307
"1547","20701115417",1153.81067059718
"1548","20701115418",357.307504252481
"1549","20701115501",20.5544755703069
"1550","20701115502",694.205871739052
"1551","20701115503",86.2187270723133
"1552","20701115504",979.891520733162
"1553","20701115505",265.046543889128
"1554","20701115506",495.247786989412
"1555","20701115507",625.428849859866
"1556","20701115508",427.784383992863
"1557","20701115509",208.073538431614
"1558","20701115510",189.390843451933
"1559","20701115511",815.000310909037
"1560","20701115512",791.451100727242
"1561","20701115513",504.462277037076
"1562","20701115514",1198.43918962405
"1563","20701115515",770.882341135434
"1564","20701115516",1310.53381437518
"1565","20701115517",523.133467607582
"1566","20701115518",1022.26270627462
"1567","20701115519",80.3835250843591
"1568","20701115520",59.468793874244
"1569","20701115521",2.09685227024833
"1570","20701115522",368.999126135706
"1571","20701115523",1352.06478670489
"1572","20701115524",136.675668572391
"1573","20701115525",922.495460316266
"1574","20701115526",348.943350760969
"1575","20701115527",355.431074285275
"1576","20701115528",870.971344998261
"1577","20701115529",768.113265806111
"1578","20701115530",546.777217824178
"1579","20701115531",846.210846978563
"1580","20701115532",773.10897075821
"1581","20701115533",184.212332597948
"1582","20701115534",202.19771017153
"1583","20701115537",1263.49608222222
"1584","20701115538",1101.10877169872
"1585","20701115539",465.653368261877
"1586","20701115540",1205.95068099987
"1587","20701115541",158.080493864932
"1588","20701115542",638.538221517216
"1589","20701115543",404.200815551576
"1590","20701151901",11.4239605717813
"1591","20701151902",793.994758188056
"1592","20701151903",0.37144077131383
"1593","20701151904",1.12566030822881
"1594","20701151907",304.004527288959
"1595","20701151910",8.07985592104106
"1596","20701151913",0.556700834140646
"1597","20701151914",595.807244399317
"1598","20701151915",6.3213740739266
"1599","20701151916",0.275059707268217
"1600","20701151918",5.29890064691332
"1601","20701151919",478.449596262359
"1602","20701151920",1.29125455920885
"1603","20701151921",1.00144459176019
"1604","20701152001",63.6194381532137
"1605","20701152004",3.51748379310187
"1606","20701152009",4.6699551715134
"1607","20701152010",518.530299130818
"1608","20701152011",662.24077062291
"1609","20701152012",1.98769388453382
"1610","20701152013",587.507916293893
"1611","20701152014",0.0790689520529147
"1612","20701152017",894.236644855873
"1613","20701152018",4.30773664136748
"1614","20701152019",595.966702359763
"1615","20701152022",4.05670396806766
"1616","20701152024",580.451665546783
"1617","20701152026",4.46578093444323
"1618","20701152027",557.687942822483
"1619","20701152101",0.89493055681089
"1620","20701152102",2266.62752247403
"1621","20701152103",886.131880983161
"1622","20701152104",1263.73942411497
"1623","20701152105",1374.60814531998
"1624","20701152106",102.823521985031
"1625","20701152107",1030.31708054524
"1626","20701152108",757.264764325397
"1627","20701152109",667.411018637167
"1628","20701152110",409.66574550115
"1629","20701152111",3.72789991871297
"1630","20701152112",1165.76209317156
"1631","20701152113",14.8130124609592
"1632","20701152114",321.086660771276
"1633","20701152115",4.68764715162564
"1634","20701152116",0.139345592737128
"1635","20701152117",1341.32763825345
"1636","20701152118",1.9504781632827
"1637","20701152119",158.601918353402
"1638","20701152120",3125.67042963365
"1639","20701152121",3225.79590698266
"1640","20701152122",270.244346626385
"1641","20701152123",27.2731708105581
"1642","20701152124",192.604160250085
"1643","20701152125",507.910447916879
"1644","20701152126",1518.47544911414
"1645","20701152127",7.57891186090496
"1646","20701152128",756.195671949939
"1647","20701152201",3964.78227113576
"1648","20701152202",2296.25072022974
"1649","20701152203",3531.33039527948
"1650","20701152204",491.364401969372
"1651","20701152205",2972.95368988004
"1652","20701152206",2330.83988804265
"1653","20701152207",355.193190379163
"1654","20701152208",3598.10538092857
"1655","20701152209",2340.81739319829
"1656","20701152211",275.081767676375
"1657","20701152212",902.836760356695
"1658","20701152213",856.094223263082
"1659","20701152214",1299.96544847973
"1660","20701152215",1260.6584795599
"1661","20701152216",3239.22205303969
"1662","20701152218",2304.63524581391
"1663","20701152219",3730.67804358972
"1664","20701152220",2851.72342252748
"1665","20701152221",1023.96267134341
"1666","20701152222",288.977285156052
"1667","20701152223",3307.42940990846
"1668","20701152224",555.96489691742
"1669","20701152225",1055.59563612397
"1670","20701152226",3.80972400780332
"1671","20701152227",2505.07021057362
"1672","20701152228",993.746452417161
"1673","20701152229",3246.90990950139
"1674","20701152230",1062.87738739456
"1675","20701152231",3.71564337049579
"1676","20702115601",375.375844575477
"1677","20702115602",325.643938992927
"1678","20702115603",2162.89886165156
"1679","20702115604",3898.78658930647
"1680","20702115605",1280.795651467
"1681","20702115606",212.828499987578
"1682","20702115607",3513.48271026103
"1683","20702115608",138.751450406535
"1684","20702115609",2294.9900258578
"1685","20702115610",559.850153340552
"1686","20702115611",601.775372741019
"1687","20702115612",658.270430858851
"1688","20702115613",1899.16341225913
"1689","20702115614",820.77514286369
"1690","20702115615",451.872682347364
"1691","20702115616",3501.37803178647
"1692","20702115617",1815.24347144978
"1693","20702115618",2382.82398173642
"1694","20702115619",3149.21719323783
"1695","20702115620",1166.20856008961
"1696","20702115621",1397.52212075351
"1697","20702115622",5409.40733703245
"1698","20702115623",4264.51213894611
"1699","20702115624",3447.10087248166
"1700","20702115625",1520.97868519886
"1701","20702115626",3922.03503942183
"1702","20702115627",438.718357728126
"1703","20702115628",2238.56886372032
"1704","20702115701",2292.02986963613
"1705","20702115702",2809.90968823667
"1706","20702115703",1626.88558645668
"1707","20702115704",439.529735623866
"1708","20702115705",1999.24983262073
"1709","20702115706",3798.65230001979
"1710","20702115707",4108.2151248468
"1711","20702115708",4784.19888888858
"1712","20702115709",4883.69462541151
"1713","20702115710",1477.63870725868
"1714","20702115711",1970.01917723378
"1715","20702115712",2784.40841211146
"1716","20702115714",7405.75998124353
"1717","20702115715",3173.9872739082
"1718","20702115716",2003.24030872892
"1719","20702115717",2828.87372136324
"1720","20702115718",3133.06123886815
"1721","20702115720",1430.22759172077
"1722","20702115721",2339.39082210812
"1723","20702115722",5002.57147681525
"1724","20702115723",5142.58141830326
"1725","20702115724",4140.27171562085
"1726","20702115725",3018.25567856596
"1727","20702115726",3189.93085227744
"1728","20702115727",4514.52451791845
"1729","20702115728",1978.50866990497
"1730","20702115729",70.9689664868286
"1731","20702115730",4315.61142896131
"1732","20702115731",1499.05496195729
"1733","20702115732",3161.32366865698
"1734","20702115733",960.043814045152
"1735","20702115734",895.783739434069
"1736","20702115735",2462.88772968593
"1737","20702115736",5252.3473353689
"1738","20702115737",4939.1402894412
"1739","20702115738",2538.65102123098
"1740","20702115739",2336.31990315636
"1741","20702115740",856.174939605593
"1742","20702115741",1620.99694050813
"1743","20702115742",2457.7983808241
"1744","20702115745",1502.53230088906
"1745","20702115746",4724.58958268253
"1746","20702115747",6111.39147559365
"1747","20702115748",4607.42977162314
"1748","20702115749",6659.10144963392
"1749","20702115750",6904.16044772321
"1750","20702115751",3686.65610555713
"1751","20702115752",3324.61365014144
"1752","20702115753",7678.04088642343
"1753","20702115754",5758.15117168834
"1754","20702115755",5564.08831702165
"1755","20702115756",1196.85902061678
"1756","20702115757",6610.8871818654
"1757","20702115758",6913.503012815
"1758","20702115901",2833.89355434577
"1759","20702115902",2281.71389489749
"1760","20702115903",4433.23569029412
"1761","20702115904",1337.92811402056
"1762","20702115905",1741.71540538372
"1763","20702115906",3708.60017449222
"1764","20702115907",110.009279128078
"1765","20702115908",1615.57016995254
"1766","20702115909",1709.86058141831
"1767","20702115910",1997.28085643437
"1768","20702115911",2635.54853227238
"1769","20702115912",993.402050249889
"1770","20702115913",2521.75061726474
"1771","20702115914",5129.60915444323
"1772","20702115915",1066.34694907383
"1773","20702115916",525.521515540056
"1774","20702115917",1418.0699693637
"1775","20702115918",93.3551611827668
"1776","20702115919",75.8584133284371
"1777","20702115920",1569.93066059522
"1778","20702115921",3362.75375851146
"1779","20702115922",5264.12939691306
"1780","20702115923",2615.3011664583
"1781","20702115924",2049.67149711387
"1782","20702115925",574.059783937482
"1783","20702115926",2987.40552329856
"1784","20702115927",1061.38910246408
"1785","20702115928",1252.22992343477
"1786","20702115929",5527.42448631746
"1787","20702115930",2123.66053220758
"1788","20702115931",1457.18736260807
"1789","20702115932",17.6893610787877
"1790","20702115933",5111.67967766905
"1791","20702115934",2756.80583315961
"1792","20702115935",398.004796213603
"1793","20702115936",1951.58833874789
"1794","20702115937",2472.30884343466
"1795","20702115938",1323.63471087429
"1796","20702115939",577.059524683178
"1797","20702115940",5496.55841759539
"1798","20702115941",2060.67337809191
"1799","20702115942",2741.12347478354
"1800","20702115943",1363.49767252667
"1801","20702115944",658.102301966723
"1802","20702116001",1741.25223147129
"1803","20702116002",2510.95746917798
"1804","20702116003",982.750761432729
"1805","20702116004",1052.19691933482
"1806","20702116005",1738.02123099506
"1807","20702116006",1167.00187749315
"1808","20702116007",999.654059694101
"1809","20702116008",4563.51930301587
"1810","20702116009",3919.11125633612
"1811","20702116010",4122.72600683853
"1812","20702116011",2370.93135146179
"1813","20702116012",4290.53010852818
"1814","20702116013",3469.50204474721
"1815","20702116014",2361.00898576685
"1816","20702116015",2009.01199038466
"1817","20702116016",603.516874198658
"1818","20702116017",2128.2421104427
"1819","20702116018",1058.94957338016
"1820","20702116019",2157.22056462855
"1821","20702116020",2612.16182846066
"1822","20702116021",3114.79634655386
"1823","20702116022",2359.2829645862
"1824","20702116023",2314.3410421035
"1825","20702116024",472.474458358351
"1826","20702116025",1161.55846929759
"1827","20702116026",310.134887099297
"1828","20702116027",463.627603281463
"1829","20702116028",330.458153178957
"1830","20702116029",341.718585105249
"1831","20702116030",1595.88018766342
"1832","20702116031",90.4008806578707
"1833","20702116032",1844.85452495755
"1834","20702116033",1580.64275221799
"1835","20702142401",5112.41706515676
"1836","20702142402",333.091933546582
"1837","20702142403",3743.65254290416
"1838","20702142404",2943.75106894698
"1839","20702142405",3758.20640968002
"1840","20702142406",4359.0965846249
"1841","20702142407",992.696076902081
"1842","20702142408",1667.75162215307
"1843","20702142409",1945.78284952148
"1844","20702142410",180.548010584298
"1845","20702142411",890.293501686582
"1846","20702142412",1122.21117999963
"1847","20702142414",1069.19735275768
"1848","20702142415",1972.12778472354
"1849","20702142416",2325.87787235888
"1850","20702142417",1056.19675783004
"1851","20702142418",1376.45294323312
"1852","20702142419",689.302583377737
"1853","20702142420",6797.62259375326
"1854","20702142422",1184.45842126253
"1855","20702142423",1184.57711105262
"1856","20702142424",4088.49985976503
"1857","20702142425",432.26653260352
"1858","20702142426",2181.13341585639
"1859","20702142427",1285.65794509112
"1860","20702142428",2183.89636357906
"1861","20702142429",2331.14649550175
"1862","20702142430",1710.34996977135
"1863","20702142431",146.331680609487
"1864","20702142432",2313.50710010591
"1865","20702142433",848.794362360501
"1866","20702142434",631.566383930657
"1867","20702142435",6964.05734703795
"1868","20702142436",4067.76069947887
"1869","20702142437",4769.94180180922
"1870","20702142438",5382.72097778111
"1871","20702142501",2834.56278061811
"1872","20702142502",5092.06103006728
"1873","20702142503",6377.52682844125
"1874","20702142504",1284.23386951795
"1875","20702142505",4018.79909510234
"1876","20702142506",1306.37677031635
"1877","20702142507",3593.60079013779
"1878","20702142508",4125.34811855156
"1879","20702142509",3354.41814344837
"1880","20702142510",4033.60100047642
"1881","20702142511",4310.97100298603
"1882","20702142512",5552.44207759073
"1883","20702142513",2026.84534761069
"1884","20702142514",6126.52707628204
"1885","20702142515",803.789686975347
"1886","20702142516",725.757343581969
"1887","20702142517",2251.9654484639
"1888","20702142518",2478.944734951
"1889","20702142519",7113.47605755176
"1890","20702142520",4206.61799362566
"1891","20702142521",3258.57259799408
"1892","20702142522",7708.1498510889
"1893","20702142523",1039.67813057935
"1894","20702142524",402.241707379488
"1895","20702142525",1301.9051818369
"1896","20702142526",3016.8997209622
"1897","20702142527",3050.41616253248
"1898","20702142528",4646.04305573117
"1899","20702142529",323.11568370429
"1900","20702142530",555.916825120899
"1901","20702142531",380.246414157241
"1902","20702142532",3152.24861073436
"1903","20702142533",586.166769719218
"1904","20702142534",1620.71748866104
"1905","20702142535",1554.17191080038
"1906","20703116101",1434.51366063821
"1907","20703116102",2798.3381299692
"1908","20703116103",1720.08299458572
"1909","20703116104",1820.95975885171
"1910","20703116105",1550.95566289011
"1911","20703116106",2389.41026938532
"1912","20703116107",2535.26307130651
"1913","20703116108",2760.27170473613
"1914","20703116109",3101.65987252729
"1915","20703116110",2629.85531589734
"1916","20703116111",754.632460422541
"1917","20703116112",2040.67995363902
"1918","20703116113",1218.20938116683
"1919","20703116114",3043.24334640213
"1920","20703116115",3394.68905498038
"1921","20703116116",3178.15531822218
"1922","20703116117",2069.04879774021
"1923","20703116118",881.304507338063
"1924","20703116119",1620.12693223121
"1925","20703116120",4436.42469258425
"1926","20703116121",3501.86908234177
"1927","20703116122",2506.91777309267
"1928","20703116123",1875.50468520307
"1929","20703116124",1411.12033103382
"1930","20703116125",1269.92781294973
"1931","20703116126",791.840884381632
"1932","20703116127",2617.88669802401
"1933","20703116128",3032.71159439936
"1934","20703116129",3280.96062564463
"1935","20703116130",3137.70364614018
"1936","20703116131",1240.5226752083
"1937","20703116132",1421.57457215283
"1938","20703116133",1893.47273848625
"1939","20703116134",474.289054333893
"1940","20703116135",1912.98268426803
"1941","20703116136",709.778929242808
"1942","20703116139",2243.57305128453
"1943","20703116140",2518.11208573641
"1944","20703116141",1532.32255694412
"1945","20703116142",511.518932008811
"1946","20703116143",2588.4492883917
"1947","20703116144",2851.18109767211
"1948","20703116145",356.000598401288
"1949","20703116146",4244.23682874456
"1950","20703116147",5019.46480286067
"1951","20703116148",2636.46878019829
"1952","20703116149",1808.70515844213
"1953","20703116150",971.324812111701
"1954","20703116201",2178.98082881017
"1955","20703116202",1160.1705982637
"1956","20703116203",164.164176444366
"1957","20703116204",714.315840979484
"1958","20703116205",1259.55464763065
"1959","20703116206",2742.90846434653
"1960","20703116207",3016.69790643184
"1961","20703116208",2442.6644823366
"1962","20703116209",1638.28873106496
"1963","20703116210",2382.66893195865
"1964","20703116211",1487.19827520428
"1965","20703116212",888.278144313254
"1966","20703116213",1128.90112903286
"1967","20703116214",1678.06459771221
"1968","20703116215",2417.32945873636
"1969","20703116216",1573.6830172215
"1970","20703116217",1828.3246704989
"1971","20703116218",204.126055636461
"1972","20703116219",608.001333931883
"1973","20703116220",10.7697454714191
"1974","20703116221",2378.00720674486
"1975","20703116222",912.789766557539
"1976","20703116223",1412.68305927232
"1977","20703116224",1376.80507302756
"1978","20703116225",2525.52155312085
"1979","20703116301",3088.6605558847
"1980","20703116302",2402.76723892119
"1981","20703116303",3292.60771856093
"1982","20703116304",1472.20032456139
"1983","20703116305",5118.84202096816
"1984","20703116306",7313.45435603486
"1985","20703116307",4399.85262882575
"1986","20703116308",2712.14150140509
"1987","20703116309",4090.54371196469
"1988","20703116310",2429.4377816261
"1989","20703116311",5373.27041843354
"1990","20703116312",8779.41792673311
"1991","20703116313",4451.22984853975
"1992","20703116314",2881.29520028543
"1993","20703116316",1388.92317754377
"1994","20703116318",4009.81725817262
"1995","20703116319",2893.57562622031
"1996","20703116320",1795.43920021265
"1997","20703116321",3208.25629851446
"1998","20703116322",1715.82485939787
"1999","20703116323",3603.88052149158
"2000","20703116324",5727.63944189976
"2001","20703116325",4366.4167888169
"2002","20703116326",3618.29410210584
"2003","20703116327",4818.58798097802
"2004","20703116328",4923.59503880405
"2005","20703116329",1404.15519861116
"2006","20703116331",2944.83281470359
"2007","20703116332",2249.09935490581
"2008","20703116333",947.318354218267
"2009","20703116334",5272.32255140097
"2010","20703116335",7097.78762344423
"2011","20703116336",4808.12194287604
"2012","20703116337",4118.04053323199
"2013","20703116339",2275.13802016353
"2014","20703116340",4874.21292257235
"2015","20703116341",2881.25416188119
"2016","20703116345",3329.71047187474
"2017","20703116346",7612.97284975442
"2018","20703116347",1373.43433900818
"2019","20703116348",1484.37304230588
"2020","20703116349",1179.07788115291
"2021","20703116350",4726.02091302883
"2022","20703116351",9340.41274507109
"2023","20703116352",8106.86094278085
"2024","20703116353",3567.9506879934
"2025","20703116354",4650.44665678006
"2026","20703116355",3091.26834995571
"2027","20703116356",5129.15447137796
"2028","20703116357",6464.1833494711
"2029","20703116358",8761.53525492909
"2030","20703116401",1261.42671149436
"2031","20703116402",1258.00473358416
"2032","20703116403",3175.70561455592
"2033","20703116404",2537.54153643336
"2034","20703116405",1843.37496031844
"2035","20703116406",430.896811501174
"2036","20703116407",1441.79948312347
"2037","20703116408",4553.83314503897
"2038","20703116409",3913.38891459437
"2039","20703116410",2546.20941898618
"2040","20703116411",1986.07401392143
"2041","20703116412",2707.57102641208
"2042","20703116413",2522.90151557475
"2043","20703116414",2078.57448606451
"2044","20703116415",2440.24074321473
"2045","20703116416",2408.92997373373
"2046","20703116417",2633.87062953688
"2047","20703116418",1602.19870595601
"2048","20703116419",2018.3271052683
"2049","20703116420",1617.50748783299
"2050","20703116421",1618.97964972398
"2051","20703116422",1548.21238298275
"2052","20703116423",2884.35804320137
"2053","20703116424",1840.61442974758
"2054","20703116425",1871.59607033308
"2055","20703116426",2249.52714070466
"2056","20703116427",1234.87972574525
"2057","20703116428",1605.70813692798
"2058","20703116429",911.035348591089
"2059","20703116430",2589.67893052296
"2060","20703116431",3466.29092016595
"2061","20703116432",2310.78581552273
"2062","20703116433",46.0966444212765
"2063","20703116434",2465.1792715111
"2064","20703116435",2454.9107986794
"2065","20703116436",2216.61767958806
"2066","20703116437",2889.27788937366
"2067","20703116501",2162.25596938466
"2068","20703116502",857.864807162434
"2069","20703116503",1682.98499631125
"2070","20703116504",2039.27441231329
"2071","20703116505",1919.98199069
"2072","20703116506",1167.30263963221
"2073","20703116507",2435.770247273
"2074","20703116508",299.530718098958
"2075","20703116509",524.141965024795
"2076","20703116510",787.151402368453
"2077","20703116511",823.675759845437
"2078","20703116512",2245.20306466009
"2079","20703116513",2058.85934482199
"2080","20703116514",1403.97978161461
"2081","20703116515",428.847369096804
"2082","20703116516",513.292989500168
"2083","20703116517",3383.06928677659
"2084","20703116518",3152.11535971606
"2085","20703116520",2066.65129132697
"2086","20703116521",404.969254453182
"2087","20703116522",417.23892069816
"2088","20703116523",1714.31173048174
"2089","20703116524",2214.7401620992
"2090","20703116525",2499.74657867011
"2091","20703116526",1611.00362646003
"2092","20703116527",1711.39889075024
"2093","20703116528",2008.46181980028
"2094","20703116529",698.82999174146
"2095","20703116601",1260.44350765911
"2096","20703116602",2045.54322547604
"2097","20703116603",2772.26967319436
"2098","20703116604",1396.54556749654
"2099","20703116605",57.3420674935623
"2100","20703116606",571.332377627615
"2101","20703116607",2672.50304686138
"2102","20703116608",2493.46944869709
"2103","20703116609",1701.06731040806
"2104","20703116610",1896.87117180346
"2105","20703116611",711.73253613371
"2106","20703116612",639.631750740866
"2107","20703116613",1368.3361814594
"2108","20703116614",755.752250763286
"2109","20703116615",3296.66804766435
"2110","20703116616",2030.83959618152
"2111","20703116617",2539.6173229301
"2112","20703116618",2251.8454679742
"2113","20703116619",1696.05177679594
"2114","20703116620",1619.55888413474
"2115","20703116621",661.729013811371
"2116","20703116622",1490.7736390636
"2117","20703116623",1152.72903509415
"2118","20703116624",1859.54134043229
"2119","20703116625",2841.6371859753
"2120","20703116626",3006.90844791896
"2121","20703116701",758.814165902531
"2122","20703116702",748.802793779576
"2123","20703116703",1648.9352151807
"2124","20703116704",786.434226309138
"2125","20703116705",1434.33998919948
"2126","20703116706",747.177779483217
"2127","20703116707",491.471772333238
"2128","20703116708",678.937682325022
"2129","20703116709",1001.52353906251
"2130","20703116710",582.922134365149
"2131","20703116711",2005.41919820099
"2132","20703116712",1737.81674228869
"2133","20703116713",150.156492080545
"2134","20703116715",296.665205377016
"2135","20703116716",1035.41104327335
"2136","20703116717",1185.06806989613
"2137","20703116718",1895.41165964045
"2138","20703116719",3062.13544642547
"2139","20703116720",588.811443737191
"2140","20703116721",2383.90879705356
"2141","20703116722",2470.74648577883
"2142","20703116723",711.308517976652
"2143","20801116801",243.281953919599
"2144","20801116802",635.244891276838
"2145","20801116803",1261.86675475046
"2146","20801116804",1664.55315116118
"2147","20801116805",2209.50819612959
"2148","20801116806",1666.36497475974
"2149","20801116807",1446.26627516778
"2150","20801116808",939.9323296259
"2151","20801116809",1375.8859657671
"2152","20801116810",1057.02666864546
"2153","20801116811",744.390632187565
"2154","20801116812",734.995749815225
"2155","20801116813",1606.51422714719
"2156","20801116814",1046.66462317376
"2157","20801116815",706.296522174528
"2158","20801116816",906.153016074907
"2159","20801116817",1851.84191712819
"2160","20801116818",1148.49055842456
"2161","20801116819",1198.82287187868
"2162","20801116820",854.148162161265
"2163","20801116821",1496.44807498455
"2164","20801116822",1747.78696356607
"2165","20801116823",2371.10421748024
"2166","20801116824",1762.58673084261
"2167","20801116825",1512.16938750115
"2168","20801116826",3033.75517457042
"2169","20801116827",389.738524815872
"2170","20801116828",2946.46921206042
"2171","20801116829",497.708475659706
"2172","20801116830",240.065077766908
"2173","20801116831",407.675674051617
"2174","20801116832",2212.12781210972
"2175","20801116901",1051.79614375266
"2176","20801116902",892.288199593975
"2177","20801116903",1929.11276437072
"2178","20801116904",1746.92668174184
"2179","20801116905",2103.54269338386
"2180","20801116906",3616.54464547509
"2181","20801116907",1777.09363107665
"2182","20801116908",2295.28189633986
"2183","20801116909",1643.58028229567
"2184","20801116911",2535.91925955994
"2185","20801116912",2200.43868038121
"2186","20801116913",1564.81447519573
"2187","20801116914",2018.73159382902
"2188","20801116915",3251.28106759969
"2189","20801116916",1425.43025868457
"2190","20801116917",1608.12997825676
"2191","20801116918",424.145850229871
"2192","20801116919",2241.77567718009
"2193","20801116920",2515.77378695677
"2194","20801116921",883.214298731295
"2195","20801116922",1388.1645686693
"2196","20801116923",2118.29730309408
"2197","20801116924",5099.70882653266
"2198","20801116925",2763.64198820845
"2199","20801116926",4410.85404884532
"2200","20801116927",2054.9519760269
"2201","20801116928",2511.46974710527
"2202","20801116929",805.494216075713
"2203","20801116930",608.826529189199
"2204","20801116931",684.590190236721
"2205","20801116932",2570.06766489122
"2206","20801116933",1578.73169914937
"2207","20801116934",1937.8137749003
"2208","20801116935",3345.72043783555
"2209","20801116936",2707.83718670888
"2210","20801116937",1260.35050960042
"2211","20801116939",466.252655518635
"2212","20801116940",1880.03739577169
"2213","20801116941",1317.56295024303
"2214","20801116942",1750.73347258414
"2215","20801116943",839.227762762503
"2216","20801116944",2185.27966098409
"2217","20801116945",1918.04801092782
"2218","20801116946",3128.58527932256
"2219","20801116947",2406.0852473784
"2220","20801116948",1245.91002598803
"2221","20801116949",1069.62631710221
"2222","20801116950",2115.76277511047
"2223","20801116951",456.069205540173
"2224","20801116952",1275.75512971244
"2225","20801116953",1292.01985979894
"2226","20801116954",933.448894523345
"2227","20801116955",1357.4611101109
"2228","20801116956",2962.93761420306
"2229","20801116957",3140.21051414307
"2230","20801117001",501.439413941884
"2231","20801117002",1898.77838087542
"2232","20801117003",2196.01307464304
"2233","20801117004",2119.346111734
"2234","20801117005",1642.5682218282
"2235","20801117006",1891.90425340252
"2236","20801117007",2243.45238496762
"2237","20801117008",1330.84980959558
"2238","20801117009",704.314298745833
"2239","20801117010",786.847893932456
"2240","20801117011",399.351110357494
"2241","20801117012",246.478365458412
"2242","20801117013",348.872914603458
"2243","20801117014",35.5010746902213
"2244","20801117015",738.224489658647
"2245","20801117016",1744.96453844817
"2246","20801117017",1884.58691489701
"2247","20801117018",785.363761790242
"2248","20801117019",969.085138591395
"2249","20801117020",770.144393951252
"2250","20801117021",1199.1272667539
"2251","20801117022",459.740330562718
"2252","20801117023",542.414411683676
"2253","20801117024",517.278139155071
"2254","20801117025",300.16743461226
"2255","20801117026",317.676232355862
"2256","20801117027",825.707384957131
"2257","20801117028",1094.44694131231
"2258","20801117029",1998.57930453461
"2259","20801117030",2223.32396391486
"2260","20801117031",1443.28374546555
"2261","20801117032",894.484738564187
"2262","20801117033",135.712182355871
"2263","20801117034",166.229053567273
"2264","20801117035",1155.21511868434
"2265","20801117036",1532.28871271424
"2266","20801117037",1342.60947425133
"2267","20801117038",1158.24939622184
"2268","20801117101",1343.91626828386
"2269","20801117102",757.831886935045
"2270","20801117103",1477.40539129451
"2271","20801117104",511.870034989511
"2272","20801117105",1295.22124311644
"2273","20801117106",1310.01604036087
"2274","20801117107",2018.51334934859
"2275","20801117109",2772.30503758981
"2276","20801117110",2930.42330471415
"2277","20801117111",3305.36125980092
"2278","20801117112",526.04935531923
"2279","20801117113",1591.65482376035
"2280","20801117114",595.402214026588
"2281","20801117115",1079.56212292527
"2282","20801117116",710.616989369826
"2283","20801117117",1487.86628415059
"2284","20801117118",1962.04860964219
"2285","20801117119",1606.31974757099
"2286","20801117120",1951.45364000816
"2287","20801117121",774.781877521676
"2288","20801117122",2481.13609283569
"2289","20801117123",1762.76821600936
"2290","20801117124",2542.49602277294
"2291","20801117125",2407.39566479079
"2292","20801117201",1133.91669380366
"2293","20801117202",1098.90485500713
"2294","20801117203",1310.29690826486
"2295","20801117204",1653.13016463826
"2296","20801117205",665.929995718849
"2297","20801117206",1434.72491107692
"2298","20801117207",2114.99224742941
"2299","20801117208",709.106050388351
"2300","20801117209",1413.08295339057
"2301","20801117210",1484.0481022929
"2302","20801117211",1665.22996790799
"2303","20801117212",1989.04536164099
"2304","20801117213",925.214205267423
"2305","20801117214",1011.15558124248
"2306","20801117215",1099.77711795528
"2307","20801117216",901.475224311849
"2308","20801117217",1308.91009624415
"2309","20801117218",882.635828294587
"2310","20801117219",891.73531446016
"2311","20801117220",2293.21573996814
"2312","20801117221",2119.46595508048
"2313","20801117222",1670.44801581708
"2314","20801117223",1283.5035875774
"2315","20801117224",482.39061023901
"2316","20801117225",1360.64231976141
"2317","20801117226",1927.19135571618
"2318","20801117227",2161.46700059206
"2319","20801117228",1737.98362209905
"2320","20801117229",1440.82704478085
"2321","20801117230",1575.81684165894
"2322","20801117231",823.450920986125
"2323","20801117232",1690.812019731
"2324","20801117233",658.443501963246
"2325","20801117234",966.090338983471
"2326","20801117235",1577.84400281752
"2327","20801117236",1154.35078464372
"2328","20801117237",393.239334707335
"2329","20801117238",538.717768487532
"2330","20801117301",1982.13707472949
"2331","20801117302",1722.4404045563
"2332","20801117303",1515.76741062453
"2333","20801117304",2687.48228841158
"2334","20801117305",500.915122377554
"2335","20801117306",1687.65499266536
"2336","20801117307",1256.37992428595
"2337","20801117308",1228.27501287839
"2338","20801117309",696.396605159604
"2339","20801117310",1449.89538137334
"2340","20801117311",2130.09735049079
"2341","20801117312",1241.10325913051
"2342","20801117313",341.747409833344
"2343","20801117314",1894.46714801601
"2344","20801117315",2667.23227508117
"2345","20801117316",2256.01832375068
"2346","20801117317",2290.09497179257
"2347","20801117318",3120.93728656389
"2348","20801117319",2635.03681029102
"2349","20801117320",1361.750185792
"2350","20801117321",743.948328585298
"2351","20801117324",124.406432621891
"2352","20801117327",1160.60861478503
"2353","20801117328",2064.15205470526
"2354","20801117329",2586.57113918993
"2355","20801117330",2244.03389971382
"2356","20801117331",2339.1835113368
"2357","20801117332",820.778791006525
"2358","20801117333",2978.67057785275
"2359","20801117334",2867.81243807874
"2360","20801117335",2114.39175502279
"2361","20801117336",1403.35629688717
"2362","20801117337",632.739502402212
"2363","20801117338",932.048905289488
"2364","20801117339",1370.8378639083
"2365","20801117340",2701.3530503004
"2366","20801117341",1224.57237078491
"2367","20801117342",2615.6632967954
"2368","20801117343",818.520889798204
"2369","20802117401",696.257070007137
"2370","20802117403",619.577083433406
"2371","20802117404",778.60395400854
"2372","20802117405",720.388155906157
"2373","20802117406",1271.45874885764
"2374","20802117407",926.35704021733
"2375","20802117408",555.709896855764
"2376","20802117409",1642.40838834605
"2377","20802117410",1506.34986017969
"2378","20802117411",552.054894946807
"2379","20802117413",426.241524700373
"2380","20802117415",1054.02275892509
"2381","20802117416",872.552375654931
"2382","20802117417",924.408242077852
"2383","20802117418",1625.31324458462
"2384","20802117419",1482.44811466695
"2385","20802117420",992.593175870582
"2386","20802117422",933.879893915498
"2387","20802117423",681.463274946133
"2388","20802117424",1636.1495746699
"2389","20802117425",2244.51692891628
"2390","20802117426",1609.96031846352
"2391","20802117427",1183.65734522885
"2392","20802117428",2055.69022343714
"2393","20802117429",1970.35753819448
"2394","20802117430",2910.47340391597
"2395","20802117431",1275.16833239379
"2396","20802117432",1842.88423114752
"2397","20802117433",1278.7997988467
"2398","20802117434",2011.25009804107
"2399","20802117435",1623.01938903606
"2400","20802117436",2078.64606366693
"2401","20802117437",249.005824610562
"2402","20802117438",50.7325412728716
"2403","20802117439",111.132118489478
"2404","20802117440",975.020608830025
"2405","20802117442",1839.59737594739
"2406","20802117443",829.508304354996
"2407","20802117444",1202.9806598805
"2408","20802117445",1103.2950520146
"2409","20802117446",1073.50373989479
"2410","20802117447",1093.41393000823
"2411","20802117449",1238.2114753722
"2412","20802117450",214.737463415453
"2413","20802117451",2492.30098545158
"2414","20802117452",543.805075314198
"2415","20802117453",957.300426379172
"2416","20802117454",1061.56436481495
"2417","20802117455",891.316201123788
"2418","20802117456",864.179880953773
"2419","20802117457",517.778132286823
"2420","20802117458",1678.44058411869
"2421","20802117459",1026.06626590639
"2422","20802117460",687.086084526802
"2423","20802117461",930.337568313652
"2424","20802117462",904.902657906498
"2425","20802117601",3385.38750998397
"2426","20802117602",2589.84026035746
"2427","20802117603",1715.95478647064
"2428","20802117604",2511.81285198038
"2429","20802117605",1107.78697297069
"2430","20802117606",629.685438329339
"2431","20802117607",2260.44627649529
"2432","20802117608",4.31159297090165
"2433","20802117609",1749.15186334194
"2434","20802117610",2212.16889684172
"2435","20802117611",2183.87782969682
"2436","20802117612",2873.75816310671
"2437","20802117613",2092.79188515075
"2438","20802117614",1963.02539630838
"2439","20802117617",2127.82897042135
"2440","20802117618",1809.42063004781
"2441","20802117619",967.097751517974
"2442","20802117621",315.607329129321
"2443","20802117622",1154.50926837146
"2444","20802117623",1836.92866814065
"2445","20802117624",1928.47033071011
"2446","20802117625",3510.08679605602
"2447","20802117626",1398.02905823266
"2448","20802117629",1035.78323516171
"2449","20802117630",1030.50007383398
"2450","20802117631",1922.95361584627
"2451","20802117632",2422.86750259574
"2452","20802117634",2790.85849397814
"2453","20802117635",1588.05118816638
"2454","20802117636",1731.35382567576
"2455","20802117637",1808.57690551594
"2456","20802117638",3728.87722835601
"2457","20802117639",644.60839425461
"2458","20802117640",1418.74094542871
"2459","20802117641",3117.90298517925
"2460","20802117642",2225.61815188569
"2461","20802117643",3291.41388428786
"2462","20802117644",3178.62928595907
"2463","20802117645",1477.46444376256
"2464","20802117646",2233.67548600872
"2465","20802117647",1788.86403882538
"2466","20802117648",2722.72557132059
"2467","20802117649",2706.73481511854
"2468","20802117650",1907.57187989582
"2469","20802117701",523.311013016405
"2470","20802117702",1181.18721586198
"2471","20802117703",860.100649402432
"2472","20802117704",1139.64667441557
"2473","20802117705",870.378496116556
"2474","20802117706",451.86782206986
"2475","20802117707",162.438456423591
"2476","20802117708",769.407229081704
"2477","20802117709",1300.88877642836
"2478","20802117710",1676.31971145015
"2479","20802117711",841.571572367684
"2480","20802117712",1123.4603065989
"2481","20802117713",1035.29519585311
"2482","20802117714",1593.93201792718
"2483","20802117715",1243.36642529434
"2484","20802117716",655.69200801538
"2485","20802117717",1087.32512366066
"2486","20802117718",910.92913388861
"2487","20802117719",1135.47981864797
"2488","20802117720",587.102835664573
"2489","20802117722",597.937815393121
"2490","20802117723",648.816068229978
"2491","20802117724",1177.65406126201
"2492","20802117725",136.642071244496
"2493","20802117726",1149.78174920835
"2494","20802117727",58.9094216429567
"2495","20802117728",4.63431251205663
"2496","20802117729",691.781208440399
"2497","20802117730",245.588328899609
"2498","20802117731",667.603007572956
"2499","20802117735",813.916329737847
"2500","20802117736",1841.99402474703
"2501","20802117737",1404.07115561625
"2502","20802117738",324.356110200001
"2503","20802117739",384.386686586781
"2504","20802117740",1512.75206672921
"2505","20802117742",1637.17333507021
"2506","20802117743",1074.3695453507
"2507","20802117744",2010.62344181855
"2508","20802117745",2078.7919305841
"2509","20802117746",1575.89550208179
"2510","20802117747",1384.06926791559
"2511","20802117748",1357.23221295428
"2512","20802117749",1177.44377014774
"2513","20802117750",796.595003510389
"2514","20802117751",1438.08328221534
"2515","20802117752",1000.42324027971
"2516","20802117753",1231.59539002218
"2517","20802117754",1288.45248196319
"2518","20802117756",283.842366285254
"2519","20802117757",506.281109795061
"2520","20802117758",203.858993679596
"2521","20802117801",1242.33997055555
"2522","20802117802",1366.53165109819
"2523","20802117803",1333.20638257228
"2524","20802117804",1627.71302974156
"2525","20802117806",43.312474100637
"2526","20802117808",597.02151077355
"2527","20802117809",137.013294108152
"2528","20802117810",1461.32588515299
"2529","20802117811",877.88358065605
"2530","20802117812",2817.33467884794
"2531","20802117813",1859.34018107041
"2532","20802117814",1603.74153174256
"2533","20802117815",2226.75140967647
"2534","20802117816",1167.75373049267
"2535","20802117817",803.691816391883
"2536","20802117818",56.9556087401891
"2537","20802117819",1383.46995373783
"2538","20802117820",657.885444981178
"2539","20802117821",1130.04314846228
"2540","20802117824",647.219011071479
"2541","20802117825",715.571538055006
"2542","20802117826",206.733750651536
"2543","20802117827",1298.39270695685
"2544","20802117828",548.205190495241
"2545","20802117829",1034.37594535832
"2546","20802117830",37.4758006741481
"2547","20802117831",2499.98303584731
"2548","20802117832",694.872534064152
"2549","20802117833",2586.11986123118
"2550","20802117834",2392.82981669624
"2551","20802117835",2914.80640322352
"2552","20802117836",3291.51777311826
"2553","20802117839",332.581593273443
"2554","20802117842",2196.65237886105
"2555","20802117843",1061.42997236273
"2556","20802117901",1405.53307018677
"2557","20802117902",2107.18186481801
"2558","20802117903",1925.60323803486
"2559","20802117904",1864.90704428184
"2560","20802117905",1568.69217684109
"2561","20802117906",1451.12063825783
"2562","20802117908",1304.54007112445
"2563","20802117909",1164.17834318764
"2564","20802117910",4400.39168236881
"2565","20802117911",4711.22550214798
"2566","20802117912",4506.51744578257
"2567","20802117913",3641.39262830029
"2568","20802117914",2638.01445241199
"2569","20802117915",4898.11058615273
"2570","20802117916",4044.03782423761
"2571","20802117917",1435.18385104181
"2572","20802117918",1186.25698590046
"2573","20802117919",2442.80563530344
"2574","20802117920",3086.23922911038
"2575","20802117921",3533.36343890197
"2576","20802117922",2354.33171367634
"2577","20802117923",2992.24611980321
"2578","20802117924",3197.05917665961
"2579","20802117925",2252.06800847588
"2580","20802117926",2344.38462074805
"2581","20802117927",3782.46730166632
"2582","20802117928",4078.58237479009
"2583","20802117929",2203.98750340417
"2584","20802117930",1355.73689959242
"2585","20802118001",3215.24850321196
"2586","20802118002",2017.83451498562
"2587","20802118003",3105.62547169337
"2588","20802118004",892.016209977274
"2589","20802118005",634.435281356145
"2590","20802118006",2809.32896395199
"2591","20802118007",4131.89862404749
"2592","20802118008",3815.2867565146
"2593","20802118009",2732.03122359972
"2594","20802118010",3450.0665771538
"2595","20802118011",3891.44860299241
"2596","20802118012",2376.94874019233
"2597","20802118013",2434.55464081505
"2598","20802118014",1845.28609649586
"2599","20802118015",5888.70968999253
"2600","20802118016",2081.88588278948
"2601","20802118017",2066.99535978776
"2602","20802118101",1847.49024421831
"2603","20802118102",2396.07494071985
"2604","20802118103",1024.1307540175
"2605","20802118104",1723.58104182629
"2606","20802118105",2856.62888913374
"2607","20802118106",2145.45267568553
"2608","20802118107",2609.42127427398
"2609","20802118108",1522.98817777785
"2610","20802118109",549.072072593081
"2611","20802118110",1503.18364208769
"2612","20802118111",3093.17778728332
"2613","20802118112",2455.69097251618
"2614","20802118113",1499.17646622479
"2615","20802118114",3477.87151770884
"2616","20802118115",1702.53562083341
"2617","20802118116",4930.94759663169
"2618","20802118117",2482.72794569155
"2619","20802118118",3464.80052749255
"2620","20802118119",915.057753114894
"2621","20802118120",1362.90375302022
"2622","20802118201",1281.19755730783
"2623","20802118202",2484.74704249215
"2624","20802118203",1946.02388605426
"2625","20802118204",1099.52194955882
"2626","20802118205",1397.23723880642
"2627","20802118206",249.425168628304
"2628","20802118207",295.397419141709
"2629","20802118213",90.7375277297251
"2630","20802118214",178.489952650389
"2631","20802118215",1491.91488201603
"2632","20802118216",614.586217948111
"2633","20802118217",2725.9852062391
"2634","20802118218",2281.62848355394
"2635","20802118219",2259.70624268423
"2636","20802118220",3481.20691264169
"2637","20802118221",1640.1161429607
"2638","20802118222",1780.81202953513
"2639","20802118223",2142.75405060262
"2640","20802118224",2385.04594615372
"2641","20802118225",1767.55540407216
"2642","20802118226",2266.53263903467
"2643","20802118227",1907.71611353842
"2644","20802142601",777.765058098608
"2645","20802142602",2084.14671247412
"2646","20802142603",1660.95021099077
"2647","20802142604",3126.83072100864
"2648","20802142605",1593.19795250523
"2649","20802142606",2303.61834821558
"2650","20802142607",2198.56374466817
"2651","20802142608",3396.02803976499
"2652","20802142609",2608.17965111952
"2653","20802142610",1184.73050469401
"2654","20802142611",1821.46813675964
"2655","20802142612",3853.02000646588
"2656","20802142613",2967.89665732511
"2657","20802142614",1745.31101115944
"2658","20802142615",651.569321487597
"2659","20802142616",1814.29879237909
"2660","20802142617",877.647323742329
"2661","20802142618",2194.84720861528
"2662","20802142619",3237.76408804685
"2663","20802142620",999.634507642661
"2664","20802142621",1965.23994398535
"2665","20802142622",2476.08039304122
"2666","20802142623",1185.13890303594
"2667","20802142624",2048.53066619912
"2668","20802142625",2302.18599842055
"2669","20802142626",4214.02526427185
"2670","20802142627",1961.04563800295
"2671","20802142628",3087.6096875117
"2672","20802142629",3894.34452638637
"2673","20802142630",1793.71890131084
"2674","20802142631",1880.53668161838
"2675","20802142632",1458.43641707868
"2676","20802142633",1771.17854804815
"2677","20802142634",3027.24806857551
"2678","20802142701",3453.491264416
"2679","20802142702",2210.97436317699
"2680","20802142703",2069.36994126018
"2681","20802142704",1029.20023327431
"2682","20802142705",2969.51040042684
"2683","20802142706",2755.74368665579
"2684","20802142707",1539.73946977925
"2685","20802142708",3396.33865965595
"2686","20802142709",1754.88996487614
"2687","20802142710",3090.38669043476
"2688","20802142711",3273.33783116949
"2689","20802142712",2223.99573339114
"2690","20802142713",2285.30277624769
"2691","20802142714",2377.58637917521
"2692","20802142715",2714.63766400637
"2693","20802142716",2344.71829797636
"2694","20802142717",1979.50601258332
"2695","20802142718",1821.88797610122
"2696","20802142719",1597.57523058541
"2697","20802142720",1361.35058062947
"2698","20802142721",3090.32966548187
"2699","20802142722",2103.94962972457
"2700","20802142723",1462.53861754502
"2701","20802142724",912.910295557708
"2702","20802142725",2221.17309753106
"2703","20802142726",994.59826778086
"2704","20802142727",262.071736405101
"2705","20802142728",1855.71644953843
"2706","20803118301",355.217021853973
"2707","20803118302",578.444765621775
"2708","20803118303",225.153661180572
"2709","20803118304",552.65490580965
"2710","20803118308",41.7401398981729
"2711","20803118309",743.201242879612
"2712","20803118310",1544.43979407194
"2713","20803118311",357.895012159808
"2714","20803118312",547.332165070035
"2715","20803118313",678.895851631499
"2716","20803118315",377.099676061901
"2717","20803118316",210.952355060697
"2718","20803118317",170.66509824526
"2719","20803118318",660.14813284051
"2720","20803118319",276.678044677192
"2721","20803118320",56.7475495748001
"2722","20803118321",504.033105127402
"2723","20803118322",239.390113227785
"2724","20803118323",530.894130220414
"2725","20803118324",1620.52716162121
"2726","20803118325",1054.33990019544
"2727","20803118326",604.13756542524
"2728","20803118327",574.485287960589
"2729","20803118401",328.524277485218
"2730","20803118501",1261.51473310453
"2731","20803118502",1431.36883833212
"2732","20803118503",1264.22991145829
"2733","20803118504",1011.53864730102
"2734","20803118505",813.489288810634
"2735","20803118506",197.040672974912
"2736","20803118507",50.7705386218271
"2737","20803118508",180.344152263735
"2738","20803118509",279.948935505765
"2739","20803118510",160.347972419683
"2740","20803118511",621.075645891923
"2741","20803118512",1690.49603456545
"2742","20803118513",2414.19160893819
"2743","20803118514",1447.58548389348
"2744","20803118515",1653.40836144529
"2745","20803118516",54.5135869960848
"2746","20803118517",111.764390274254
"2747","20803118518",228.811538045145
"2748","20803118519",142.836179067594
"2749","20803118520",537.503088367629
"2750","20803118521",323.427920623248
"2751","20803118522",742.43092825166
"2752","20803118523",822.861327468238
"2753","20803118524",922.783963466425
"2754","20803118525",750.567291784368
"2755","20803118526",694.019482580641
"2756","20803118527",543.632273873781
"2757","20803118528",820.767749170941
"2758","20803118529",180.125799598385
"2759","20803118601",36.8844316989978
"2760","20803118602",32.537813560449
"2761","20803118603",170.05327082086
"2762","20803118604",231.357178431082
"2763","20803118605",696.433069954832
"2764","20803118606",863.844810283804
"2765","20803118607",1287.94236610339
"2766","20803118608",911.571758722526
"2767","20803118609",298.332223109654
"2768","20803118610",1430.2611954151
"2769","20803118611",1948.45000713791
"2770","20803118612",2132.99308977627
"2771","20803118613",1499.12200724629
"2772","20803118614",1089.4079977555
"2773","20803118615",180.192334601126
"2774","20803118616",68.7741319190455
"2775","20803118617",536.268210782706
"2776","20803118618",1387.54251305426
"2777","20803118619",91.6111499662957
"2778","20803118620",193.585111255567
"2779","20803118621",280.850264680166
"2780","20803118622",314.836272814224
"2781","20803118624",293.893581607942
"2782","20803118625",237.589013794192
"2783","20803118626",159.036567308894
"2784","20803118627",216.897285451414
"2785","20803118628",379.653248094409
"2786","20803118629",164.623945001922
"2787","20803118630",185.485783277717
"2788","20803118631",836.678729319957
"2789","20803118701",629.44599282521
"2790","20803118702",597.651504780707
"2791","20803118703",1235.11825526235
"2792","20803118704",1898.82966831086
"2793","20803118705",1901.47140917273
"2794","20803118706",1067.47524684651
"2795","20803118707",1420.16088343576
"2796","20803118708",1389.4130411202
"2797","20803118709",1597.46406978497
"2798","20803118710",631.634384148034
"2799","20803118711",1861.74401251778
"2800","20803118712",836.178012145208
"2801","20803118713",1187.97672232963
"2802","20803118801",1.73630640320765
"2803","20803118802",2947.0279488591
"2804","20803118803",1350.40908736686
"2805","20803118804",2470.76993315408
"2806","20803118805",819.265801899702
"2807","20803118806",2534.99169558394
"2808","20803118807",2195.0704829244
"2809","20803118808",1032.91545348864
"2810","20803118810",1631.4328133453
"2811","20803118811",1735.6650211212
"2812","20803118812",3020.92826786598
"2813","20803118814",511.20043072608
"2814","20803118816",618.83417081729
"2815","20803118817",739.00202678506
"2816","20803118818",2188.73770139742
"2817","20803118820",2236.62898072359
"2818","20803118821",1353.02086844746
"2819","20803118822",1360.72960719357
"2820","20803118824",2006.36085376084
"2821","20803118825",2637.06534918956
"2822","20803118826",2196.98305930828
"2823","20803118827",1049.33769601543
"2824","20803118828",803.52694149048
"2825","20803118830",2833.60935618171
"2826","20803118831",591.789667957096
"2827","20803118832",1124.75079179652
"2828","20803118833",1421.76958784058
"2829","20803118834",2387.87776786186
"2830","20803118835",1947.70341152005
"2831","20803118836",1036.77501510849
"2832","20803118837",2111.39432017392
"2833","20803118838",901.983089128589
"2834","20803118839",1177.17124300041
"2835","20803118842",2966.61389279625
"2836","20803118843",2729.66878591556
"2837","20803118844",626.649528737703
"2838","20803118845",2011.00158080528
"2839","20803118846",1030.44385828564
"2840","20803118847",2961.75044596656
"2841","20803118848",1612.69049897191
"2842","20803118849",3220.40667227648
"2843","20803118850",1176.97905613748
"2844","20803118851",432.219364835813
"2845","20803118852",1659.38290515052
"2846","20803118853",2169.04626160012
"2847","20803118854",3302.23358948076
"2848","20803118855",1393.71401144145
"2849","20803118856",1899.76363015753
"2850","20803118857",643.497508249001
"2851","20803118858",2243.3711958981
"2852","20803118859",3421.68177969902
"2853","20803118860",1176.92938682717
"2854","20803118861",1353.64008287966
"2855","20803118862",1695.20629554492
"2856","20803118863",1783.09081072981
"2857","20803118864",1241.58500091175
"2858","20803118865",1388.80856399991
"2859","20803118901",20.8282851986408
"2860","20803118903",81.9235374379012
"2861","20803118904",54.9022786849509
"2862","20803118905",1196.27137342091
"2863","20803118906",1939.38790003609
"2864","20803118907",1850.04832061069
"2865","20803118908",883.052681281035
"2866","20803118909",546.63712978719
"2867","20803118910",1448.33097413104
"2868","20803118911",1666.47710659823
"2869","20803118912",2366.58121416699
"2870","20803118913",1057.65250135765
"2871","20803118914",1713.50261106923
"2872","20803118915",1997.33248204625
"2873","20803118916",586.988012827643
"2874","20803118917",551.509860825661
"2875","20803118918",455.765129179765
"2876","20803118919",475.813890583955
"2877","20803118920",40.8927717113777
"2878","20803118921",24.6778296780684
"2879","20803118922",66.0233915231018
"2880","20803118923",66.5647205873717
"2881","20803118924",78.7637704274242
"2882","20803118925",138.591203457287
"2883","20803118926",54.4956752212008
"2884","20803118927",55.5639876451572
"2885","20803118928",39.3000058387016
"2886","20803118929",42.115507996752
"2887","20803118930",22.28431677207
"2888","20803119001",2730.90239198063
"2889","20803119002",725.422860613737
"2890","20803119003",742.866987694048
"2891","20803119004",2599.54655906333
"2892","20803119005",3389.16080240791
"2893","20803119006",2313.831640515
"2894","20803119007",897.445037848405
"2895","20803119008",2735.10622017764
"2896","20803119009",5584.77954796312
"2897","20803119010",2858.54530884156
"2898","20803119011",4844.07343332661
"2899","20803119012",3002.5862730757
"2900","20803119013",2899.93101607555
"2901","20803119014",2426.73873305344
"2902","20803119016",521.746705502267
"2903","20803119017",460.153620631926
"2904","20803119018",362.021105740469
"2905","20803119019",1302.6977415921
"2906","20803119020",174.798788598064
"2907","20803119021",486.933790829538
"2908","20803119022",520.644755478543
"2909","20803119023",5283.35706978217
"2910","20803119024",1468.89216063584
"2911","20803119025",1714.93808314725
"2912","20803119026",553.231666028308
"2913","20803119027",2782.98560398873
"2914","20803119028",3587.00426980386
"2915","20803119029",1635.94379367098
"2916","20803119030",2052.55774542789
"2917","20803119031",0.153116967071019
"2918","20803119032",95.602359334798
"2919","20803119033",623.106168005149
"2920","20803119034",630.432488945258
"2921","20803119101",1243.55332203724
"2922","20803119102",276.55200817565
"2923","20803119103",3205.86796198489
"2924","20803119104",2293.01090134954
"2925","20803119105",561.781409231922
"2926","20803119106",761.770050560815
"2927","20803119108",181.001017844483
"2928","20803119109",651.944278717713
"2929","20803119110",1325.52703461895
"2930","20803119111",1434.56675552613
"2931","20803119112",1977.01273385205
"2932","20803119113",1256.81220674612
"2933","20803119114",1013.23267874537
"2934","20803119115",1517.13162736429
"2935","20803119116",1352.94806881049
"2936","20803119117",1605.23774644972
"2937","20803119118",1595.9057718612
"2938","20803119119",868.362697268032
"2939","20803119120",956.912825978133
"2940","20803119121",459.654422643499
"2941","20803119122",0.132279579036778
"2942","20803119123",709.112965055207
"2943","20803119124",1558.93382380492
"2944","20803119125",2537.66718731493
"2945","20803119201",310.548098429624
"2946","20803119301",169.979155686681
"2947","20803119302",1026.11937722996
"2948","20803119303",741.458183182658
"2949","20803119304",306.911611071529
"2950","20803119305",334.48505230312
"2951","20803119306",274.754195085478
"2952","20803119307",1061.61219220159
"2953","20803119308",1121.44819947728
"2954","20803119309",1682.34980495996
"2955","20803119310",687.174999020454
"2956","20803119311",1960.34116080894
"2957","20803119312",850.933869101705
"2958","20803119313",638.027654590461
"2959","20803119314",697.604773673162
"2960","20803119315",563.506658906221
"2961","20803119316",286.071292259395
"2962","20803119317",666.152141941277
"2963","20803119318",872.38050945259
"2964","20803119319",651.320404941459
"2965","20803119320",1404.9430951206
"2966","20803119321",589.197257983312
"2967","20803119322",1202.81838258553
"2968","20803119323",1593.11864724799
"2969","20803119324",1374.74218197305
"2970","20803119325",1120.34882213531
"2971","20803119326",970.080128349588
"2972","20803119327",951.450837556024
"2973","20803119328",662.666489922438
"2974","20803119329",778.355533880862
"2975","20803119330",1894.86122281783
"2976","20803119331",1298.51868318267
"2977","20803119332",1704.7914958168
"2978","20803119333",1072.17063081237
"2979","20803119334",1483.47116413379
"2980","20803119335",1575.03656549861
"2981","20803119336",1533.30477085383
"2982","20803119337",681.108594400052
"2983","20803119338",107.761333073239
"2984","20803119339",141.768728306657
"2985","20803119340",498.221177820707
"2986","20803119341",754.134809238034
"2987","20803119342",1096.14003494089
"2988","20803119343",907.51851090743
"2989","20804119401",148.996823477883
"2990","20804119405",184.317419531237
"2991","20804119406",202.558007976001
"2992","20804119407",585.381429784514
"2993","20804119408",696.21044869448
"2994","20804119409",747.095642368184
"2995","20804119410",60.1708259019134
"2996","20804119411",619.673719327018
"2997","20804119412",352.28617364599
"2998","20804119413",508.017000769543
"2999","20804119414",699.671794831475
"3000","20804119415",146.64648692462
"3001","20804119416",8.22604075833484
"3002","20804119417",3.73395070975505
"3003","20804119418",19.7926613095048
"3004","20804119419",238.255850317083
"3005","20804119420",612.216301841338
"3006","20804119421",103.517515761118
"3007","20804119423",605.829801234649
"3008","20804119426",492.436354612458
"3009","20804119427",9.61189826293312
"3010","20804119430",13.4353352244176
"3011","20804119432",31.1011501961742
"3012","20804119433",618.318841965374
"3013","20804119434",621.247326603632
"3014","20804119435",237.626826066085
"3015","20804119437",17.6460145615747
"3016","20804119440",524.945587864495
"3017","20804119441",751.887074109674
"3018","20804119442",411.979100206674
"3019","20804119443",699.47493644151
"3020","20804119444",270.043311361044
"3021","20804119445",900.217951236498
"3022","20804119446",285.555683299667
"3023","20804119449",428.162285027597
"3024","20804119502",357.105380577644
"3025","20804119503",222.914103046736
"3026","20804119504",196.914884712865
"3027","20804119505",228.460870726283
"3028","20804119506",2401.89303326275
"3029","20804119507",527.759698504039
"3030","20804119508",3378.09095695954
"3031","20804119509",1491.80090123901
"3032","20804119510",718.200260896007
"3033","20804119511",193.934671135018
"3034","20804119512",610.966477288527
"3035","20804119513",146.145322949392
"3036","20804119515",308.981595290541
"3037","20804119516",51.74038553694
"3038","20804119517",1333.41453721312
"3039","20804119518",1417.43957235899
"3040","20804119519",438.844997847232
"3041","20804119520",2843.86326486239
"3042","20804119521",2544.98035010369
"3043","20804119522",3107.56203222545
"3044","20804119523",1322.10786096877
"3045","20804119525",606.030577165861
"3046","20804119526",476.986683186809
"3047","20804119527",188.96411725827
"3048","20804119528",1119.73949149948
"3049","20804119529",112.30325260799
"3050","20804119530",44.5214050734068
"3051","20804119531",129.218016172129
"3052","20804119532",121.639387171565
"3053","20804119533",71.4294175725887
"3054","20804119534",360.70983592474
"3055","20804119535",3456.90061113078
"3056","20804119536",4371.98127865681
"3057","20804119537",2514.13629080055
"3058","20804119538",2536.66261968503
"3059","20804119539",651.970786838818
"3060","20804119540",674.547754521902
"3061","20804119541",722.944476082236
"3062","20804119542",1046.55060299523
"3063","20804119543",372.104523832661
"3064","20804119544",859.250920757648
"3065","20804119545",1236.28961259155
"3066","20804119546",260.627200414143
"3067","20804119547",458.312299155413
"3068","20804119548",354.310284114327
"3069","20804119549",314.751067596056
"3070","20804119550",4188.85650920942
"3071","20804119551",951.891921992961
"3072","20804119552",492.129689765695
"3073","20804119553",468.582359044884
"3074","20804119554",553.822206291153
"3075","20804119555",277.788589520461
"3076","20804119556",307.508015293868
"3077","20901119601",2863.66298739663
"3078","20901119602",1088.25163204273
"3079","20901119603",1981.76063982646
"3080","20901119604",2669.68948025818
"3081","20901119605",2589.26070588173
"3082","20901119606",2694.09667153831
"3083","20901119607",1121.58645060636
"3084","20901119608",459.672851924609
"3085","20901119609",391.607355892475
"3086","20901119610",205.560099780353
"3087","20901119613",624.058265559213
"3088","20901119614",6.11763378114614
"3089","20901119615",1802.87671301324
"3090","20901119616",1861.11965583706
"3091","20901119617",1544.56519736216
"3092","20901119618",2504.02313054747
"3093","20901119619",1561.74129906166
"3094","20901119620",2390.24639660231
"3095","20901119621",71.5787660316211
"3096","20901119622",1903.9066589261
"3097","20901119623",0.448963775739305
"3098","20901119624",489.602258339692
"3099","20901119701",2935.25127132303
"3100","20901119702",1955.37072525617
"3101","20901119703",292.891950228559
"3102","20901119704",1249.00394629228
"3103","20901119705",1428.41199798356
"3104","20901119706",849.057415232831
"3105","20901119707",1267.36666998647
"3106","20901119708",460.847927542975
"3107","20901119709",612.947989313735
"3108","20901119710",1892.70186243154
"3109","20901119711",5490.59941876987
"3110","20901119712",1353.87353315495
"3111","20901119713",353.207947544232
"3112","20901119714",417.313599171687
"3113","20901119715",3038.70691338635
"3114","20901119716",1726.1717679208
"3115","20901119717",1340.29257269373
"3116","20901119718",1611.11736713332
"3117","20901119719",1010.12026003204
"3118","20901119720",376.737821067846
"3119","20901119721",873.903920940799
"3120","20901119722",734.009325934342
"3121","20901119723",557.896290409692
"3122","20901119724",408.413556296634
"3123","20901119725",525.460868302924
"3124","20901119726",795.776817937555
"3125","20901119727",388.272655669264
"3126","20901119728",1357.0135916448
"3127","20901119729",912.782795790678
"3128","20901119730",1817.08339331215
"3129","20901119731",2498.75486468151
"3130","20901119732",871.801765595705
"3131","20901119733",749.560846218461
"3132","20901119734",676.540259724405
"3133","20901119735",830.055331110128
"3134","20901119736",1318.93255633998
"3135","20901119737",621.481650087438
"3136","20901119738",857.937244491094
"3137","20901119739",3607.57698024025
"3138","20901119740",3794.5751699286
"3139","20901119741",5963.26366856587
"3140","20901119742",2386.70072982907
"3141","20901119743",1530.57837179657
"3142","20901119744",698.504481222676
"3143","20901119745",1486.93008454566
"3144","20901119746",754.030180255986
"3145","20901119747",661.657825773924
"3146","20901119748",1048.2954006183
"3147","20901119749",2343.79395484495
"3148","20901119750",4602.9238834334
"3149","20901119751",334.024171930829
"3150","20901119752",549.920409648495
"3151","20901119753",954.255537189847
"3152","20901119801",487.858005548712
"3153","20901119802",2070.24475750424
"3154","20901119803",2495.27214317748
"3155","20901119804",3707.96528987224
"3156","20901119805",2006.50261895658
"3157","20901119806",303.003137939172
"3158","20901119807",1229.44826900927
"3159","20901119808",1925.98937972368
"3160","20901119809",3988.34721191639
"3161","20901119811",353.714044982676
"3162","20901119813",1926.19608435997
"3163","20901119814",1647.03667940577
"3164","20901119815",1119.94483159937
"3165","20901119816",676.35657329815
"3166","20901119817",1611.4478273006
"3167","20901119818",1229.4709796164
"3168","20901119819",676.039594192453
"3169","20901119820",1231.09725995554
"3170","20901119821",506.811537209912
"3171","20901119822",599.480590046307
"3172","20901119823",1229.67728587391
"3173","20901119824",535.15364302241
"3174","20901119825",1193.24837808945
"3175","20901119826",3414.10706356788
"3176","20901119827",2117.95599866793
"3177","20901119828",579.41038604483
"3178","20901119829",2894.43076799599
"3179","20901119830",109.378623680219
"3180","20901119831",559.273689350257
"3181","20901119832",265.829185870104
"3182","20901119833",878.83208420398
"3183","20901119834",4461.48001363157
"3184","20901119835",4388.58723770338
"3185","20901119901",2980.65080059694
"3186","20901119902",5513.69039306786
"3187","20901119903",1404.58168655921
"3188","20901119904",4313.17413752621
"3189","20901119906",1446.16827617917
"3190","20901119907",5384.4364983946
"3191","20901119908",4650.48159588334
"3192","20901119909",3271.59582806937
"3193","20901119910",4384.20815172158
"3194","20901119911",4257.94286049759
"3195","20901119912",3704.78616054699
"3196","20901119913",1285.12678606949
"3197","20901119914",855.602240615116
"3198","20901119915",2262.05227252097
"3199","20901119916",4492.67230949251
"3200","20901119917",3118.71484099422
"3201","20901119918",2575.23396710347
"3202","20901119919",2658.96878271964
"3203","20901119920",3827.68431468533
"3204","20901119921",1145.50848573935
"3205","20901119922",1389.40500340268
"3206","20901119924",3507.26041454638
"3207","20901119925",2621.12723468225
"3208","20901119926",2913.58261287242
"3209","20901119927",1961.49877463662
"3210","20901119928",786.45196866145
"3211","20901119929",1741.18402175583
"3212","20901119930",1194.74486961449
"3213","20901119931",866.176052122142
"3214","20901119932",2625.05848598861
"3215","20901119933",3221.58537182287
"3216","20901119934",1188.41715563149
"3217","20901119935",3574.03737582045
"3218","20901119936",2243.5562724581
"3219","20901120001",2459.28867171534
"3220","20901120002",2777.64953888392
"3221","20901120003",921.486845198098
"3222","20901120004",630.364000610024
"3223","20901120005",1025.64267172192
"3224","20901120006",38.1255521583379
"3225","20901120007",221.038029610165
"3226","20901120009",1298.00732735017
"3227","20901120010",2441.17611841812
"3228","20901120011",3650.38321362753
"3229","20901120012",244.191954119082
"3230","20901120013",3141.2365458408
"3231","20901120014",2476.54501261055
"3232","20901120015",2400.96322653682
"3233","20901120016",2823.52698893818
"3234","20901120017",512.950797016412
"3235","20901120019",233.790637088497
"3236","20901120020",3712.01106640993
"3237","20901120021",2166.61050797507
"3238","20901120022",3359.15781489482
"3239","20901120023",731.242453709735
"3240","20901120024",644.254490915445
"3241","20901120025",2369.56946367968
"3242","20901120026",870.236255159669
"3243","20901120027",571.665794822206
"3244","20901120028",501.817407704761
"3245","20901120029",592.656182972667
"3246","20901120030",2596.8370683967
"3247","20901120101",437.391095909733
"3248","20901120102",1218.64198441781
"3249","20901120103",446.873621445567
"3250","20901120104",1523.82251194091
"3251","20901120105",1163.42803666722
"3252","20901120106",1720.05711476742
"3253","20901120107",1228.85071227782
"3254","20901120108",11.419712471096
"3255","20901120109",1.35758249079716
"3256","20901120111",357.688054812724
"3257","20901120112",1075.33427086109
"3258","20901120113",660.57495396063
"3259","20901120114",158.230219474892
"3260","20901120115",201.70662967256
"3261","20901120116",348.204499050205
"3262","20901120117",1443.05536906098
"3263","20901120118",416.308019838852
"3264","20901120119",90.7810925106016
"3265","20901120201",553.302631938966
"3266","20901120202",266.110463220358
"3267","20901120203",1051.6269736993
"3268","20901120204",2026.59026142759
"3269","20901120205",160.651137218766
"3270","20901120206",1559.37139024556
"3271","20901120207",16.5126610385179
"3272","20901120208",1205.69866256195
"3273","20901120209",192.473818938813
"3274","20901120210",1248.69465959438
"3275","20901120211",464.933068278399
"3276","20901120212",1178.61025883221
"3277","20901120213",1959.23613762643
"3278","20901120214",897.820379286057
"3279","20901120215",2198.85882609855
"3280","20901120216",1239.3586533928
"3281","20901120217",2381.96074979299
"3282","20901120218",6.62742440277979
"3283","20901120219",3.4498766096721
"3284","20901120220",2676.391308954
"3285","20901120221",876.150241949589
"3286","20901120222",1688.81777038632
"3287","20901120223",2195.41702829708
"3288","20901120224",1811.47184607732
"3289","20901120225",3059.14899754171
"3290","20901120226",1124.93429238354
"3291","20901120227",1999.05721242012
"3292","20901120228",2423.76690647369
"3293","20901120229",1896.14393472533
"3294","20901120230",1413.03473530939
"3295","20901120231",1530.22508453351
"3296","20901120232",1785.33956689311
"3297","20901120233",2322.64802303412
"3298","20901120234",989.175695579223
"3299","20901120235",815.311743227312
"3300","20901120236",1584.57842328387
"3301","20901120237",1247.10650335881
"3302","20901120238",41.5015724898995
"3303","20901120239",1942.05462485947
"3304","20901120240",439.776921236816
"3305","20901120241",2367.63503469828
"3306","20901120301",948.42624816443
"3307","20901120302",500.863930199952
"3308","20901120303",1100.45933345765
"3309","20901120304",1020.03996527632
"3310","20901120305",1101.87139567168
"3311","20901120306",324.636149351072
"3312","20901120307",852.290627201317
"3313","20901120308",1475.49073249193
"3314","20901120309",1077.43782889424
"3315","20901120310",877.576228014618
"3316","20901120311",48.805709514849
"3317","20901120312",7.7361684067846
"3318","20901120313",167.349175704727
"3319","20901120314",300.328671198691
"3320","20901120315",1591.2572764893
"3321","20901120316",257.703544724677
"3322","20901120317",1286.54595211384
"3323","20901120318",731.069394929956
"3324","20901120319",945.571316287424
"3325","20901120320",1242.14631807859
"3326","20901120321",999.199357956077
"3327","20901120322",1028.80235498847
"3328","20901120323",1132.7660481085
"3329","20901120324",287.513908886039
"3330","20901120325",385.410820780288
"3331","20901120326",1162.80297173855
"3332","20901120327",574.251938076715
"3333","20901120328",557.868430679189
"3334","20901120329",421.425961479376
"3335","20901120330",404.68996398205
"3336","20901120331",568.570095567032
"3337","20901120332",711.039084996902
"3338","20901120333",555.459140313842
"3339","20901120334",227.161900911514
"3340","20901120335",834.873891244397
"3341","20901120336",48.9543658517847
"3342","20901120337",1267.24859439671
"3343","20901120338",574.780697045172
"3344","20901120339",638.808043591052
"3345","20901120340",1710.98497188327
"3346","20901120341",1423.12748440056
"3347","20901120342",730.494509371077
"3348","20901120343",203.942738939389
"3349","20901120344",1525.83521273822
"3350","20901120345",601.439619871814
"3351","20901120346",227.151793069598
"3352","20901120401",1736.69565643634
"3353","20901120402",713.639086087039
"3354","20901120403",724.565486894503
"3355","20901120404",1246.50323991466
"3356","20901120405",1331.60208660518
"3357","20901120406",2410.38846879618
"3358","20901120407",1814.08920560307
"3359","20901120408",3538.23446367527
"3360","20901120409",3324.81431509005
"3361","20901120410",3056.30798646253
"3362","20901120411",295.841935944356
"3363","20901120412",188.540260525431
"3364","20901120413",10.8982379584391
"3365","20901120414",511.569053884829
"3366","20901120415",1643.4104549726
"3367","20901120416",1541.97109701158
"3368","20901120417",1084.05052214542
"3369","20901120418",648.373567441187
"3370","20901120419",1051.02439938613
"3371","20901120420",927.170256801311
"3372","20901120421",743.283696634598
"3373","20901120422",1114.79250255998
"3374","20902120502",586.887657662748
"3375","20902120503",364.636720902247
"3376","20902120504",1483.28842114225
"3377","20902120505",429.229033824596
"3378","20902120507",556.92163122472
"3379","20902120508",1130.47689375723
"3380","20902120509",3066.92868496277
"3381","20902120510",2532.82208588756
"3382","20902120511",2179.0742857228
"3383","20902120512",383.683991427379
"3384","20902120514",2291.96152124703
"3385","20902120516",110.907981198256
"3386","20902120517",375.820693617519
"3387","20902120518",3205.63958447668
"3388","20902120519",1961.07868128727
"3389","20902120520",528.912021214315
"3390","20902120521",2188.094714645
"3391","20902120522",1288.31820049291
"3392","20902120523",524.571180003197
"3393","20902120524",379.158914253952
"3394","20902120525",242.139654835761
"3395","20902120526",1248.35199317584
"3396","20902120527",275.294494073624
"3397","20902120528",1491.85574354358
"3398","20902120529",1269.00216687158
"3399","20902120530",510.286174290196
"3400","20902120531",566.363742824894
"3401","20902142801",2158.77512062033
"3402","20902142802",2941.90723989752
"3403","20902142803",4425.66708684678
"3404","20902142804",1668.25877925712
"3405","20902142805",3308.34992339828
"3406","20902142806",3545.59619080805
"3407","20902142807",4116.55465200587
"3408","20902142809",2259.93394185566
"3409","20902142810",1537.39090939713
"3410","20902142811",1298.33952060333
"3411","20902142812",3494.86918978465
"3412","20902142813",1276.3407381664
"3413","20902142814",4470.31391805707
"3414","20902142816",3531.63026491185
"3415","20902142817",3422.04718687241
"3416","20902142818",2371.55531521399
"3417","20902142820",3816.76664860538
"3418","20902142821",3078.75163943352
"3419","20902142822",3066.55118076377
"3420","20902142823",3163.07585697189
"3421","20902142824",1498.85107870325
"3422","20902142825",2455.86657116591
"3423","20902142826",1841.68353104189
"3424","20902142827",3310.10960362472
"3425","20902142828",3200.29599776265
"3426","20902142829",3761.65052988092
"3427","20902142830",1357.56428560667
"3428","20902142833",3866.36040641987
"3429","20902142834",2274.0605854226
"3430","20902142835",5299.14973229564
"3431","20902142836",4202.29738764412
"3432","20902142837",2515.40132076963
"3433","20902142838",2383.2980330733
"3434","20902142839",1521.98693514841
"3435","20902142840",1716.74177138191
"3436","20902142841",2346.59195943046
"3437","20902142842",2923.99867165937
"3438","20902142843",3947.16556305181
"3439","20902142844",4155.94740980422
"3440","20902142845",2595.63507627109
"3441","20902142846",2499.89866580374
"3442","20902142847",2411.50962910306
"3443","20902142848",5161.0738997704
"3444","20902142849",3011.67069437377
"3445","20902142850",4041.10485104174
"3446","20902142901",521.259039401687
"3447","20902142902",2129.02277034559
"3448","20902142904",1779.46124941034
"3449","20902142905",2396.48730255571
"3450","20902142906",1375.23864378649
"3451","20902142907",3021.21246238225
"3452","20902142908",1395.11981627687
"3453","20902142909",14.2469147388622
"3454","20902142910",536.900584947522
"3455","20902142911",1795.3185004681
"3456","20902142912",1226.55699023921
"3457","20902142913",2395.64847971031
"3458","20902142914",245.66427538255
"3459","20902142915",1831.28162286286
"3460","20902142916",1973.86141208863
"3461","20902142917",487.449668139916
"3462","20902142918",1529.52739441754
"3463","20902142919",2343.96841767869
"3464","20902142920",2835.25866932046
"3465","20902142921",368.794368826583
"3466","20902142922",715.341054729594
"3467","20902142923",2554.73555814009
"3468","20902142924",3028.90993946168
"3469","20902142925",1169.9258101242
"3470","20902152301",2216.79571285459
"3471","20902152302",2852.67348850223
"3472","20902152303",437.935573116233
"3473","20902152304",385.967014115185
"3474","20902152305",5461.5784849272
"3475","20902152306",4551.43076224743
"3476","20902152307",2605.41580382184
"3477","20902152308",1645.02211315701
"3478","20902152309",3252.77517644818
"3479","20902152310",2474.02433191749
"3480","20902152311",2192.95777384963
"3481","20902152312",988.208939901847
"3482","20902152313",2186.6061097564
"3483","20902152314",783.123597705079
"3484","20902152315",1017.75891536843
"3485","20902152316",744.462853751644
"3486","20902152317",622.380982765397
"3487","20902152318",1615.08180218969
"3488","20902152319",1511.36325926621
"3489","20902152320",2771.5422710297
"3490","20902152321",1922.28426996616
"3491","20902152322",1663.19962339439
"3492","20902152323",608.054263755648
"3493","20902152324",1236.79370639718
"3494","20902152325",1667.54487477021
"3495","20902152326",1589.38842883271
"3496","20902152327",1286.81253588393
"3497","20902152328",2326.91972825872
"3498","20902152329",1708.91327324937
"3499","20902152330",2180.23973961363
"3500","20902152401",470.486262938404
"3501","20902152402",789.947761277864
"3502","20902152403",1073.24573048709
"3503","20902152404",587.822513614891
"3504","20902152405",1238.63818908581
"3505","20902152406",606.612682105342
"3506","20902152407",1084.58345990907
"3507","20902152408",1437.1143326276
"3508","20902152409",1163.18876760221
"3509","20902152410",892.151583005918
"3510","20902152411",133.675475906103
"3511","20902152412",281.90264784424
"3512","20902152413",721.625257712012
"3513","20902152414",753.887506462919
"3514","20902152415",1184.0103802837
"3515","20902152416",1589.97565451374
"3516","20902152417",396.046715817692
"3517","20902152418",466.661156451486
"3518","20902152419",519.108987016429
"3519","20902152420",47.516336454838
"3520","20902152421",720.050068745489
"3521","20902152422",883.81945066675
"3522","20902152423",1002.19062970725
"3523","20902152424",1378.44520053766
"3524","20902152425",1420.96686545795
"3525","20902152501",2692.44247619229
"3526","20902152502",5182.54023699066
"3527","20902152503",4758.44298289846
"3528","20902152504",1097.57887836294
"3529","20902152505",1738.47197300132
"3530","20902152506",1679.64296961932
"3531","20902152507",2545.91061335082
"3532","20902152508",2849.03170043161
"3533","20902152509",3472.31264278735
"3534","20902152510",1651.38843080563
"3535","20902152511",4099.95833952645
"3536","20902152512",4599.45874295206
"3537","20902152513",1830.94222286231
"3538","20902152514",2830.84321834089
"3539","20902152515",4455.17979792367
"3540","20902152516",4239.70708577578
"3541","20902152517",2095.23755847304
"3542","20902152518",1179.73050590678
"3543","20902152519",1857.23380223465
"3544","20902152520",2927.19272641841
"3545","20902152521",2952.84981904262
"3546","20902152522",3569.13277645929
"3547","20902152523",436.15642794335
"3548","20902152524",4551.2859621284
"3549","20902152525",1408.07333982689
"3550","20902152526",2101.87839172882
"3551","20902152527",3351.93314857258
"3552","20902152528",3007.600807271
"3553","20902152601",1217.45021696043
"3554","20902152602",1053.14804224288
"3555","20902152603",1194.2350418372
"3556","20902152604",2349.27077116475
"3557","20902152605",2675.65031832272
"3558","20902152606",1052.17861931232
"3559","20902152607",946.262140699686
"3560","20902152608",1038.60049464876
"3561","20902152609",733.410721883437
"3562","20902152610",670.812656930155
"3563","20902152611",1037.1429411058
"3564","20902152612",1415.29471054895
"3565","20902152613",997.672330227058
"3566","20902152614",663.706605365986
"3567","20902152615",2156.73019356727
"3568","20902152616",527.496450760834
"3569","20902152617",1034.21654311919
"3570","20902152618",555.303699260294
"3571","20902152619",2468.96277292865
"3572","20902152620",1198.44899969902
"3573","20902152621",1715.55442505759
"3574","20902152622",4802.78688401817
"3575","20902152623",1546.70687418726
"3576","20902152624",5040.27591965801
"3577","20902152625",853.486505835634
"3578","20902152626",3619.5979972565
"3579","20902152627",1512.62301291592
"3580","20902152628",1977.2017619873
"3581","20902152629",674.238969085798
"3582","20902152630",3324.29534823253
"3583","20902152631",955.800571536861
"3584","20902152632",2261.10781737954
"3585","20902152633",1515.86203772646
"3586","20903120901",861.386887384978
"3587","20903120902",3403.12954333509
"3588","20903120903",224.801593709619
"3589","20903120904",562.166519974004
"3590","20903120905",387.894933591246
"3591","20903120906",266.114974378451
"3592","20903120908",178.18868274844
"3593","20903120909",1029.78550098605
"3594","20903120910",371.627615011686
"3595","20903120911",169.950778495079
"3596","20903120912",191.826750886119
"3597","20903120913",201.572016161828
"3598","20903120914",1309.24233149642
"3599","20903120915",3070.90745287217
"3600","20903120916",23.7095477526536
"3601","20903120917",1512.23325535224
"3602","20903120918",1279.38099498293
"3603","20903120919",266.321848358767
"3604","20903120920",737.970940217729
"3605","20903120921",176.994503235748
"3606","20903120922",1730.11142781599
"3607","20903120923",790.83155491135
"3608","20903120924",1627.32479300284
"3609","20903120925",993.597008809341
"3610","20903120926",496.551864434289
"3611","20903120927",12.088393339328
"3612","20903120929",1139.73666065289
"3613","20903120930",51.5497612177431
"3614","20903120931",425.843075512204
"3615","20903120932",571.624010715168
"3616","20903120933",853.90162563808
"3617","20903120934",1262.18547514265
"3618","20903120935",212.919303272547
"3619","20903120936",486.813473083249
"3620","20903120937",74.453147315723
"3621","20903120938",51.5517073103704
"3622","20903120939",504.33869313889
"3623","20903120942",542.276580814188
"3624","20903120943",241.612269688691
"3625","20903120944",545.558612075533
"3626","20903120945",1441.70302555738
"3627","20903120946",984.181066894702
"3628","20903120947",28.7865160449207
"3629","20903120948",1209.63051543427
"3630","20903120950",331.970194295862
"3631","20903120951",83.1510401940574
"3632","20903120952",464.086013961531
"3633","20903120953",886.904221846323
"3634","20903120954",407.517064950219
"3635","20903120955",1446.08397412114
"3636","20903120956",1385.32019081821
"3637","20903120957",940.078450459529
"3638","20903120958",794.77919379493
"3639","20903120959",1625.65490193488
"3640","20903120960",1998.66928367685
"3641","20903121001",48.2102570521943
"3642","20903121002",100.877522943954
"3643","20903121004",17.241478189074
"3644","20903121007",0.542449620379424
"3645","20903121009",45.805540283198
"3646","20903121101",1.14906674820968
"3647","20903121103",4.38565099527218
"3648","20903121104",8.48429444199826
"3649","20903121105",1.05682370787147
"3650","20903121106",11.1297029395581
"3651","20903121107",8.45871145591894
"3652","20903121108",23.151112961024
"3653","20903121208",0.0289166360235734
"3654","20903121214",20.6275366730978
"3655","20903121301",339.060381885669
"3656","20903121302",2381.59230128621
"3657","20903121303",153.398470971904
"3658","20903121304",609.399097575492
"3659","20903121305",460.297438572642
"3660","20903121306",101.81725530075
"3661","20903121307",474.764531147517
"3662","20903121308",1053.04463741374
"3663","20903121309",782.280407527015
"3664","20903121310",765.582684325246
"3665","20903121311",2155.15261660641
"3666","20903121312",640.752403496543
"3667","20903121313",2478.1141620004
"3668","20903121314",1113.53618066199
"3669","20903121315",910.597170558553
"3670","20903121316",686.385109712832
"3671","20903121317",2095.89795670754
"3672","20903121318",167.716804688164
"3673","20903121319",645.201159306554
"3674","20903121320",103.694250246578
"3675","20903121321",142.648665607088
"3676","20903121322",178.154215051364
"3677","20903121323",50.019155171471
"3678","20903121324",309.787336661781
"3679","20903121325",425.929645750996
"3680","20903121401",394.676645786243
"3681","20903121402",461.721371616526
"3682","20903121403",0.575150358524924
"3683","20903121404",237.158753453932
"3684","20903121405",341.026145157195
"3685","20903121406",112.261622399714
"3686","20903121407",1195.25958538372
"3687","20903121408",239.283097802278
"3688","20903121409",224.050712390357
"3689","20903121410",432.684299512628
"3690","20903121411",158.404201220607
"3691","20903121412",44.81889351406
"3692","20903121413",157.808021335838
"3693","20903121414",79.1380296880089
"3694","20903121415",20.8757003238651
"3695","20903121416",10.6403544027493
"3696","20903121501",60.9232763089199
"3697","20903121502",1144.42487886467
"3698","20903121503",6.30709565370653
"3699","20903121504",887.560015045267
"3700","20903121505",245.060471472752
"3701","20903121506",1002.02053824803
"3702","20903121507",616.879305470958
"3703","20903121508",178.429186568935
"3704","20903121509",462.328067149214
"3705","20903121510",104.895551836027
"3706","20903121511",31.1789839652537
"3707","20903121513",346.931379214967
"3708","20903121514",113.656607820068
"3709","20903121515",51.0610552409938
"3710","20903121516",47.9896704018876
"3711","20903121517",400.865759724206
"3712","20903121518",1010.13181748872
"3713","20903121519",9.20041094652128
"3714","20903121520",1807.0319896073
"3715","20903121521",505.875361872925
"3716","20903121522",786.404618996484
"3717","20903121523",313.417470185328
"3718","20903121524",1106.02065254192
"3719","20903121525",801.140005051739
"3720","20903121526",415.074144410849
"3721","20903121527",364.871644919047
"3722","20903121528",251.000591135615
"3723","20903121529",701.737728944191
"3724","20903121530",255.254038360389
"3725","20903121531",0.000705930286268991
"3726","20903121532",99.8319198947641
"3727","20903121533",207.318472736908
"3728","20903121534",1167.61858492482
"3729","20903121535",37.8015762682907
"3730","20903121536",162.921257718833
"3731","20904121601",2254.97585022116
"3732","20904121603",1927.80074094815
"3733","20904121604",964.8982156496
"3734","20904121605",1864.71545719629
"3735","20904121606",72.5796574674744
"3736","20904121607",1335.31276421342
"3737","20904121608",729.290266355711
"3738","20904121609",591.710293192295
"3739","20904121610",211.627435399377
"3740","20904121611",503.127851922821
"3741","20904121612",1834.24831869568
"3742","20904121613",144.270316968738
"3743","20904121614",1955.12249822805
"3744","20904121615",2675.49213541711
"3745","20904121616",242.993088523122
"3746","20904121701",1056.79135537364
"3747","20904121702",11.5984662293811
"3748","20904121703",29.5053238226386
"3749","20904121704",1276.49984301134
"3750","20904121705",771.39291297587
"3751","20904121706",1705.97961036487
"3752","20904121707",1663.37883229101
"3753","20904121708",2586.44995522366
"3754","20904121709",1956.33315220113
"3755","20904121710",1534.04994551373
"3756","20904121711",172.382647499448
"3757","20904121712",24.7061998323955
"3758","20904121713",1188.85078727969
"3759","20904121714",978.272945151679
"3760","20904121716",890.430945750094
"3761","20904121717",462.566903497407
"3762","20904121718",1536.07916506443
"3763","20904122001",1371.7214138203
"3764","20904122002",2563.43541710255
"3765","20904122003",1587.10650225033
"3766","20904122004",1370.14607113424
"3767","20904122005",3712.37391991802
"3768","20904122006",1029.17489733366
"3769","20904122007",1295.78057781078
"3770","20904122008",1615.91874319039
"3771","20904122009",728.909177902667
"3772","20904122010",210.868307455158
"3773","20904122011",1716.7968674131
"3774","20904122012",4293.09284677463
"3775","20904122013",4080.76096959741
"3776","20904122014",1805.85804384407
"3777","20904122015",1885.28704394017
"3778","20904122016",1053.79846975234
"3779","20904122017",2089.80992007233
"3780","20904122018",550.507022469474
"3781","20904122019",1362.70592750484
"3782","20904122020",817.805582746365
"3783","20904122021",1476.42142245123
"3784","20904122022",1904.72770032198
"3785","20904122023",853.783067764048
"3786","20904122024",1935.23505173349
"3787","20904122025",1524.27704733172
"3788","20904122026",1301.28942446616
"3789","20904122027",1081.49441701626
"3790","20904122028",317.298806425183
"3791","20904122029",1363.70916679052
"3792","20904122030",1825.67397211562
"3793","20904122031",2432.3078268215
"3794","20904122032",2078.84863085846
"3795","20904122033",217.638738851944
"3796","20904122034",2006.3116085666
"3797","20904122035",1903.25701464306
"3798","20904122036",1313.76984302861
"3799","20904122037",1605.63303386059
"3800","20904122038",1817.83416356072
"3801","20904122039",1953.07723918888
"3802","20904122040",1900.67742414262
"3803","20904122041",1451.54522066045
"3804","20904122042",1412.05529402525
"3805","20904122043",1289.22780320341
"3806","20904122044",1116.88168946519
"3807","20904122045",1849.71463855575
"3808","20904122046",1455.09266138807
"3809","20904122101",744.408667150344
"3810","20904122102",1800.99451422481
"3811","20904122103",2588.04833063319
"3812","20904122104",90.2626854088808
"3813","20904122105",1937.55461428345
"3814","20904122106",2204.00959234901
"3815","20904122107",1302.41795529971
"3816","20904122108",2158.90872073437
"3817","20904122109",1196.22890887623
"3818","20904122110",156.161204034249
"3819","20904122111",1114.87811531775
"3820","20904122112",1069.57480970744
"3821","20904122113",1824.53367400029
"3822","20904122114",3440.96554954223
"3823","20904122115",1455.61429047301
"3824","20904122116",1209.11416572533
"3825","20904122117",2668.79900702202
"3826","20904122118",3548.36877314077
"3827","20904122119",786.838548830912
"3828","20904122120",1013.44045065138
"3829","20904122121",1157.18148170837
"3830","20904122122",1150.91558078748
"3831","20904122123",879.629560306218
"3832","20904122124",1392.25654297091
"3833","20904122125",1807.00008658877
"3834","20904122126",1055.89124579784
"3835","20904122127",1444.51439237622
"3836","20904122128",1880.10907056536
"3837","20904122129",3158.43414868943
"3838","20904122301",1758.15969079536
"3839","20904122302",1076.62021957875
"3840","20904122303",2057.51110898807
"3841","20904122304",1850.4433754987
"3842","20904122305",2002.21650561038
"3843","20904122306",2573.17645387056
"3844","20904122307",2229.62683001891
"3845","20904122308",2660.99428049682
"3846","20904122309",1502.5036294954
"3847","20904122310",863.132732564465
"3848","20904122311",1329.90094888689
"3849","20904122312",766.712823055867
"3850","20904122313",685.71732166354
"3851","20904122314",1247.30476320495
"3852","20904122315",455.679555396263
"3853","20904122316",640.367339803177
"3854","20904122317",830.402105493295
"3855","20904122318",639.72539314996
"3856","20904122319",554.764999851331
"3857","20904122320",17.4390757416187
"3858","20904122321",39.6396352748051
"3859","20904122322",1933.70232032034
"3860","20904122323",79.0452149840525
"3861","20904122324",797.947727703255
"3862","20904122325",838.016523702707
"3863","20904122326",265.893447500912
"3864","20904122327",722.196753684533
"3865","20904122328",1088.80466365671
"3866","20904122329",1089.66634479733
"3867","20904122330",890.844717114597
"3868","20904122331",1631.75604799537
"3869","20904122332",1627.29471176049
"3870","20904122333",925.52510274173
"3871","20904122334",1726.75979622391
"3872","20904122335",65.5962364114484
"3873","20904122336",1042.15263614117
"3874","20904122337",652.158129477773
"3875","20904122338",285.268593417035
"3876","20904122339",2102.2757696419
"3877","20904122340",2335.69341626882
"3878","20904122341",1188.6778526178
"3879","20904122342",1839.43003985336
"3880","20904122343",1345.50736065616
"3881","20904122344",840.857182495935
"3882","20904122345",718.181385388012
"3883","20904122346",1014.95476489204
"3884","20904122347",822.723739217686
"3885","20904122348",804.181568546777
"3886","20904122349",914.236995567915
"3887","20904122350",674.887568546442
"3888","20904122351",348.527410524635
"3889","20904122352",1133.8958349329
"3890","20904122353",711.373518222954
"3891","20904122354",2682.55752058716
"3892","20904122433",29.8434626017368
"3893","20904122441",1.51526044943357
"3894","20904122444",34.9313338957946
"3895","20904122448",22.7212287464386
"3896","20904122451",11.2098291690197
"3897","20904122453",38.5255816810609
"3898","20904122454",48.6013054812648
"3899","20904122459",20.6645982502548
"3900","20904122461",0.142832744018679
"3901","20904122501",4.79317082316546
"3902","20904122503",38.5520254965771
"3903","20904122505",6.79393854766341
"3904","20904122506",18.3201529440381
"3905","20904122507",527.191293325716
"3906","20904122508",1031.40087417637
"3907","20904122509",264.094990142061
"3908","20904122513",243.321976058847
"3909","20904122514",246.564473356222
"3910","20904122516",198.253217676736
"3911","20904122517",807.616339836793
"3912","20904122518",308.7619547604
"3913","20904122519",160.849165580769
"3914","20904122520",319.219650876699
"3915","20904122521",298.628208458843
"3916","20904122523",0.0323850836201515
"3917","20904122524",62.3109065304211
"3918","20904122525",7.0742018252604
"3919","20904122526",65.796434391572
"3920","20904122527",255.634643036391
"3921","20904122528",137.680454717333
"3922","20904122529",10.2981252733219
"3923","20904122530",0.893477345385653
"3924","20904143101",792.027184404712
"3925","20904143102",41.2128408710736
"3926","20904143103",1057.60384287996
"3927","20904143104",3494.66112710533
"3928","20904143105",3529.31383547287
"3929","20904143106",885.039275936812
"3930","20904143107",2648.93366174835
"3931","20904143108",473.493408763901
"3932","20904143109",1143.92461479616
"3933","20904143110",1267.04033672918
"3934","20904143111",1467.39038468123
"3935","20904143112",1235.63928959099
"3936","20904143113",1205.99823265628
"3937","20904143114",73.7078609233996
"3938","20904143115",2125.94270634701
"3939","20904143116",2875.92602699702
"3940","20904143117",1677.44511968907
"3941","20904143118",699.687192671839
"3942","20904143119",2786.14391405063
"3943","20904143120",3166.32085103843
"3944","20904143121",480.227804006258
"3945","20904143122",1212.92994528457
"3946","20904143123",80.764637719606
"3947","20904143124",1295.1571500735
"3948","20904143125",1076.66699791717
"3949","20904143126",1002.70412731171
"3950","20904143127",775.468589714546
"3951","20904143128",1615.69189399329
"3952","20904143129",171.382261946474
"3953","20904143130",3359.32677618228
"3954","20904143131",787.537315000851
"3955","20904143132",1367.21411618914
"3956","20904143133",37.5320965931858
"3957","20904143201",2399.30468676573
"3958","20904143202",4081.52969204235
"3959","20904143203",2046.32542883243
"3960","20904143204",1925.00749967904
"3961","20904143205",1685.53182189378
"3962","20904143206",2621.37015858042
"3963","20904143207",1524.5748418717
"3964","20904143208",865.267359236932
"3965","20904143209",1100.04563069228
"3966","20904143210",1380.30946699235
"3967","20904143211",20.6036550007531
"3968","20904143212",2158.6426867473
"3969","20904143213",6057.75566599818
"3970","20904143214",2925.22035163499
"3971","20904143215",805.492012090197
"3972","20904143216",5914.65195742178
"3973","20904143217",2343.00912555678
"3974","20904143218",1166.67809088656
"3975","20904143219",2811.21903072576
"3976","20904143220",5982.8535349763
"3977","20904143221",861.996584930727
"3978","20904143222",1301.07450337214
"3979","20904143223",2715.41787953223
"3980","20904143224",2717.96242331961
"3981","20904143225",1658.6161247586
"3982","20904143226",2306.71493348394
"3983","20904143301",1558.83158567958
"3984","20904143302",1213.65461673453
"3985","20904143303",1686.97757296763
"3986","20904143304",1405.33244202103
"3987","20904143305",374.114929463695
"3988","20904143306",901.831930008574
"3989","20904143307",933.635264329101
"3990","20904143308",1058.75343077416
"3991","20904143309",842.537542858707
"3992","20904143310",937.183932439438
"3993","20904143311",440.85997839
"3994","20904143312",1066.75287464663
"3995","20904143313",985.030136939135
"3996","20904143314",671.343597821792
"3997","20904143315",806.592269088813
"3998","20904143316",1517.63019716753
"3999","20904143317",847.325266180214
"4000","20904143318",182.374472664153
"4001","20904143319",105.903949676468
"4002","20904143320",97.1190373925733
"4003","20904143321",869.347393220339
"4004","20904143322",741.681785943057
"4005","20904143501",997.303712606327
"4006","20904143502",2322.76939261365
"4007","20904143503",776.972241184253
"4008","20904143504",1775.67096068567
"4009","20904143505",1385.34285803812
"4010","20904143506",1824.02656839532
"4011","20904143507",441.209471111523
"4012","20904143508",1219.17081532138
"4013","20904143509",995.485288927675
"4014","20904143510",1425.36232826713
"4015","20904143511",1091.94436091649
"4016","20904143512",1947.22620790232
"4017","20904143513",548.443725889346
"4018","20904143514",1434.38951580661
"4019","20904143515",1741.59721435164
"4020","20904143516",1897.93936135023
"4021","20904143517",1412.40271065283
"4022","20904143518",1146.20215809069
"4023","20904143519",210.374044987004
"4024","20904143520",751.240680154627
"4025","20904143521",129.256404345478
"4026","20904143522",999.727975620064
"4027","20904143523",801.202142214528
"4028","20904143524",685.076691036381
"4029","20904143525",145.978304389341
"4030","20904143601",415.210229129548
"4031","20904143602",288.916115526489
"4032","20904143603",541.409493566267
"4033","20904143604",697.999999999978
"4034","20904143605",1471.90398746267
"4035","20904143606",720.49993865421
"4036","20904143607",205.202342656249
"4037","20904143608",1133.41889926572
"4038","20904143609",910.532981375694
"4039","20904143610",948.608142923854
"4040","20904143611",1603.35138881926
"4041","20904143612",1587.70769996279
"4042","20904143614",538.588078796037
"4043","20904143615",524.680490481912
"4044","20904143616",941.254937356816
"4045","20904143617",326.221523333389
"4046","20904143618",376.896807762681
"4047","20904143619",31.1035849587596
"4048","20904143620",431.585987188734
"4049","20904143621",9.39112262181849
"4050","20904143622",898.938102550931
"4051","20904143623",324.182343045846
"4052","20904143624",1785.07947625159
"4053","20904143626",858.533174694656
"4054","20904143627",609.173777449678
"4055","20904143628",670.172764089174
"4056","20904143629",50.1322255437485
"4057","20904143630",2125.63878251751
"4058","20904143631",3314.89064326863
"4059","20904143632",1006.94018590381
"4060","20904143633",2207.97129068362
"4061","20904143634",270.400882192081
"4062","20904143635",742.816674509046
"4063","20904143706",349.756687585344
"4064","20904143708",104.388995244654
"4065","20904143709",4.96909250890766
"4066","20904143710",108.341806274023
"4067","20904143711",523.97072155634
"4068","20904143712",629.115187256714
"4069","20904143713",308.007487328839
"4070","20904143714",429.543004215751
"4071","20904143715",292.9095280374
"4072","20904143717",248.52593133731
"4073","20904143718",314.950276806905
"4074","20904143719",128.79781163493
"4075","20904143721",134.068057233904
"4076","20904143722",1005.72565885495
"4077","20904143723",12.2714543976316
"4078","20904143724",11.7014700888807
"4079","20904143725",118.174600729294
"4080","20904143727",633.509749956205
"4081","20904143728",191.549291198994
"4082","20904143729",475.787644428603
"4083","20904143730",195.561179291658
"4084","20904143731",766.766688661314
"4085","20904143733",760.636956319159
"4086","20904143734",554.045528943812
"4087","20904143735",99.7261553165205
"4088","20904143736",456.126483548319
"4089","20904143737",955.727632952934
"4090","20904143738",362.524613695517
"4091","20904143739",360.676036894441
"4092","20904143740",123.112370418085
"4093","20904143743",600.85721973656
"4094","20904143744",234.628303592847
"4095","20904143745",526.668173693752
"4096","20904143747",349.465184415459
"4097","20904143748",158.748062992452
"4098","20904143750",67.013052161723
"4099","20904143752",599.985655942697
"4100","20904143753",422.68036460825
"4101","20904152701",416.674988258115
"4102","20904152702",1044.916709218
"4103","20904152703",50.3966645748737
"4104","20904152704",1039.53693019585
"4105","20904152705",684.105587139902
"4106","20904152706",347.923019875904
"4107","20904152707",570.019814032756
"4108","20904152708",572.428460925882
"4109","20904152709",82.1303189141951
"4110","20904152710",836.690958268781
"4111","20904152711",734.769218588893
"4112","20904152712",539.938625140968
"4113","20904152713",467.031428139135
"4114","20904152714",1015.05124477853
"4115","20904152715",880.901465840056
"4116","20904152716",381.795436493859
"4117","20904152717",521.600540843532
"4118","20904152718",443.730240566808
"4119","20904152719",527.313746285173
"4120","20904152720",276.302609668835
"4121","20904152721",162.450608584416
"4122","20904152722",1141.80641520602
"4123","20904152723",588.92196791676
"4124","20904152724",662.08733369142
"4125","20904152725",680.490233429573
"4126","20904152726",528.522722591637
"4127","20904152727",680.092732065801
"4128","20904152728",767.763351346621
"4129","20904152729",511.323249890211
"4130","20904152730",498.863821074992
"4131","20904152731",417.751023739135
"4132","20904152732",484.060561298484
"4133","20904152733",993.782085847639
"4134","20904152734",843.094650731075
"4135","20904152735",607.645984348554
"4136","20904152736",1201.25306313547
"4137","20904152737",566.884568243023
"4138","20904152801",504.732535467562
"4139","20904152802",273.397158745169
"4140","20904152803",596.312815841378
"4141","20904152804",892.066483658727
"4142","20904152805",473.974044454803
"4143","20904152806",309.200636486502
"4144","20904152807",9.1832299819043
"4145","20904152808",1224.57821106693
"4146","20904152809",555.031955171094
"4147","20904152810",1051.52668368441
"4148","20904152811",1596.68937865517
"4149","20904152812",1005.36738040215
"4150","20904152813",1046.322795951
"4151","20904152814",936.273494795283
"4152","20904152815",988.638981195316
"4153","20904152816",552.546129605065
"4154","20904152817",621.454922445456
"4155","20904152818",334.161040487427
"4156","20904152819",506.415449429893
"4157","20904152820",285.584325645518
"4158","20904152821",663.691730496828
"4159","20904152822",779.318486354337
"4160","20904152901",642.175950837181
"4161","20904152902",1738.39619853999
"4162","20904152903",1376.66845186239
"4163","20904152904",2217.22951948005
"4164","20904152905",800.085318047086
"4165","20904152906",1505.80594340693
"4166","20904152907",314.047307642144
"4167","20904152908",1778.94396622337
"4168","20904152909",833.788823258865
"4169","20904152910",1360.65029789553
"4170","20904152911",2014.07471930338
"4171","20904152912",2211.29355956834
"4172","20904152913",1327.62516248852
"4173","20904152914",2119.67201204699
"4174","20904152915",2466.75664526441
"4175","20904152916",1440.5964107768
"4176","20904152917",1370.0954629776
"4177","20904152918",526.942648010108
"4178","20904152919",1961.56396049416
"4179","20904152920",1421.52759217164
"4180","20904152921",354.377687695297
"4181","20904152922",2090.17505173319
"4182","20904152923",1015.37416948491
"4183","20904153001",849.560719100526
"4184","20904153002",249.233033436256
"4185","20904153003",619.780630130692
"4186","20904153004",32.6072555963184
"4187","20904153005",49.4471135370665
"4188","20904153006",1145.80493990384
"4189","20904153007",382.159362036954
"4190","20904153008",1108.76034792537
"4191","20904153009",890.792368515538
"4192","20904153010",2163.17039267569
"4193","20904153011",1424.1410448418
"4194","20904153012",862.835006777223
"4195","20904153013",1149.394937007
"4196","20904153014",2230.68575622045
"4197","20904153015",1430.70428733697
"4198","20904153016",778.715770609706
"4199","20904153017",954.038493610691
"4200","20904153018",2273.27255396148
"4201","20904153019",69.5653124333778
"4202","20904153021",1076.65421707101
"4203","20904153022",1429.78421343754
"4204","20904153023",15.2337145254163
"4205","20904153024",667.217066408212
"4206","20904153025",1539.95675493741
"4207","20904153026",349.08042799227
"4208","20904153027",1598.61214738515
"4209","20904153028",693.008209667525
"4210","20904153029",1136.70615642287
"4211","20904153030",424.004423694862
"4212","20904153031",770.849654533151
"4213","20904153032",488.721940115216
"4214","20904153101",91.6632844666069
"4215","20904153102",694.020608466389
"4216","20904153103",495.160494296473
"4217","20904153104",226.088957877298
"4218","20904153105",59.2196768390134
"4219","20904153106",815.446982997482
"4220","20904153107",1209.30813388894
"4221","20904153108",475.591447018318
"4222","20904153109",2140.6089126112
"4223","20904153110",1437.89439085721
"4224","20904153111",1170.87336062991
"4225","20904153112",677.236246999393
"4226","20904153113",944.392565466323
"4227","20904153114",1383.44361053038
"4228","20904153115",1442.03614874596
"4229","20904153116",1028.90582259953
"4230","20904153117",803.761722989023
"4231","20904153119",826.37823846632
"4232","20904153120",151.425917646538
"4233","20904153121",795.026780004366
"4234","20904153122",881.917863506219
"4235","20904153123",1325.60329379782
"4236","20904153124",344.805242778088
"4237","20904153125",119.045886760312
"4238","20904153201",1633.19422332417
"4239","20904153202",1752.4348054617
"4240","20904153203",1682.36589625644
"4241","20904153204",1462.18529961512
"4242","20904153205",267.9275492832
"4243","20904153206",610.938619721688
"4244","20904153207",1394.54705231393
"4245","20904153208",1311.14241335667
"4246","20904153209",1610.80790612094
"4247","20904153210",1502.61413134473
"4248","20904153211",199.094530125895
"4249","20904153212",607.400952765433
"4250","20904153213",1199.81759928017
"4251","20904153214",4.64654104586648
"4252","20904153215",695.511548701924
"4253","20904153216",77.675535976835
"4254","20904153217",633.708610720858
"4255","20904153218",878.236929055259
"4256","20904153219",868.483215293362
"4257","20904153220",841.752151152214
"4258","20904153221",2034.69713871003
"4259","20904153222",908.249301302636
"4260","20904153223",1568.69556647826
"4261","21001122601",1487.59980897416
"4262","21001122602",1599.10191688387
"4263","21001122603",888.930601619714
"4264","21001122604",1400.81909352165
"4265","21001122605",1424.16356268679
"4266","21001122606",966.347998554898
"4267","21001122607",2028.60669143317
"4268","21001122608",622.525108845792
"4269","21001122609",1478.5364838275
"4270","21001122610",979.040747197095
"4271","21001122611",1895.96425393188
"4272","21001122612",162.124794110443
"4273","21001122613",1271.24755130711
"4274","21001122614",1838.95509915907
"4275","21001122615",828.753863822366
"4276","21001122616",3105.06160088825
"4277","21001122617",1008.6877962016
"4278","21001122701",567.387092874004
"4279","21001122801",293.586149371778
"4280","21001122802",689.676022715032
"4281","21001122803",636.119034452801
"4282","21001122804",431.212598119334
"4283","21001122805",107.587407400916
"4284","21001122806",1738.34885927907
"4285","21001122807",2267.74939542189
"4286","21001122808",2790.14904567405
"4287","21001122809",1748.38400305943
"4288","21001122810",1959.34928731806
"4289","21001122811",1101.26100720908
"4290","21001122812",467.799657442007
"4291","21001122813",898.913683846629
"4292","21001122814",748.412231194794
"4293","21001122815",1154.32659036866
"4294","21001122816",745.581010361285
"4295","21001122817",471.190978609268
"4296","21001122818",86.9197941885168
"4297","21001122819",691.265432167071
"4298","21001122820",1286.36657574369
"4299","21001122821",1443.72064873077
"4300","21001122822",1708.66984635079
"4301","21001122823",1288.45853173548
"4302","21001122824",98.8881873417718
"4303","21001122825",135.853880741019
"4304","21001122826",669.603560343777
"4305","21001123001",774.604055231645
"4306","21001123002",132.855566873977
"4307","21001123003",1214.85019412514
"4308","21001123004",2352.09953197759
"4309","21001123005",21.8839901717254
"4310","21001123006",927.884970634751
"4311","21001123007",1868.03089041212
"4312","21001123008",2626.43861916882
"4313","21001123009",2490.86640304649
"4314","21001123010",3402.17678174327
"4315","21001123011",1776.07026831345
"4316","21001123012",1582.31797834723
"4317","21001123013",2026.11578245542
"4318","21001123014",703.80058206056
"4319","21001123015",830.166077144366
"4320","21001123016",1534.64369932877
"4321","21001123017",2477.97732841415
"4322","21001123101",772.42258102793
"4323","21001123102",1108.02603718591
"4324","21001123103",1169.861313335
"4325","21001123104",1808.94199602903
"4326","21001123105",912.737922862495
"4327","21001123106",1104.51205315608
"4328","21001123107",1151.56799999691
"4329","21001123108",1575.34524207684
"4330","21001123109",1282.37234403368
"4331","21001123110",1514.67997443419
"4332","21001123111",1077.16527228296
"4333","21001123112",991.982387235048
"4334","21001123113",2275.00631285322
"4335","21001123114",608.515779732867
"4336","21001123115",336.823854444858
"4337","21001123116",876.557754634932
"4338","21001123117",1094.675591186
"4339","21001123118",543.914859578469
"4340","21001123119",258.687464020309
"4341","21001123120",545.230685674178
"4342","21001123121",1262.45159991221
"4343","21001123122",782.905530029848
"4344","21001153301",3897.38706076798
"4345","21001153302",5553.27146406003
"4346","21001153303",494.905800511156
"4347","21001153305",1500.28254708904
"4348","21001153306",175.331766937574
"4349","21001153307",719.887243198931
"4350","21001153308",1481.96919949453
"4351","21001153309",1560.58893651397
"4352","21001153310",584.419851011508
"4353","21001153311",1404.74890044765
"4354","21001153312",8.04559145296658
"4355","21001153313",1333.93709136806
"4356","21001153314",981.00345308646
"4357","21001153315",1259.33004856179
"4358","21001153316",175.998019381505
"4359","21001153317",3747.84643617779
"4360","21001153318",276.49938430085
"4361","21001153319",2135.11705127401
"4362","21001153321",1182.50605579847
"4363","21001153322",934.625258977544
"4364","21001153323",987.184263773531
"4365","21001153324",1916.44640867978
"4366","21001153325",304.888716418059
"4367","21001153326",670.362392526792
"4368","21001153327",2734.16359047208
"4369","21001153328",919.879106554994
"4370","21001153329",251.368978384795
"4371","21001153401",2321.2898739049
"4372","21001153402",957.674232467376
"4373","21001153403",4585.75660977078
"4374","21001153404",1379.9399945548
"4375","21001153405",1906.23345777027
"4376","21001153406",6104.79220863958
"4377","21001153407",2034.93129034892
"4378","21001153408",1171.74369839207
"4379","21001153409",3636.73115493171
"4380","21001153410",4573.62007956348
"4381","21001153411",915.585893420049
"4382","21001153412",339.454043914708
"4383","21001153413",1375.75690282801
"4384","21001153414",1205.56340126975
"4385","21001153415",842.47162210926
"4386","21001153416",2310.4689978858
"4387","21001153417",1296.41579721297
"4388","21001153418",979.964429125395
"4389","21001153419",477.718870938534
"4390","21001153420",7394.16764375043
"4391","21001153421",4600.03553021967
"4392","21001153422",1649.89374655315
"4393","21001153423",938.866855999215
"4394","21001153424",102.28346573482
"4395","21001153425",3188.06963785686
"4396","21001153426",1271.59181476027
"4397","21001153427",1155.18261462788
"4398","21001153428",2759.90886166603
"4399","21001153429",341.010809580086
"4400","21001153430",43.0870949733729
"4401","21001153431",2180.75392137075
"4402","21001153432",1571.41793999878
"4403","21001153433",1198.82328222446
"4404","21001153434",927.683508694554
"4405","21001153435",230.389896498383
"4406","21001153436",1711.74031756201
"4407","21003123601",1060.50142629597
"4408","21003123602",705.683121671743
"4409","21003123603",1713.86020650552
"4410","21003123604",967.561604922384
"4411","21003123605",616.439895986748
"4412","21003123606",2363.68880066043
"4413","21003123607",1441.68781609147
"4414","21003123608",1197.37982782888
"4415","21003123609",681.873420130306
"4416","21003123610",1497.76110008822
"4417","21003123611",1171.60223049975
"4418","21003123612",1238.38527185722
"4419","21003123613",867.991295397693
"4420","21003123614",1298.00605008766
"4421","21003123615",1224.85886243344
"4422","21003123616",1008.0913727881
"4423","21003123617",710.972013698594
"4424","21003123618",883.313897375803
"4425","21003123701",751.089452740245
"4426","21003123702",734.349538491157
"4427","21003123703",1747.40500729281
"4428","21003123704",996.215912057846
"4429","21003123705",1406.99424467447
"4430","21003123706",1197.22918604153
"4431","21003123707",2096.31892042348
"4432","21003123708",2453.83013133829
"4433","21003123709",2039.151191788
"4434","21003123710",998.295776788568
"4435","21003123711",72.6599068765307
"4436","21003123712",979.201336059131
"4437","21003123713",1668.32131576778
"4438","21003123714",1609.18100892431
"4439","21003123715",1162.74401947745
"4440","21003123716",1250.37675848529
"4441","21003123717",2153.3853479085
"4442","21003123718",1175.57175847614
"4443","21003123719",1254.19761471115
"4444","21003123720",1062.60630202776
"4445","21003123721",1197.28355211928
"4446","21003123722",381.762372183814
"4447","21003123723",875.569364160659
"4448","21003123724",906.418683228999
"4449","21003123725",1034.51374145716
"4450","21003123726",776.847686783354
"4451","21003123727",917.245799612614
"4452","21003123728",1379.58371415417
"4453","21003123729",1338.95654366501
"4454","21003123730",1135.03370361899
"4455","21003123731",1296.70420793164
"4456","21003143901",591.113915091838
"4457","21003143902",605.100754194188
"4458","21003143903",781.807619436269
"4459","21003143904",241.966024629378
"4460","21003143905",513.670060922999
"4461","21003143906",1982.2178186318
"4462","21003143907",536.712429213858
"4463","21003144001",1039.62903690799
"4464","21003144002",678.286930293949
"4465","21003144003",1764.41299002646
"4466","21003144004",1531.14371648085
"4467","21003144005",785.303880847552
"4468","21003144006",2306.89281611545
"4469","21003144007",980.162725852278
"4470","21003144008",1536.65455105589
"4471","21003144009",176.024884758246
"4472","21003144010",2454.1425862284
"4473","21003144011",195.736606352324
"4474","21003144012",1508.09635699341
"4475","21003144013",1399.32259801986
"4476","21003144014",2254.79062212114
"4477","21003144015",375.284694522747
"4478","21003144016",2006.96128671055
"4479","21003144017",826.28296642427
"4480","21003153501",253.823556922588
"4481","21003153502",678.864280296725
"4482","21003153503",1326.27783747509
"4483","21003153504",317.819542973994
"4484","21003153505",951.236469979266
"4485","21003153506",551.835429142116
"4486","21003153507",1350.55510797185
"4487","21003153508",761.868020675772
"4488","21003153509",751.779790877699
"4489","21003153510",1119.21505224619
"4490","21003153511",1446.61934967145
"4491","21003153512",913.582070531456
"4492","21003153513",977.581703383932
"4493","21003153514",784.989690591835
"4494","21003153515",773.014877538277
"4495","21003153516",387.917659545219
"4496","21003153517",1569.60811112136
"4497","21003153518",1594.28358659534
"4498","21003153519",2019.404576371
"4499","21003153520",507.87775919294
"4500","21003153521",837.895866668239
"4501","21003153522",1210.28751568629
"4502","21003153523",401.71382562631
"4503","21003153524",758.597748883389
"4504","21003153525",100.533903681325
"4505","21003153526",955.250659883763
"4506","21003153527",1442.58272286751
"4507","21003153528",1441.20062868436
"4508","21003153529",296.904117976972
"4509","21003153530",2462.55418671405
"4510","21003153531",1136.20461335889
"4511","21003153532",1475.74591005617
"4512","21003153533",731.656669145044
"4513","21003153534",565.872252085744
"4514","21003153535",984.92115077361
"4515","21003153536",1142.46301555587
"4516","21003153601",680.617464889679
"4517","21003153602",251.688062882536
"4518","21003153603",630.015517900591
"4519","21003153604",136.768653382236
"4520","21003153605",739.293027929033
"4521","21003153606",405.632650273156
"4522","21003153607",445.905219051104
"4523","21003153608",790.33018228393
"4524","21003153609",305.013522768073
"4525","21003153610",348.471420070828
"4526","21003153611",513.616593260446
"4527","21003153612",715.641881198551
"4528","21003153613",432.51561902188
"4529","21003153614",162.531679062472
"4530","21003153615",918.110379561931
"4531","21003153616",430.913252916824
"4532","21003153701",1264.80755676222
"4533","21003153702",454.262843638336
"4534","21003153703",478.94088820468
"4535","21003153704",816.011149804591
"4536","21003153705",907.160602066815
"4537","21003153706",86.0923490789528
"4538","21003153707",668.007332407548
"4539","21003153708",514.936078737931
"4540","21003153709",1834.36415543048
"4541","21003153710",335.19928101988
"4542","21003153711",309.823078213082
"4543","21003153712",298.366985173349
"4544","21003153713",480.018647621968
"4545","21003153714",301.39109208643
"4546","21003153715",919.320834312747
"4547","21003153801",3522.61578529125
"4548","21003153802",339.947882354436
"4549","21003153803",1462.93069166888
"4550","21003153804",756.611703095524
"4551","21003153805",2835.5429585978
"4552","21003153806",451.219319796927
"4553","21003153807",1227.58724962035
"4554","21003153808",1173.24725476038
"4555","21003153809",2505.6999082646
"4556","21003153810",2139.43459314457
"4557","21003153811",1874.96328534217
"4558","21003153812",1608.45966032834
"4559","21003153813",1663.2218751845
"4560","21003153814",495.278936052547
"4561","21003153815",1655.85195406991
"4562","21003153816",930.62931626003
"4563","21003153817",1207.858276443
"4564","21003153818",1638.52692563313
"4565","21003153819",1381.48944528813
"4566","21003153820",1465.56520010199
"4567","21003153821",1473.23838451531
"4568","21003153822",2490.163980653
"4569","21003153823",2245.11301846463
"4570","21003153824",2247.28637250936
"4571","21003153825",404.958511155589
"4572","21003153826",1393.99184523741
"4573","21003153827",2405.23163689418
"4574","21003153828",1869.31130340436
"4575","21003153829",1075.88244288551
"4576","21003153830",1877.26927225115
"4577","21003153831",2742.03396232046
"4578","21003153832",450.169662253954
"4579","21003153833",2668.76894573649
"4580","21003153834",1706.08751593403
"4581","21003153835",1821.47014625107
"4582","21003153836",911.33678936775
"4583","21003153837",2782.39759945874
"4584","21004124002",804.138687110334
"4585","21004124003",380.523764917596
"4586","21004124005",2.55592694014843
"4587","21004124006",366.105922969911
"4588","21004124007",219.434751915429
"4589","21004124008",1680.83926917758
"4590","21004124009",1366.04382778773
"4591","21004124010",1064.91972982796
"4592","21004124011",811.262123668429
"4593","21004124012",355.242185379877
"4594","21004124013",56.8788636696962
"4595","21004124014",111.202375374806
"4596","21004124015",153.862008008937
"4597","21004124016",223.266831940615
"4598","21004124018",389.320055034655
"4599","21004124019",658.657406381872
"4600","21004124020",34.7816267785023
"4601","21004124021",467.181383806385
"4602","21004124022",968.861552173612
"4603","21004124023",984.383456808426
"4604","21004124024",1220.69516604787
"4605","21004124025",724.21810565095
"4606","21004124026",651.765069290765
"4607","21004124027",756.025774290834
"4608","21004124028",1362.12860246772
"4609","21004124029",431.755698359592
"4610","21004124030",401.259695282201
"4611","21004124031",861.871003159141
"4612","21004124032",630.200040955684
"4613","21004153901",181.963666130957
"4614","21004153902",0.458850314300512
"4615","21004153903",140.38979314067
"4616","21004153904",3.51561141374922
"4617","21004153905",0.297686048518491
"4618","21004153906",229.909135081355
"4619","21004153907",172.385415137793
"4620","21004153908",12.0717800120754
"4621","21004153910",146.753463220812
"4622","21004153911",102.606997786992
"4623","21004154001",708.05068113812
"4624","21004154002",633.622844294282
"4625","21004154003",817.677806615836
"4626","21004154005",698.742196459321
"4627","21004154006",1633.0155153919
"4628","21004154007",19.8248428831628
"4629","21004154008",351.539228504625
"4630","21004154009",1086.90909489093
"4631","21004154010",685.171561606159
"4632","21004154011",1851.28194765742
"4633","21004154012",173.112276686849
"4634","21004154013",11.6159051848832
"4635","21004154014",377.922993893546
"4636","21004154015",261.751003475382
"4637","21004154016",1398.52877377815
"4638","21004154017",323.062453462733
"4639","21004154019",219.938428847566
"4640","21004154020",96.2550617167624
"4641","21004154021",989.217530622282
"4642","21004154022",1348.08806628136
"4643","21004154023",1316.85841291405
"4644","21004154024",604.072238739706
"4645","21004154025",1705.06961632378
"4646","21004154027",1898.20802927258
"4647","21004154028",1339.8974546023
"4648","21004154029",11.8868082422593
"4649","21004154030",3.12062716762327
"4650","21004154031",843.72139990114
"4651","21004154032",342.907014455142
"4652","21004154033",792.368851518546
"4653","21004154034",383.20382038232
"4654","21004154101",1090.08811945096
"4655","21004154102",589.216247714236
"4656","21004154103",1111.47044312099
"4657","21004154104",1152.13285150417
"4658","21004154105",795.828709869927
"4659","21004154106",769.365609846835
"4660","21004154107",248.891634572878
"4661","21004154108",532.158817022527
"4662","21004154109",900.842316211598
"4663","21004154110",1062.06338855005
"4664","21004154111",1222.50179961964
"4665","21004154112",1369.90758418367
"4666","21004154113",8.81293356637039
"4667","21004154114",1506.44094154294
"4668","21004154115",708.579132251145
"4669","21004154116",245.982131795453
"4670","21004154117",1231.98827359385
"4671","21004154118",1125.15644215304
"4672","21004154119",187.760526024217
"4673","21004154120",1244.15446225771
"4674","21004154121",356.454358884483
"4675","21004154122",1733.65350531055
"4676","21004154123",472.211914991151
"4677","21004154124",1674.52695076961
"4678","21004154125",1023.47171019858
"4679","21004154126",811.832857003521
"4680","21005124201",1768.94861894671
"4681","21005124202",3834.31853207101
"4682","21005124203",3596.44410267007
"4683","21005124204",989.574128053253
"4684","21005124205",967.139403358437
"4685","21005124206",635.529698031314
"4686","21005124207",2072.79227026397
"4687","21005124208",624.873400212879
"4688","21005124209",1395.1137642566
"4689","21005124210",1187.64424646888
"4690","21005124211",2411.57509478806
"4691","21005124212",4168.44701061824
"4692","21005124213",2744.1383728805
"4693","21005124214",3661.08232367375
"4694","21005124215",928.554037270344
"4695","21005124216",559.491815076445
"4696","21005124217",2818.92532891312
"4697","21005124218",2510.12343224475
"4698","21005124219",2125.09118118605
"4699","21005124220",1458.46747881878
"4700","21005124221",2928.8522555742
"4701","21005124222",2932.68005656933
"4702","21005124223",6535.9840269549
"4703","21005124224",784.231314199759
"4704","21005124225",874.160540601237
"4705","21005124226",1201.45045591722
"4706","21005124227",2562.33440756634
"4707","21005124301",2082.05492334237
"4708","21005124302",2883.07974868072
"4709","21005124303",1378.26340724735
"4710","21005124304",408.596814012902
"4711","21005124305",170.078979467189
"4712","21005124306",760.044823808465
"4713","21005124307",1669.53959175423
"4714","21005124308",1203.17323527537
"4715","21005124309",1449.51566129623
"4716","21005124310",648.330386502417
"4717","21005124311",1943.09848759252
"4718","21005124312",1498.2379058967
"4719","21005124313",674.672428692694
"4720","21005124314",13.3312671658574
"4721","21005124315",2000.65191357467
"4722","21005124316",1578.00303982987
"4723","21005124317",162.680498878753
"4724","21005124318",595.427970935874
"4725","21005124319",986.855869283319
"4726","21005124320",56.5819569900708
"4727","21005124321",543.837315468166
"4728","21005124322",369.930744646946
"4729","21005124323",2861.53717564285
"4730","21005124325",2795.63361458795
"4731","21005124326",2437.63871460902
"4732","21005124327",2615.84828372882
"4733","21005124328",1994.72294918102
"4734","21005124329",1614.40407474902
"4735","21005124330",887.413203078445
"4736","21005124331",721.382330221559
"4737","21005124332",487.242856201774
"4738","21005124333",1521.37784818807
"4739","21005124334",2348.61291376119
"4740","21005124335",2522.5986848177
"4741","21005124336",3156.9305346191
"4742","21005124337",2761.5717919339
"4743","21005124338",137.07788928853
"4744","21005124339",93.653483363365
"4745","21005124341",2960.32992388359
"4746","21005124342",2850.79200424694
"4747","21005124343",1421.87633642976
"4748","21005124344",2238.00578359451
"4749","21005124501",1951.19726953003
"4750","21005124502",46.0902705791853
"4751","21005124503",12.781337343491
"4752","21005124504",332.620786757472
"4753","21005124505",141.421129830167
"4754","21005124506",1028.02079886474
"4755","21005124507",3764.05186486055
"4756","21005124508",2486.36211019167
"4757","21005124509",2213.84743613409
"4758","21005124510",1471.85398969875
"4759","21005124511",2620.68891138845
"4760","21005124512",1491.66461484003
"4761","21005124513",2131.43546550677
"4762","21005124514",3120.09054486507
"4763","21005124515",43.2177023678471
"4764","21005124516",647.097248742717
"4765","21005124517",1296.33948905606
"4766","21005124518",1198.4908589077
"4767","21005124519",890.285460760949
"4768","21005124520",1710.66397353454
"4769","21005124521",1790.63822212422
"4770","21005124522",1449.28000517821
"4771","21005124523",1312.2177664559
"4772","21005124524",1283.82391619878
"4773","21005124525",3792.97833023353
"4774","21005124526",434.354388677828
"4775","21005124527",1349.84913767282
"4776","21005124528",915.076214200948
"4777","21005124529",6.31847156201355
"4778","21005124531",1591.73046437907
"4779","21005124533",2428.98193085376
"4780","21005124534",714.251927525499
"4781","21005124536",153.094605871033
"4782","21005124537",754.110892031169
"4783","21005124538",1552.97465057546
"4784","21005124539",1531.28590272564
"4785","21005124540",771.105220891794
"4786","21005124542",548.875043853175
"4787","21005124543",267.391389426516
"4788","21005124544",331.93428724997
"4789","21005124545",924.415188830259
"4790","21005124546",1186.56083118567
"4791","21005124547",723.506187481814
"4792","21005124548",1354.28281739247
"4793","21005124549",48.4776728721354
"4794","21005124550",224.08878125979
"4795","21005124551",1646.02226860134
"4796","21005124552",1487.75135173069
"4797","21005124553",446.944000584419
"4798","21005124601",704.579585811113
"4799","21005124602",1007.00903891849
"4800","21005124603",1091.23062000316
"4801","21005124604",750.118940889033
"4802","21005124605",571.852415417045
"4803","21005124606",316.297550412425
"4804","21005124607",759.401923478383
"4805","21005124608",886.78796437055
"4806","21005124609",1359.35256613351
"4807","21005124610",1339.7194680461
"4808","21005124611",1314.89850936827
"4809","21005124612",1472.05800853181
"4810","21005124613",948.739116877912
"4811","21005124614",937.81570469421
"4812","21005124615",823.341607467962
"4813","21005124616",430.622334783914
"4814","21005124617",1061.82002393767
"4815","21005124618",748.320311326371
"4816","21005124619",344.608199069214
"4817","21005124620",63.4664473115117
"4818","21005124621",3.16704623883082
"4819","21005124624",374.555956594129
"4820","21005124625",1109.92267195724
"4821","21005124627",11.5744209390979
"4822","21005124628",650.728166228883
"4823","21005124629",858.168207816413
"4824","21005124631",889.980848100793
"4825","21005124633",368.515715778889
"4826","21005124634",308.364796446414
"4827","21005124635",29.7082056368073
"4828","21005124636",651.705585479893
"4829","21005124637",38.0487105941675
"4830","21005124638",329.907563599175
"4831","21005124639",5.09214479112019
"4832","21005124640",522.076262051441
"4833","21005124641",52.5196642291189
"4834","21005124642",209.445517650985
"4835","21005124645",739.587977560423
"4836","21005124646",339.464675951087
"4837","21005124647",354.240029562747
"4838","21005124649",66.3700740638186
"4839","21005124650",149.286091375394
"4840","21005124651",0.767892752666049
"4841","21005124652",1.38504877249788
"4842","21005124654",93.3464499357222
"4843","21005124655",163.269119514497
"4844","21005124656",742.234733437215
"4845","21005124701",1461.51367688972
"4846","21005124702",2101.36374144586
"4847","21005124703",2130.91839526011
"4848","21005124704",579.162457575682
"4849","21005124705",1283.44756628863
"4850","21005124706",1944.99924138395
"4851","21005124707",2215.22214400982
"4852","21005124708",578.318948287834
"4853","21005124709",1367.4531621736
"4854","21005124710",1553.44477447611
"4855","21005124711",1739.7458660912
"4856","21005124712",1343.32048276977
"4857","21005124713",2224.30104915946
"4858","21005124714",2644.57278026942
"4859","21005124715",1648.6526549793
"4860","21005124716",1113.98632738371
"4861","21005124717",917.609493034665
"4862","21005124718",2475.16461863307
"4863","21005124719",1736.60542529346
"4864","21005124720",315.201362212787
"4865","21005124721",2846.39622062388
"4866","21005124722",1682.20001452633
"4867","21005124723",1187.07479547399
"4868","21005124724",983.451122140255
"4869","21005124725",1788.75748119166
"4870","21005124726",1222.40094024649
"4871","21005124727",1657.74490113727
"4872","21005124728",1171.98886649861
"4873","21005124729",1912.51301604795
"4874","21005124730",1160.73154627361
"4875","21005124801",21.4342287302317
"4876","21005125001",652.429513864677
"4877","21005125002",339.5092940034
"4878","21005125003",2741.22299045972
"4879","21005125004",3516.98340790579
"4880","21005125005",1246.24799130431
"4881","21005125006",1365.87898196784
"4882","21005125007",3429.64099835612
"4883","21005125008",411.878272251889
"4884","21005125009",2930.24048653148
"4885","21005125010",1394.89261328381
"4886","21005125011",2041.43052483306
"4887","21005125012",2986.82330257958
"4888","21005125013",137.28732812849
"4889","21005125014",17.224648932012
"4890","21005125015",131.043180066945
"4891","21005125016",2031.00381646059
"4892","21005125017",371.748048755094
"4893","21005125018",1256.04147672877
"4894","21005125019",1745.2671063523
"4895","21005144101",48.1632756624544
"4896","21005144102",1405.59677863722
"4897","21005144103",1487.76639684237
"4898","21005144104",1293.54381315764
"4899","21005144105",532.637180127399
"4900","21005144106",637.677221967913
"4901","21005144107",1247.50339763088
"4902","21005144108",818.971674859556
"4903","21005144109",791.847576473291
"4904","21005144110",641.373985830821
"4905","21005144111",2989.86240575379
"4906","21005144112",1130.06355151545
"4907","21005144113",714.747482629549
"4908","21005144114",1157.85473132789
"4909","21005144115",675.591451253832
"4910","21005144116",2282.92082081653
"4911","21005144117",599.62479987478
"4912","21005144118",665.633529188802
"4913","21005144119",3620.4946316271
"4914","21005144120",1218.94398841634
"4915","21005144121",1837.13780176282
"4916","21005144122",1338.63289693849
"4917","21005144201",1472.706619268
"4918","21005144202",1119.44868493377
"4919","21005144203",614.250100273118
"4920","21005144204",403.246316688284
"4921","21005144205",5.03629099956574
"4922","21005144206",586.782840909236
"4923","21005144207",117.001678141577
"4924","21005144208",831.249720383194
"4925","21005144209",663.051424410888
"4926","21005144210",674.995834586101
"4927","21005144212",588.018629675125
"4928","21005144213",249.937523163856
"4929","21005144214",134.39192092827
"4930","21005144215",245.657108021873
"4931","21005144216",637.633168819293
"4932","21005144217",41.3828827252767
"4933","21005144218",750.917676179041
"4934","21005144219",2138.09788437643
"4935","21005144220",2018.68462138378
"4936","21005144221",923.461014503934
"4937","21005144222",385.029831168371
"4938","21005144223",28.780390861202
"4939","21005144224",512.449401352814
"4940","21005144226",528.827905981373
"4941","21005144227",531.241211474714
"4942","21005144228",900.418609245994
"4943","21005144229",1775.99148550592
"4944","21005144230",821.567304819287
"4945","21005144231",650.703688580824
"4946","21005144301",360.338272819361
"4947","21005144303",1206.94427501729
"4948","21005144304",165.84983268309
"4949","21005144305",2313.12731089398
"4950","21005144306",2195.21016818176
"4951","21005144307",2469.43691496671
"4952","21005144308",3475.89167765346
"4953","21005144309",960.2621221167
"4954","21005144310",2464.73648836607
"4955","21005144311",1017.50780094479
"4956","21005144312",744.869536839222
"4957","21005144313",738.942593546028
"4958","21005144314",509.875271402448
"4959","21005144315",1838.72246467299
"4960","21005144316",1092.90469669401
"4961","21005144317",563.112415060993
"4962","21005144318",2236.38649632842
"4963","21005144319",3946.43793986943
"4964","21005144320",1392.15110838132
"4965","21005144321",1246.86901106769
"4966","21005144322",1222.70164603744
"4967","21005144323",698.345831353712
"4968","21005144324",759.751355381689
"4969","21005144325",1083.57237787791
"4970","21005144326",1394.65649464479
"4971","21005144327",632.442452368416
"4972","21005144328",1055.43670900934
"4973","21005144329",698.33325174219
"4974","21005144330",725.07130152029
"4975","21005144331",1003.57396782592
"4976","21005144332",1460.5838363203
"4977","21005144333",1074.87587165596
"4978","21005144334",1623.76875717231
"4979","21005144336",1859.65314538764
"4980","21005144337",1073.42009758805
"4981","21005144338",248.385231531562
"4982","21005144339",598.336050756042
"4983","21005144340",1078.83741414985
"4984","21005144341",799.549037457171
"4985","21005144342",620.135595282757
"4986","21005144343",1363.03109357523
"4987","21005144344",855.314596735086
"4988","21005144345",65.5095283631045
"4989","21005144346",775.43323395662
"4990","21005144347",575.286472905612
"4991","21005144348",1292.4036921849
"4992","21005144349",174.773306353897
"4993","21005144503",63.8688361082568
"4994","21005144505",8.17821256719604
"4995","21005144506",1093.19429834667
"4996","21005144507",604.453861700287
"4997","21005144508",468.875348811152
"4998","21005144509",127.788524467664
"4999","21005144510",44.7279243420787
"5000","21005144511",1130.71593746358
"5001","21005144512",1317.77868807793
"5002","21005144513",906.086161195967
"5003","21005144515",1004.09654604972
"5004","21005144516",1145.5102049075
"5005","21005144517",199.262422476391
"5006","21005144519",27.4355340319623
"5007","21005144520",707.792346732465
"5008","21005144522",790.852518689284
"5009","21005144523",564.662806698501
"5010","21005144524",598.312566484745
"5011","21005144526",73.7642579607796
"5012","21005144528",71.9557780829345
"5013","21005144529",34.4265588285437
"5014","21005144530",959.421817155499
"5015","21005144531",483.505245670466
"5016","21005144532",830.043727421522
"5017","21005144533",356.761262825049
"5018","21005144534",487.611854799798
"5019","21005144535",630.329079871727
"5020","21005144536",217.179849841327
"5021","21005144537",805.081937332704
"5022","21005144538",856.274585290618
"5023","21005144539",35.5062041049089
"5024","21005144540",885.456390549271
"5025","21005144541",667.957988379995
"5026","21005144543",822.935935664343
"5027","21005144544",758.845260859893
"5028","21005144546",63.0901614285319
"5029","21005144547",731.465771298788
"5030","21005144548",665.730985197303
"5031","21005144549",778.897675840416
"5032","21005144550",234.607246618218
"5033","21005144551",388.676460522498
"5034","21005144552",496.861886817868
"5035","21005144553",1043.44233436721
"5036","21005144555",549.742300036581
"5037","21005154201",1478.62899333628
"5038","21005154202",1808.10700650714
"5039","21005154203",961.63342975145
"5040","21005154204",4.68240413475759
"5041","21005154205",860.618672211047
"5042","21005154206",230.539582063744
"5043","21005154207",1090.5861338857
"5044","21005154208",35.2779741170217
"5045","21005154209",781.113926010572
"5046","21005154210",352.325876922037
"5047","21005154211",1834.53675406142
"5048","21005154212",776.353504465518
"5049","21005154213",727.153230016964
"5050","21005154214",0.311243252553722
"5051","21005154215",1518.34397141702
"5052","21005154216",26.2851553707217
"5053","21005154217",773.81639467843
"5054","21005154218",1187.76506180116
"5055","21005154219",999.387940840315
"5056","21005154220",791.685545019866
"5057","21005154301",1184.96437573561
"5058","21005154302",1176.05993209602
"5059","21005154303",928.161587929231
"5060","21005154304",611.365941007941
"5061","21005154305",721.605977027749
"5062","21005154306",3547.62737243888
"5063","21005154307",2260.87393951693
"5064","21005154308",303.292686979765
"5065","21005154309",376.650344705319
"5066","21005154310",1153.13096287865
"5067","21005154312",3433.94691417715
"5068","21005154313",1701.58067908479
"5069","21005154314",598.21515669491
"5070","21005154315",2834.76263041547
"5071","21005154316",1285.0879479104
"5072","21005154317",1554.64486870302
"5073","21005154318",1167.84433488465
"5074","21005154319",1245.30112035224
"5075","21005154320",977.799467761463
"5076","21005154321",210.985164141862
"5077","21005154322",2219.80123413165
"5078","21005154323",274.386617438028
"5079","21005154324",1518.48083859586
"5080","21005154325",1167.93856007151
"5081","21005154401",4630.61581990701
"5082","21005154402",609.637816171264
"5083","21005154403",825.449779244857
"5084","21005154404",1885.94652350549
"5085","21005154405",2312.21761864896
"5086","21005154406",368.139990751901
"5087","21005154407",107.247671933372
"5088","21005154408",1467.26157364306
"5089","21005154409",869.738423079002
"5090","21005154410",513.280746718943
"5091","21005154411",1843.19471453022
"5092","21005154412",610.943844821085
"5093","21005154413",1379.70174412569
"5094","21005154414",1190.00707832088
"5095","21005154415",1018.52765250922
"5096","21005154416",1497.57263516633
"5097","21005154417",1427.60551061445
"5098","21005154418",506.424093101272
"5099","21005154419",1381.47788301884
"5100","21005154420",841.204480949736
"5101","21005154421",983.391962072018
"5102","21005154422",2297.20100202752
"5103","21005154423",406.123718213229
"5104","21005154424",411.808682128964
"5105","21005154501",772.313863033046
"5106","21005154502",1218.20340912878
"5107","21005154503",1014.77752240343
"5108","21005154504",192.956296028356
"5109","21005154505",660.539077487294
"5110","21005154506",511.083112727979
"5111","21005154507",29.1684080604189
"5112","21005154508",937.58658526246
"5113","21005154509",207.841463020241
"5114","21005154510",649.787825337399
"5115","21005154512",807.021024167696
"5116","21005154513",1337.8106276668
"5117","21005154514",962.750916722878
"5118","21005154515",622.320375999337
"5119","21005154516",1170.10565919184
"5120","21005154518",19.623235924815
"5121","21005154519",82.464791898169
"5122","21005154520",873.668769133743
"5123","21005154522",692.009535107699
"5124","21005154523",750.656448337074
"5125","21005154524",851.857204916947
"5126","21005154525",1110.23794741846
"5127","21005154526",430.109831552493
"5128","21005154527",241.763562881105
"5129","21005154528",1237.78006418206
"5130","21005154529",735.174169972258
"5131","21005154530",530.835440672969
"5132","21005154531",1119.70546440161
"5133","21005154532",683.919607580838
"5134","21101125101",131.086747547309
"5135","21101125102",562.369137363368
"5136","21101125103",154.690838907133
"5137","21101125104",746.126615873359
"5138","21101125105",349.946104561089
"5139","21101125106",434.525794090249
"5140","21101125107",308.640385715724
"5141","21101125108",105.185992224535
"5142","21101125109",200.031047780366
"5143","21101125110",1181.83825625992
"5144","21101125111",504.35075393788
"5145","21101125112",65.1720002589499
"5146","21101125113",1027.33378906818
"5147","21101125114",471.363398535039
"5148","21101125115",749.854732019479
"5149","21101125116",409.458538672487
"5150","21101125117",637.392813382729
"5151","21101125118",1196.34272702212
"5152","21101125119",673.873095025436
"5153","21101125120",556.154286413943
"5154","21101125121",703.295160290744
"5155","21101125122",661.075693799318
"5156","21101125123",99.9197651894918
"5157","21101125124",216.759552911885
"5158","21101125125",523.587406746716
"5159","21101125126",374.699837511953
"5160","21101125127",223.081161573876
"5161","21101125128",544.708774655101
"5162","21101125401",2485.84402340109
"5163","21101125402",1892.93494695402
"5164","21101125403",1466.05453552146
"5165","21101125404",1816.11261321489
"5166","21101125405",232.890817237558
"5167","21101125406",1073.81345749509
"5168","21101125407",179.206460975849
"5169","21101125408",3638.83728494842
"5170","21101125409",1218.24882419157
"5171","21101125410",1078.81977948081
"5172","21101125411",1726.54627688396
"5173","21101125412",65.0942107346568
"5174","21101125413",1150.20361246557
"5175","21101125414",1710.60397501514
"5176","21101125415",1521.5024083977
"5177","21101125416",212.178161162899
"5178","21101125417",1324.5476001713
"5179","21101125418",565.300588905239
"5180","21101125419",780.054257323608
"5181","21101125420",393.050079169977
"5182","21101125421",1783.26129456247
"5183","21101125422",580.0144642336
"5184","21101125423",1772.05440062179
"5185","21101125424",562.486991412179
"5186","21101125425",316.50243283496
"5187","21101125426",948.57244070739
"5188","21101125428",729.805870588431
"5189","21101125429",2316.31725471892
"5190","21101125430",2642.8394302575
"5191","21101125431",2218.38711755214
"5192","21101125432",630.761156950699
"5193","21101125433",186.065268260504
"5194","21101125434",225.622860935658
"5195","21101125435",414.918507795568
"5196","21101125436",1057.57930696652
"5197","21101125437",1981.62072214866
"5198","21101125438",515.082681797472
"5199","21101125439",1574.30602312453
"5200","21101125501",269.317779962382
"5201","21101125502",575.003461718272
"5202","21101125503",788.05843688012
"5203","21101125505",238.676670057817
"5204","21101125506",195.65167793156
"5205","21101125507",39.9834520135473
"5206","21101125508",274.966866665445
"5207","21101125509",166.258685981633
"5208","21101125510",122.073839530111
"5209","21101125511",10.2277442667855
"5210","21101125512",716.504228261847
"5211","21101125513",367.026632593945
"5212","21101125514",184.282545952955
"5213","21101125515",303.211140395876
"5214","21101125516",376.941883511442
"5215","21101125517",276.592505249404
"5216","21101125518",347.601947147855
"5217","21101125601",646.920357368729
"5218","21101125602",1828.60869651991
"5219","21101125603",1472.75248105478
"5220","21101125604",1498.07734021075
"5221","21101125605",2178.74317171465
"5222","21101125606",1271.64393914967
"5223","21101125607",702.922412020324
"5224","21101125608",889.22291185398
"5225","21101125609",209.967743154852
"5226","21101125612",1787.5099851437
"5227","21101125613",1018.44406430451
"5228","21101125614",225.67289550748
"5229","21101125615",788.378082885661
"5230","21101125616",1370.60900410897
"5231","21101125617",1885.76554423531
"5232","21101125618",313.78383238336
"5233","21101125619",1841.83707058931
"5234","21101125620",1505.20472655807
"5235","21101125621",253.728097448555
"5236","21101125622",1236.63832079638
"5237","21101125623",2636.55496527012
"5238","21101125624",779.12062779865
"5239","21101125625",236.489180170867
"5240","21101125626",677.569991386132
"5241","21101125627",213.78309008825
"5242","21101125628",1046.85547727664
"5243","21101125629",415.346763949505
"5244","21101125630",1064.22410827337
"5245","21101125631",128.558472969734
"5246","21101125632",813.600363402595
"5247","21101125633",946.340947247754
"5248","21101125634",1293.33620866857
"5249","21101125635",2076.29015640268
"5250","21101125636",1823.53749415975
"5251","21101125637",505.97031524003
"5252","21101125638",383.736687062241
"5253","21101125639",1394.65321244114
"5254","21101125701",540.863110284741
"5255","21101125702",278.659358951203
"5256","21101125703",166.740615236487
"5257","21101125704",643.080401973903
"5258","21101125705",326.4359784731
"5259","21101125706",395.662540268769
"5260","21101125707",279.397236206475
"5261","21101125708",199.141106654118
"5262","21101125709",286.198507413258
"5263","21101125710",248.565422752575
"5264","21101125711",1166.94780522446
"5265","21101125712",947.296949711098
"5266","21101125713",711.849604859281
"5267","21101125714",462.603809804833
"5268","21101125715",94.3481986133473
"5269","21101125716",301.040524463055
"5270","21101125717",204.627588750429
"5271","21101125718",133.284704243036
"5272","21101125719",160.843841887235
"5273","21101125801",636.440923823314
"5274","21101125802",322.098694029497
"5275","21101125804",7.44039630277672
"5276","21101125805",858.281434825839
"5277","21101125806",21.5193919480329
"5278","21101125807",376.243935827946
"5279","21101125808",11.0008083560136
"5280","21101125809",1200.3115441631
"5281","21101125810",324.024552524505
"5282","21101125811",396.532402499096
"5283","21101125812",223.830841200123
"5284","21101125814",66.7708133205
"5285","21101125815",95.8130029597363
"5286","21101125816",180.076458836462
"5287","21101125817",208.506033884071
"5288","21101125818",277.726424983837
"5289","21101125819",314.241182583173
"5290","21101125820",347.685997395266
"5291","21101125821",387.294133274918
"5292","21101125822",344.383196025911
"5293","21101125823",315.234055845356
"5294","21101125824",318.261597555164
"5295","21101125825",328.788036262475
"5296","21101125826",718.469829489892
"5297","21101125827",192.755064181159
"5298","21101125828",305.424448310348
"5299","21101125901",823.574197996824
"5300","21101125902",791.143086414238
"5301","21101125903",757.397209289141
"5302","21101125904",486.619672917416
"5303","21101125905",1032.01926092393
"5304","21101125906",1996.41436487159
"5305","21101125907",2498.07293982087
"5306","21101125908",2327.08578841082
"5307","21101125909",377.27729761697
"5308","21101125910",293.827965421672
"5309","21101125911",16.3682511361107
"5310","21101125912",412.880948627129
"5311","21101125913",834.645143505481
"5312","21101125914",416.692816002287
"5313","21101125915",774.430173102777
"5314","21101125916",397.934767752074
"5315","21101125917",566.658568601616
"5316","21101125918",3353.46688090604
"5317","21101125919",2775.87568310109
"5318","21101125920",1516.85907187814
"5319","21101125921",1513.04776682745
"5320","21101125922",2014.39928152411
"5321","21101125923",251.142140911992
"5322","21101125924",664.928960811342
"5323","21101125925",1218.45015777996
"5324","21101125926",999.868234485669
"5325","21101125927",80.2487042843076
"5326","21101125928",677.944562895441
"5327","21101125929",171.55478816957
"5328","21101125930",385.130502357588
"5329","21101125931",5475.20053863794
"5330","21101125932",1504.17720680534
"5331","21101125933",636.252301656268
"5332","21101125934",2273.08563521457
"5333","21101125935",118.66324774822
"5334","21101125936",704.136297481197
"5335","21101125937",713.144681798944
"5336","21101125938",325.645961501615
"5337","21101126001",317.203903951654
"5338","21101126002",335.729144125025
"5339","21101126003",2130.456478759
"5340","21101126004",3188.81844670327
"5341","21101126005",1112.19978052884
"5342","21101126006",404.108907708528
"5343","21101126007",1028.59662340223
"5344","21101126008",851.175287847801
"5345","21101126009",1393.14915115677
"5346","21101126010",2225.80420490264
"5347","21101126011",234.698530130227
"5348","21101126012",1058.78790322839
"5349","21101126013",362.852266825327
"5350","21101126014",2222.9857602787
"5351","21101126015",1262.38751019281
"5352","21101126016",1125.08951917148
"5353","21101126017",672.436687095262
"5354","21101126018",2298.78652316595
"5355","21101126019",2107.48181477398
"5356","21101126020",264.539180783498
"5357","21101126021",1660.39049851704
"5358","21101126022",45.9488823592537
"5359","21101126023",1054.73470983202
"5360","21101126024",4627.6512600163
"5361","21101126025",2027.23198909771
"5362","21101126026",1768.17319517943
"5363","21101126027",1515.28429305968
"5364","21101126028",257.381895976676
"5365","21101126029",388.854149332718
"5366","21101126030",1121.99278102866
"5367","21101126031",391.566908052998
"5368","21101126032",1126.50513046573
"5369","21101126033",2209.7623923843
"5370","21101126034",1915.33827482297
"5371","21101126035",329.127554393472
"5372","21101126036",1020.13112414861
"5373","21101126037",1913.39701308944
"5374","21101126038",388.982898641226
"5375","21101126039",2671.10306099246
"5376","21101126040",2469.34063072351
"5377","21101126041",3074.80274475314
"5378","21101126042",1893.77525985005
"5379","21101126043",1323.2696988135
"5380","21101126044",791.304154051252
"5381","21101126045",1044.09763878121
"5382","21101126046",2930.58471975825
"5383","21101126047",344.865863658187
"5384","21101144601",2387.717295605
"5385","21101144602",653.019389708178
"5386","21101144603",1889.74257273114
"5387","21101144604",663.957691008921
"5388","21101144605",594.58435606826
"5389","21101144606",619.677396349574
"5390","21101144607",1535.56894476002
"5391","21101144608",927.926149292445
"5392","21101144609",727.792977417911
"5393","21101144610",931.48327122901
"5394","21101144611",108.535726009934
"5395","21101144612",1074.47341605973
"5396","21101144613",2562.40172991589
"5397","21101144614",76.3678934303394
"5398","21101144615",1378.61129757248
"5399","21101144616",631.083423581083
"5400","21101144617",0.843572472466738
"5401","21101144618",597.830777509423
"5402","21101144619",1184.00994344361
"5403","21101144620",1498.05157124947
"5404","21101144621",101.925221763207
"5405","21101144622",1347.36545637931
"5406","21101144623",1489.72769260819
"5407","21101144624",528.850606267629
"5408","21101144625",770.545043141112
"5409","21101144626",277.61426622568
"5410","21101144627",247.90308085799
"5411","21101144628",1785.43901512634
"5412","21101144629",1784.0122801668
"5413","21101144630",622.249923516547
"5414","21101144631",538.937605810425
"5415","21101144632",1727.14194120183
"5416","21101144633",342.284339470177
"5417","21101144634",905.584592331959
"5418","21101144635",198.472302940921
"5419","21101144636",1792.64620202369
"5420","21101144637",842.456981216917
"5421","21101144638",755.155898819813
"5422","21101144639",446.235261739414
"5423","21101144640",44.696379972854
"5424","21101144641",342.86555208412
"5425","21101144642",1244.13061054808
"5426","21101144643",708.285290336495
"5427","21101144644",502.631766771358
"5428","21101144645",722.120451866984
"5429","21101144646",288.220296739186
"5430","21101144647",1156.14614274954
"5431","21101144648",7.79841012046241
"5432","21101144649",1153.27575464126
"5433","21101144650",860.751735698607
"5434","21101144651",552.583416838396
"5435","21101144652",836.589700487498
"5436","21101144653",346.044398089605
"5437","21101144654",879.709726325754
"5438","21101144701",98.0403499366714
"5439","21101144702",2223.91849010553
"5440","21101144703",2750.10494016614
"5441","21101144704",1172.0602500925
"5442","21101144705",573.684937810463
"5443","21101144706",1633.75669018087
"5444","21101144707",927.844133065281
"5445","21101144708",418.071263922067
"5446","21101144709",173.402689702165
"5447","21101144710",603.203525047985
"5448","21101144711",753.120162828413
"5449","21101144712",511.358310529766
"5450","21101144713",1187.09023201562
"5451","21101144714",1794.46189401394
"5452","21101144715",395.363703013831
"5453","21101144716",846.08742571471
"5454","21101144717",607.043872119669
"5455","21101144718",1471.83210469387
"5456","21101144719",591.345083173398
"5457","21101144720",2109.54334388672
"5458","21101144721",395.060931365985
"5459","21101144722",1289.28912607662
"5460","21101144723",0.000383160565524331
"5461","21101144724",551.1003355108
"5462","21101144725",1001.10721244127
"5463","21101144726",506.205483478334
"5464","21101144727",94.985321642152
"5465","21101144728",2033.36803118438
"5466","21101144729",949.801677438776
"5467","21101144730",1061.39237727514
"5468","21101144801",1902.39018049223
"5469","21101144802",584.973072766238
"5470","21101144803",1114.97859415665
"5471","21101144805",835.060138638835
"5472","21101144806",2045.5826727533
"5473","21101144807",118.996556345513
"5474","21101144808",1816.23060310361
"5475","21101144809",1840.6381359829
"5476","21101144810",1697.23614063293
"5477","21101144811",269.67771858456
"5478","21101144812",1148.24967490759
"5479","21101144813",188.546602822996
"5480","21101144814",1819.45244385715
"5481","21101144815",1080.34752028506
"5482","21101144816",1111.41831303418
"5483","21101144817",296.561647416734
"5484","21101144818",1228.12827159743
"5485","21101144820",1009.50313151877
"5486","21101144821",476.200861311892
"5487","21101144822",1327.14571714039
"5488","21101144823",365.737278944262
"5489","21101144825",620.704556639201
"5490","21101144826",680.866324786669
"5491","21101144827",1634.02288830471
"5492","21101144828",877.526894421142
"5493","21101144829",2842.2109907963
"5494","21101144830",3.23115161720177
"5495","21101144831",196.090349136182
"5496","21101144832",928.358531535744
"5497","21101144833",813.399844394561
"5498","21101144834",631.218892158427
"5499","21101144835",369.937796455023
"5500","21101144901",48.8865652964908
"5501","21101144902",289.426330677957
"5502","21101144903",270.538404040434
"5503","21101144904",281.294276712419
"5504","21101144905",638.107340401394
"5505","21101144906",470.100494106551
"5506","21101144907",207.161376960027
"5507","21101144908",639.391823408168
"5508","21102126101",602.417536463769
"5509","21102126102",1677.13354742282
"5510","21102126103",315.713192860077
"5511","21102126104",191.855466566468
"5512","21102126105",179.463042884511
"5513","21102126106",4106.97381977243
"5514","21102126107",4024.69004056156
"5515","21102126108",3230.0167916779
"5516","21102126109",3352.96324125429
"5517","21102126110",1123.45363559753
"5518","21102126111",2080.26247157692
"5519","21102126112",52.9431265428046
"5520","21102126113",1003.5180583312
"5521","21102126114",941.953860151911
"5522","21102126115",373.948993020473
"5523","21102126116",977.431690458781
"5524","21102126117",989.616022054646
"5525","21102126118",878.765511636532
"5526","21102126119",1186.69514100703
"5527","21102126120",608.848394782792
"5528","21102126121",352.188266209215
"5529","21102126122",196.869630778435
"5530","21102126123",613.39712230088
"5531","21102126124",746.75281336477
"5532","21102126125",1593.9862219264
"5533","21102126126",173.138188038427
"5534","21102126127",160.750975394933
"5535","21102126129",2242.19390937019
"5536","21102126130",37.4493176300101
"5537","21102126131",347.420830520214
"5538","21102126132",704.996204008793
"5539","21102126133",148.724235975712
"5540","21102126134",308.629281874941
"5541","21102126135",1014.96728697177
"5542","21102126136",2121.43037028401
"5543","21102126137",157.433048523132
"5544","21102126138",992.056147239453
"5545","21102126139",526.522776624761
"5546","21102126201",14.9563235830659
"5547","21102126202",366.390178773608
"5548","21102126203",203.09316769803
"5549","21102126204",149.017444231939
"5550","21102126205",2295.3910995954
"5551","21102126206",67.7216027390603
"5552","21102126207",2040.9896567311
"5553","21102126208",94.303041679671
"5554","21102126209",903.715335439353
"5555","21102126210",284.15197588107
"5556","21102126211",3.34182045879354
"5557","21102126212",0.132627702594789
"5558","21102126213",1487.53077230628
"5559","21102126214",427.088149317606
"5560","21102126215",878.57349677117
"5561","21102126216",3158.79678736983
"5562","21102126217",134.176618658288
"5563","21102126218",185.251414862662
"5564","21102126219",62.6965229540267
"5565","21102126220",492.208922139432
"5566","21102126221",473.024902625163
"5567","21102126222",450.968942019671
"5568","21102126223",3562.55875675746
"5569","21102126224",306.945335244486
"5570","21102126225",41.73177700493
"5571","21102126226",13.7343700812728
"5572","21102126227",114.677680838647
"5573","21102126228",317.194686535706
"5574","21102126229",110.98704886128
"5575","21102126230",87.5775056460072
"5576","21102126231",9.23914586728363
"5577","21102126232",2479.35655404759
"5578","21103126301",890.427242373545
"5579","21103126302",586.790588450273
"5580","21103126303",1114.29344243115
"5581","21103126304",495.64800786916
"5582","21103126305",1108.44023234184
"5583","21103126306",780.123482601804
"5584","21103126307",255.394133345466
"5585","21103126309",247.764396787386
"5586","21103126310",826.980438734355
"5587","21103126311",242.354984474493
"5588","21103126312",1773.52090795221
"5589","21103126313",405.986151608911
"5590","21103126314",791.942564258035
"5591","21103126315",884.69838346935
"5592","21103126316",1115.02004934323
"5593","21103126317",1449.04456766463
"5594","21103126318",1458.83993531046
"5595","21103126319",1736.21828466266
"5596","21103126320",1163.1810731368
"5597","21103126321",1295.86189631331
"5598","21103126322",1192.75897739924
"5599","21103126323",845.894366533775
"5600","21103126324",975.117334657802
"5601","21103126325",855.475305995854
"5602","21103126326",1013.5367040391
"5603","21103126327",563.463813179544
"5604","21103126328",0.0282444933515862
"5605","21103126329",384.106857194515
"5606","21103126330",348.994672827698
"5607","21103126501",1086.79132264267
"5608","21103126502",1317.87259981474
"5609","21103126503",206.438463420788
"5610","21103126504",692.243817490198
"5611","21103126505",572.427917123881
"5612","21103126506",175.689231283178
"5613","21103126507",531.37142584345
"5614","21103126508",106.422817098854
"5615","21103126509",107.634652493871
"5616","21103126510",156.087110827223
"5617","21103126511",296.927683233238
"5618","21103126512",589.635023872982
"5619","21103126513",541.721369554762
"5620","21103126514",16.3753088763428
"5621","21103126515",214.370235492969
"5622","21103126516",921.111843233168
"5623","21103126517",1153.54236899875
"5624","21103126518",745.200625040226
"5625","21103126519",998.025186697724
"5626","21103126520",873.726154458848
"5627","21103126521",683.410383996871
"5628","21103126522",105.138986429279
"5629","21103126523",815.527293180452
"5630","21103126524",124.856105642405
"5631","21103126525",886.255919884464
"5632","21103126526",56.858861941088
"5633","21103126527",216.179764489764
"5634","21103126528",1799.01512046746
"5635","21103126530",802.667275614798
"5636","21103126531",1149.95831588629
"5637","21103126532",1153.75189262824
"5638","21103126533",1194.39877326943
"5639","21103126534",265.875264009989
"5640","21103126535",53.841123551023
"5641","21103126536",117.50336412167
"5642","21103126537",337.233253389342
"5643","21103126538",1709.15738198774
"5644","21103126539",742.419248687196
"5645","21103126540",336.133602921223
"5646","21103126541",1222.16046303039
"5647","21103126542",73.4883773772677
"5648","21103126543",1077.92483709225
"5649","21103126544",583.006245230367
"5650","21103126601",1861.19694521419
"5651","21103126602",1965.63258394819
"5652","21103126603",532.900664089317
"5653","21103126604",182.823983261895
"5654","21103126605",635.809612824887
"5655","21103126606",1296.88993363982
"5656","21103126608",796.387409365161
"5657","21103126609",1812.13917626671
"5658","21103126610",1567.02620683619
"5659","21103126611",1051.30510480912
"5660","21103126612",1158.4124385984
"5661","21103126613",473.150461109518
"5662","21103126614",2121.30119592671
"5663","21103126615",3328.26174938142
"5664","21103126616",577.145214753985
"5665","21103126617",3154.2719479202
"5666","21103126618",788.544693690055
"5667","21103126619",2470.39086237298
"5668","21103126620",1996.42898476427
"5669","21103126621",705.188674639739
"5670","21103126622",2111.62062400068
"5671","21103126623",1884.95897613389
"5672","21103126624",2091.85763657033
"5673","21103126625",129.360819686545
"5674","21103126626",2129.60474468583
"5675","21103126627",1069.64438363991
"5676","21103126628",906.047432045345
"5677","21103126629",4010.24638732831
"5678","21103126630",1068.79040873498
"5679","21103126631",1234.05091050319
"5680","21103126632",2623.4293210714
"5681","21103126633",2160.28025396835
"5682","21103126634",2732.57849026063
"5683","21103126635",3186.64422703
"5684","21103126636",1105.72988196436
"5685","21103126637",2121.39564882723
"5686","21103126639",855.985407542134
"5687","21103126640",1199.55197285519
"5688","21103126641",1761.50124329207
"5689","21103126642",1268.86646944992
"5690","21103126643",1779.04035618828
"5691","21103126644",2009.69106542909
"5692","21103126645",1093.69507684827
"5693","21103126646",1682.38987644318
"5694","21103126647",1120.72245105032
"5695","21103126648",557.30549962731
"5696","21103126649",491.876566097736
"5697","21103126650",877.309982798537
"5698","21103126651",492.949713699174
"5699","21103126652",1830.11643933791
"5700","21103126653",1937.3330808716
"5701","21103126701",1027.44199177254
"5702","21103126702",288.032555535808
"5703","21103126703",526.975048504949
"5704","21103126704",253.295652261907
"5705","21103126705",511.940722179752
"5706","21103126706",1110.97961379914
"5707","21103126707",266.172085324388
"5708","21103126708",207.480853514703
"5709","21103126709",1020.28129902936
"5710","21103126710",379.03177491622
"5711","21103126711",580.641833740627
"5712","21103126712",595.119457225793
"5713","21103126713",206.137932456944
"5714","21103126714",189.976401528812
"5715","21103126715",390.838972330708
"5716","21103126716",124.386361112259
"5717","21103126718",26.3021180167268
"5718","21103126719",1219.53857181941
"5719","21103126720",706.532922682685
"5720","21103126721",689.485508623479
"5721","21103126722",88.9594474900863
"5722","21103126723",412.653974759897
"5723","21103126724",574.88829928996
"5724","21103126725",737.387506727501
"5725","21103126726",762.484475123121
"5726","21103126727",1004.39917657785
"5727","21103126728",1055.0431053436
"5728","21103126729",1039.4958102201
"5729","21103126730",991.577812840913
"5730","21103126731",250.77134427154
"5731","21103126732",793.775326181692
"5732","21103126733",5.51814516462701
"5733","21103126734",686.001358929414
"5734","21103126735",1266.36977033421
"5735","21103126736",178.821152230631
"5736","21103126737",1182.43453434395
"5737","21103126738",1082.36608011522
"5738","21103126739",1699.01619152949
"5739","21103126740",393.851999185121
"5740","21103126741",996.074798287145
"5741","21103126742",1261.24658852487
"5742","21103126743",769.327301667569
"5743","21103126744",1235.04317197862
"5744","21103126745",2097.96428900194
"5745","21103126746",446.960633278168
"5746","21103126747",203.264375585822
"5747","21103126801",1293.5048232397
"5748","21103126802",702.974534210624
"5749","21103126803",1626.96230615489
"5750","21103126804",1233.80304822813
"5751","21103126805",1154.61682896875
"5752","21103126806",1119.79837500902
"5753","21103126807",1102.71078632752
"5754","21103126808",1793.2227290807
"5755","21103126809",717.005690207578
"5756","21103126810",706.526087010093
"5757","21103126811",781.784478695944
"5758","21103126812",267.03787038731
"5759","21103126813",654.299396323337
"5760","21103126814",929.990055898136
"5761","21103126815",1452.63471381372
"5762","21103126816",2216.27943779978
"5763","21103126817",1034.57361866062
"5764","21103126818",502.415778870307
"5765","21103126820",1839.93201419729
"5766","21103126821",1466.73717509115
"5767","21103126822",2100.56957203366
"5768","21103126823",150.186070130743
"5769","21103145001",436.045646926388
"5770","21103145002",3763.75299350282
"5771","21103145003",1323.32349575478
"5772","21103145004",481.81231842959
"5773","21103145005",3377.57041509888
"5774","21103145006",226.116998573906
"5775","21103145007",1439.26719226947
"5776","21103145008",217.273437860736
"5777","21103145009",4495.45580738789
"5778","21103145010",1787.65162430627
"5779","21103145011",777.976114051627
"5780","21103145012",28.1480971745585
"5781","21103145013",961.523813140426
"5782","21103145014",435.918475261633
"5783","21103145015",721.076558437594
"5784","21103145016",738.332242707573
"5785","21103145017",682.192353312515
"5786","21103145018",358.443586332195
"5787","21103145020",31.7750227302383
"5788","21103145021",747.349570213397
"5789","21103145022",2646.7136957936
"5790","21103145023",19.6791657599248
"5791","21103145024",1007.82549544653
"5792","21103145025",770.694563957516
"5793","21103145026",655.252518642742
"5794","21103145027",1128.86336270505
"5795","21103145028",501.253385666908
"5796","21103145029",809.846884422885
"5797","21103145031",855.329773672578
"5798","21103145032",128.582468994293
"5799","21103145033",229.820431521173
"5800","21103145034",579.807299762687
"5801","21103145035",278.18395429525
"5802","21103145036",115.134201060292
"5803","21103145037",948.440717016775
"5804","21103145038",1594.31137651598
"5805","21103145101",643.271330738751
"5806","21103145102",478.007022583964
"5807","21103145103",1530.112315149
"5808","21103145104",1077.02771503749
"5809","21103145105",1221.20661042835
"5810","21103145106",1961.43700769012
"5811","21103145107",9.36843913499196
"5812","21103145108",2295.56647807769
"5813","21103145109",771.175926268584
"5814","21103145110",2943.00315801927
"5815","21103145111",1745.88648998134
"5816","21103145112",1697.13101071189
"5817","21103145113",1177.0269599493
"5818","21103145114",1984.69564242267
"5819","21103145115",50.6081221599039
"5820","21103145116",2654.03287807871
"5821","21103145117",677.924617672163
"5822","21103145118",836.494868320706
"5823","21103145119",681.733781853599
"5824","21103145120",1877.4816450588
"5825","21103145121",714.229242623161
"5826","21103145122",231.943212212727
"5827","21103145123",1418.66841483568
"5828","21103145124",2792.49718929285
"5829","21103145125",918.280199323739
"5830","21103145126",454.149172269923
"5831","21103145201",645.452578256619
"5832","21103145202",755.372851448277
"5833","21103145203",824.164603179909
"5834","21103145204",213.010040943862
"5835","21103145205",4.35475791580918
"5836","21103145206",4.90371658329028
"5837","21103145207",260.275627100041
"5838","21103145208",91.7712894936356
"5839","21103145209",182.24509898814
"5840","21103145210",39.6312124120617
"5841","21103145211",748.834195170729
"5842","21103145212",814.552320333002
"5843","21103145213",1190.51773527005
"5844","21104126901",1975.67102096147
"5845","21104126902",1695.68997794077
"5846","21104126903",2406.72593049366
"5847","21104126904",2170.48800813032
"5848","21104126905",1739.07510069313
"5849","21104126906",2662.66316796432
"5850","21104126907",1692.5234503066
"5851","21104126908",1630.45752244486
"5852","21104126909",2233.21304349915
"5853","21104126910",2906.15158033591
"5854","21104126911",2194.94555595148
"5855","21104126912",2084.13202097846
"5856","21104126913",1887.25753386568
"5857","21104126914",1773.52144478324
"5858","21104126915",2113.33840067921
"5859","21104126916",1992.88668577072
"5860","21104126917",1843.9516828713
"5861","21104126918",921.029363633675
"5862","21104126919",842.069924240327
"5863","21104126920",210.429755087873
"5864","21104126921",885.599771567801
"5865","21104126922",2984.9275076737
"5866","21104127001",704.431509500579
"5867","21104127002",520.738423186842
"5868","21104127003",219.768390313781
"5869","21104127004",70.325529509192
"5870","21104127005",247.556680184642
"5871","21104127006",1756.80282554325
"5872","21104127007",1212.16623006987
"5873","21104127008",640.64888415959
"5874","21104127009",1850.33176877106
"5875","21104127010",1324.70977758297
"5876","21104127011",3009.19312706437
"5877","21104127012",1040.62699237029
"5878","21104127013",2368.43284508616
"5879","21104127014",533.728621725708
"5880","21104127015",1268.63683661024
"5881","21104127016",2286.71363568366
"5882","21104127017",3144.55598238469
"5883","21104127018",617.206098500684
"5884","21104127019",2868.62783617042
"5885","21104127020",93.5496440445587
"5886","21104127021",4778.24546960505
"5887","21104127022",1246.64700680097
"5888","21104127023",1135.67913367876
"5889","21104127024",704.392546141635
"5890","21104127025",464.38225660086
"5891","21104127026",4169.19227931912
"5892","21104127027",347.429076986967
"5893","21104127028",570.491661269523
"5894","21104127029",367.006809784835
"5895","21104127030",562.203624237681
"5896","21104127031",3063.73662411666
"5897","21104127032",731.470863611608
"5898","21104127033",1332.81793741426
"5899","21104127034",4164.83008971931
"5900","21104127035",2600.98700530783
"5901","21104127036",1307.23792877791
"5902","21104127037",1893.99687591329
"5903","21104127038",2586.86343767336
"5904","21104127039",2533.09923708896
"5905","21104127040",4498.54304511539
"5906","21104127101",1323.82731167359
"5907","21104127102",2036.56861475688
"5908","21104127103",2545.13633640408
"5909","21104127104",1573.43052673879
"5910","21104127105",2840.68805765414
"5911","21104127106",2923.75726964686
"5912","21104127107",748.160582274687
"5913","21104127108",1821.02535132565
"5914","21104127109",2064.57273977344
"5915","21104127110",2886.06543827143
"5916","21104127111",826.103157893
"5917","21104127112",1522.86855462339
"5918","21104127113",3357.58709263293
"5919","21104127114",1973.59645061296
"5920","21104127115",2222.06496940481
"5921","21104127116",1610.25288261815
"5922","21104127117",2683.77911977372
"5923","21104127118",2971.57975090595
"5924","21104127119",3559.30971883338
"5925","21104127120",1513.12133153839
"5926","21104127121",250.694803288519
"5927","21104127122",2729.27179101262
"5928","21104127123",1687.07161662874
"5929","21104127124",3747.91172496842
"5930","21104127125",1793.62372776511
"5931","21104127126",1381.18949569497
"5932","21104127127",1245.50689118229
"5933","21104127128",565.659061918348
"5934","21104127129",1511.41576104099
"5935","21104127201",1363.95533839101
"5936","21104127202",1524.59896969544
"5937","21104127203",991.106331006044
"5938","21104127204",1665.31160483058
"5939","21104127205",1440.99627110932
"5940","21104127206",434.837912419207
"5941","21104127207",932.304669772194
"5942","21104127208",1303.64271847612
"5943","21104127209",536.315103339231
"5944","21104127210",1125.38999000756
"5945","21104127211",951.445895242845
"5946","21104127212",1406.31312597387
"5947","21104127213",899.762394424087
"5948","21104127214",1373.63928122443
"5949","21104127215",1937.16807781164
"5950","21104127216",747.689252945373
"5951","21104127217",616.734398516581
"5952","21104127218",184.16139592127
"5953","21104127219",495.374742530122
"5954","21104127220",1461.20536017091
"5955","21104127221",630.480227427851
"5956","21104127222",927.093985119739
"5957","21104127223",1259.22440857597
"5958","21104127224",489.249242625976
"5959","21104127225",874.869975615315
"5960","21104127301",593.247487967933
"5961","21104127302",1088.35614682697
"5962","21104127303",344.312448573837
"5963","21104127304",722.736932773982
"5964","21104127305",3291.05414253471
"5965","21104127306",735.726426608306
"5966","21104127307",969.965176902955
"5967","21104127308",1884.4616700221
"5968","21104127309",53.4408756214373
"5969","21104127310",1510.58750842489
"5970","21104127311",275.604845952404
"5971","21104127312",752.576039905939
"5972","21104127313",1283.43452628856
"5973","21104127314",871.892676361046
"5974","21104127315",1496.06008480923
"5975","21104127316",3667.95826589575
"5976","21104127317",2418.2910006949
"5977","21104127318",1291.4659878295
"5978","21104127319",1431.95775488218
"5979","21104127320",788.38276007921
"5980","21104127321",352.086515310915
"5981","21104127322",956.658441129669
"5982","21104127323",2725.4554996654
"5983","21104127324",2556.32380087118
"5984","21104127325",445.703883728971
"5985","21104127326",397.571674653493
"5986","21104127327",1335.98050447513
"5987","21104127328",134.476089167432
"5988","21104127329",1255.31148642875
"5989","21104127330",3007.64665009405
"5990","21105127401",2.96634286724571
"5991","21105127402",9.54805586573127
"5992","21105127403",617.778662326868
"5993","21105127404",93.0574925561102
"5994","21105127405",322.069811322346
"5995","21105127406",23.369136291912
"5996","21105127407",36.6954547576301
"5997","21105127408",630.443927381976
"5998","21105127409",22.8162255102214
"5999","21105127410",91.1762639166524
"6000","21105127411",435.342167156528
"6001","21105127412",490.551013247977
"6002","21105127413",97.1094167269717
"6003","21105127414",13.7916223318593
"6004","21105127416",319.629831237945
"6005","21105127417",260.285153294932
"6006","21105127418",276.479514233581
"6007","21105127419",439.652854528784
"6008","21105127420",794.228435731279
"6009","21105127421",306.554637620692
"6010","21105127422",283.240255941861
"6011","21105127423",26.5678432203765
"6012","21105127424",374.521287614475
"6013","21105127425",170.394192791557
"6014","21105127426",5.39094416571019
"6015","21105127427",3.66178897751676
"6016","21105127428",430.550764728774
"6017","21105127429",97.8883844976858
"6018","21105127430",375.129693366153
"6019","21105127431",312.435779067187
"6020","21105127501",65.0272837074364
"6021","21105127502",35.7346490160309
"6022","21105127503",1049.51279516788
"6023","21105127504",912.284754054564
"6024","21105127505",227.417240070292
"6025","21105127506",923.15098083174
"6026","21105127507",1112.8106362269
"6027","21105127508",1070.37352835584
"6028","21105127509",1482.10214435364
"6029","21105127510",138.593989137059
"6030","21105127511",173.584192420875
"6031","21105127512",1052.93090664209
"6032","21105127513",137.585704301795
"6033","21105127514",1147.48544429876
"6034","21105127515",11.9150019344484
"6035","21105127516",50.7621474764148
"6036","21105127517",39.1075497411168
"6037","21105127519",1086.23063870889
"6038","21105127520",307.630870717554
"6039","21105127523",1087.58716998129
"6040","21105127524",813.629159326671
"6041","21105127525",1742.39098929313
"6042","21105127601",5.21578911053755
"6043","21105127602",38.8888532025156
"6044","21105127603",52.5122805248154
"6045","21105127604",18.3785668379294
"6046","21105127605",62.1416132732844
"6047","21105127606",128.04898898461
"6048","21105127607",31.5210760248716
"6049","21105127608",245.215166179152
"6050","21105127609",146.06085354966
"6051","21105127610",86.8012852356517
"6052","21105127611",54.5240768527654
"6053","21105127612",19.3488605810711
"6054","21105127613",65.0054980406272
"6055","21105127614",33.1254317545801
"6056","21105127615",0.0422874688382899
"6057","21105127616",5.1122854896852
"6058","21105127617",1.0205707386074
"6059","21105127618",40.3970668738516
"6060","21105127619",151.943878033349
"6061","21105127620",66.1753297328976
"6062","21105127621",1.63140948237986
"6063","21105127622",0.737576377977414
"6064","21105127623",0.181985701171751
"6065","21105127625",69.221738453406
"6066","21105127626",60.0766333695091
"6067","21105127627",36.8234647912142
"6068","21105127628",0.134175851356817
"6069","21105127630",10.7775143352814
"6070","21105127632",1.65639744034894
"6071","21105127633",31.1004571143955
"6072","21105127634",119.370645464457
"6073","21105127635",9.20989636882525
"6074","21105127701",214.125963493548
"6075","21105127702",1383.5287780464
"6076","21105127703",741.647213575543
"6077","21105127704",572.101254727369
"6078","21105127705",251.094081183564
"6079","21105127706",582.476797923832
"6080","21105127707",257.719857583793
"6081","21105127708",814.19681862981
"6082","21105127709",314.6280425063
"6083","21105127710",191.951353278784
"6084","21105127711",67.3391729927675
"6085","21105127712",987.36001344134
"6086","21105127713",296.114421067072
"6087","21105127714",932.843340408935
"6088","21105127715",390.950001332303
"6089","21105127716",1090.75522227184
"6090","21105127717",1545.31713701535
"6091","21105127718",808.359591887097
"6092","21105127719",628.971564882405
"6093","21105127720",1205.53635835898
"6094","21105127801",79.0139463082194
"6095","21105127802",261.859940975352
"6096","21105127803",234.113196832493
"6097","21105127804",1.12760841785462
"6098","21105127805",43.2863633000111
"6099","21105127806",123.531317359877
"6100","21105127807",66.4439866911887
"6101","21105127808",2.44229795637583
"6102","21105127809",254.761789142928
"6103","21105127810",373.109989774759
"6104","21105127811",35.2633243431865
"6105","21105127812",657.53269804601
"6106","21105127813",32.6760452090029
"6107","21105127814",491.193442083092
"6108","21105127815",588.202035126997
"6109","21105127816",445.669053152406
"6110","21105127817",66.298267581677
"6111","21105127818",386.239992645818
"6112","21105127819",364.874368177713
"6113","21105127820",294.795400463998
"6114","21105127821",1691.29272631983
"6115","21105127822",64.5022588612405
"6116","21105127823",242.626807242251
"6117","21105127824",399.720055296021
"6118","21105127825",1430.03998561934
"6119","21105127826",341.689736956135
"6120","21105127827",610.808226606612
"6121","21105127828",1953.01721247964
"6122","21105127829",1032.15470405644
"6123","21105127830",681.95901141471
"6124","21105127831",144.345014239287
"6125","21105127832",11.1695869980696
"6126","21105127833",803.323115135831
"6127","21105127834",5.63132010749605
"6128","21105127835",501.064911314622
"6129","21105127836",300.689123741859
"6130","21105127837",280.386990274029
"6131","21105127838",565.706722947333
"6132","21105127839",656.43343852446
"6133","21105127840",570.127092201131
"6134","21105127841",28.6907214715039
"6135","21105127842",29.3016684351618
"6136","21105127843",978.730464420973
"6137","21105127844",712.819210777001
"6138","21105127845",482.356771860697
"6139","21105127846",237.668330738115
"6140","21105127847",564.208218450177
"6141","21105127901",28.3586837297349
"6142","21105127903",6.12036033989256
"6143","21105127904",17.7653268527323
"6144","21105127905",352.463397953926
"6145","21105127906",0.416180777579231
"6146","21105127907",227.929380845831
"6147","21105127908",321.965828850693
"6148","21105127909",82.6742123320109
"6149","21105127910",14.2399336212706
"6150","21105127913",128.631849375461
"6151","21105128001",68.8636477806863
"6152","21105128002",496.281344836219
"6153","21105128003",376.678341087741
"6154","21105128004",708.88271846498
"6155","21105128005",862.392383224366
"6156","21105128006",282.885632201077
"6157","21105128007",831.087166302995
"6158","21105128008",746.101472413254
"6159","21105128009",524.457697778194
"6160","21105128010",546.509506101505
"6161","21105128011",539.168072699436
"6162","21105128012",177.691767779054
"6163","21105128014",795.086026857882
"6164","21105128016",1316.37790597674
"6165","21105128017",46.7714647213055
"6166","21105128018",450.629912037451
"6167","21105128101",124.86268237615
"6168","21105128102",289.712997256767
"6169","21105128103",317.425340771244
"6170","21105128104",322.962887506006
"6171","21105128105",244.464779408415
"6172","21105128106",76.2892458554059
"6173","21105128108",15.1209971201189
"6174","21105128110",22.5082468076943
"6175","21105128111",150.117556518581
"6176","21105128112",193.537433020176
"6177","21105128114",822.552410194672
"6178","21105128115",471.665920445982
"6179","21105128116",1072.00695474358
"6180","21105128117",1.91873318906178
"6181","21105128118",3.25335405864239
"6182","21105128119",40.4263019632011
"6183","21105128121",886.973988905245
"6184","21105128122",194.671871785523
"6185","21105128123",106.220185195205
"6186","21105128124",292.72944226026
"6187","21105128125",148.337621459083
"6188","21105128126",130.724401660529
"6189","21105128127",91.538578050834
"6190","21105128128",411.946773509379
"6191","21105128129",647.94529328409
"6192","21105128130",1.36563397135107
"6193","21105128131",799.531314461218
"6194","21105128132",706.885896497749
"6195","21105128133",194.409300106081
"6196","21105128134",215.993536234896
"6197","21105128135",65.4978344842471
"6198","21105128137",207.506474028361
"6199","21105128139",970.223641587908
"6200","21105128140",1336.48065550962
"6201","21105128141",397.997503483833
"6202","21105128142",652.727056828432
"6203","21105128143",594.118726466073
"6204","21105128145",189.976957690887
"6205","21105128146",206.139935978575
"6206","21105128201",0.95899743331788
"6207","21105128202",293.408894468998
"6208","21105128203",0.302093447995274
"6209","21105128204",357.150756510275
"6210","21105128205",114.238386648533
"6211","21105128206",122.608324245476
"6212","21105128207",41.4583827204186
"6213","21105128208",269.318349410917
"6214","21105128209",164.512542373109
"6215","21105128210",85.9462587536256
"6216","21105128211",8.22614580117676
"6217","21105128212",20.5208627576846
"6218","21105128213",603.078145606376
"6219","21105128214",404.238156487259
"6220","21105128215",137.54102629448
"6221","21105128216",464.002171436587
"6222","21105128217",27.7193872619407
"6223","21105128218",389.6437776998
"6224","21105128219",360.269300356012
"6225","21105128220",239.571609953189
"6226","21105128221",210.351317342948
"6227","21105128222",631.230147684273
"6228","21105128223",204.513434129726
"6229","21105128224",448.59004757334
"6230","21105128225",534.07122026164
"6231","21105128226",372.262531776009
"6232","21105128227",91.3462799888608
"6233","21105128228",555.403084711316
"6234","21105128229",108.432245599338
"6235","21105128230",38.8228321229393
"6236","21105128231",35.0666915400564
"6237","21105128232",33.9877499714457
"6238","21105128301",824.706287778201
"6239","21105128302",330.411358341935
"6240","21105128303",4.07073114124091
"6241","21105128304",106.33538436451
"6242","21105128305",48.5206086106897
"6243","21105128306",962.299787342534
"6244","21105128307",100.461130754923
"6245","21105128308",25.1982604885487
"6246","21105128309",190.387693112957
"6247","21105128310",1517.94568665714
"6248","21105128312",281.156090469828
"6249","21105128313",496.57695839341
"6250","21105128314",44.0166826149547
"6251","21105128315",10.8688447530564
"6252","21105128316",1285.37958757596
"6253","21105128317",291.28750227035
"6254","21105128318",351.12714170124
"6255","21105128319",360.371078248681
"6256","21105128320",1148.69433592453
"6257","21105128321",306.448880063215
"6258","21105128322",198.657646558432
"6259","21105128323",598.821821863498
"6260","21105128324",44.5013486850705
"6261","21105128325",904.326241001434
"6262","21105128326",466.627244090558
"6263","21105128401",104.739350502118
"6264","21105128402",85.518286123415
"6265","21105128403",99.3650684470407
"6266","21105128404",98.1805426414935
"6267","21105128405",187.789063709975
"6268","21105128406",47.9370534092414
"6269","21105128407",119.263624361297
"6270","21105128408",493.709509810558
"6271","21105128409",158.544581014258
"6272","21105128410",107.899718592798
"6273","21105128411",95.3930911066347
"6274","21105128412",28.0116316712557
"6275","21105128413",34.5688213472597
"6276","21105128414",52.9364571791165
"6277","21105128415",43.2069808631239
"6278","21105128416",116.930336933083
"6279","21105128417",451.615994106215
"6280","21105128418",77.0764911099102
"6281","21105128419",362.029533323988
"6282","21105128420",242.272668246967
"6283","21105128421",606.008835871084
"6284","21105128422",103.739757724836
"6285","21105128423",426.09456655703
"6286","21105128424",67.3860798988932
"6287","21105128425",93.0859178690475
"6288","21105128426",247.886558483085
"6289","21105128427",17.8917828867186
"6290","21105128501",58.2958913778919
"6291","21105128502",312.56485177738
"6292","21105128503",369.325790430061
"6293","21105128504",9.37003682890808
"6294","21105128505",225.763431608683
"6295","21105128506",498.210257107034
"6296","21105128507",167.910962718798
"6297","21105128508",304.71840178286
"6298","21105128509",27.8236686935343
"6299","21105128510",6.80701694675542
"6300","21105128511",282.569716564919
"6301","21105128512",177.481391618064
"6302","21105128513",7.56253937039855
"6303","21105128515",182.005314754306
"6304","21105128516",27.7222826719632
"6305","21105128518",248.892227900954
"6306","21105128519",0.206224545951202
"6307","21105128522",174.460260481801
"6308","21105128524",107.666892579763
"6309","21105128525",0.664622164117916
"6310","21105128526",11.5590625430581
"6311","21105128601",27.8723524026843
"6312","21105128602",25.1680010437305
"6313","21105128604",131.715777506721
"6314","21105128605",264.019349776099
"6315","21105128606",174.925105887248
"6316","21105128607",2.61891359205974
"6317","21105128608",208.836305694028
"6318","21105128609",0.00404763060422897
"6319","21105128610",88.589706723691
"6320","21105128612",89.1878644131525
"6321","21105128613",4.64706021083485
"6322","21105128614",227.152001147958
"6323","21105128615",59.2375031445886
"6324","21105128616",68.6689949409661
"6325","21105128617",21.5307215883002
"6326","21105128618",64.8857512061681
"6327","21105128620",180.914627860864
"6328","21105128621",65.4530961844513
"6329","21105128622",5.44478014198743
"6330","21105128623",284.518443472758
"6331","21105128625",94.5496344874586
"6332","21105128626",67.8632674781562
"6333","21105128628",150.817030384865
"6334","21105128629",14.4620052432333
"6335","21105128630",186.711936602843
"6336","21105128632",106.778504482939
"6337","21105128633",27.3937333824403
"6338","21105128634",4.10061433470139
"6339","21105128635",3.01791788839683
"6340","21105128636",48.6424057986449
"6341","21105128643",4.8404449128693
"6342","21105128644",25.2119792010181
"6343","21105128646",166.13214304903
"6344","21105128647",11.1139022843759
"6345","21105128648",1.9777608840789
"6346","21105128649",107.722470269594
"6347","21105128650",279.819525486511
"6348","21105128651",14.2123786065914
"6349","21105128652",75.4306826659504
"6350","21105128654",323.358444213596
"6351","21105128655",311.221543209587
"6352","21105128657",159.215083107812
"6353","21105128658",19.7868383069313
"6354","21105128659",76.1022228114081
"6355","21201128903",476.928029882081
"6356","21201128904",90.5358619880317
"6357","21201128905",15.438323012895
"6358","21201128908",93.5332720908041
"6359","21201128909",134.202156530288
"6360","21201128910",481.929534865251
"6361","21201128911",178.867870622316
"6362","21201128914",88.5068017141727
"6363","21201128915",11.9078296017837
"6364","21201128916",276.531335929894
"6365","21201128918",11.4716269482444
"6366","21201128920",73.9878262662648
"6367","21201128922",0.669805537016827
"6368","21201128925",99.2775223231354
"6369","21201128926",389.32477232758
"6370","21201128927",244.52738510856
"6371","21201128928",6.1729859979267
"6372","21201128935",668.450824863886
"6373","21201128936",3.37311010327054
"6374","21201128937",4.55026408391783
"6375","21201128938",119.915141419283
"6376","21201128939",0.358808581166424
"6377","21201128943",32.6260912616344
"6378","21201128944",15.9278243292316
"6379","21201128945",65.9025898536539
"6380","21201128946",30.9119593335698
"6381","21201128947",59.5970627639174
"6382","21201128949",181.45283244534
"6383","21201128953",0.0332527360714284
"6384","21201154601",181.228201581657
"6385","21201154602",118.91928078438
"6386","21201154603",1.79058090817827
"6387","21201154604",375.052636178923
"6388","21201154605",297.948445475637
"6389","21201154606",584.669032527534
"6390","21201154607",1.4416410911003
"6391","21201154608",188.608881208684
"6392","21201154609",0.0590312007701569
"6393","21201154612",262.493888725699
"6394","21201154613",332.256001924876
"6395","21201154615",2.61144045859289
"6396","21201154617",136.423881558138
"6397","21201154619",178.947132238494
"6398","21201154621",325.070776580533
"6399","21201154624",127.785427568577
"6400","21201154625",152.220506042867
"6401","21201154626",9.48441304482297
"6402","21201154629",17.4992768489323
"6403","21201154631",231.288042193555
"6404","21201154633",13.5401279299784
"6405","21201154636",6.60868925248298
"6406","21201154637",248.501879993724
"6407","21201154638",594.357847606261
"6408","21201154639",384.030539913568
"6409","21201154640",19.6011855029469
"6410","21201154641",58.7338946454651
"6411","21201154642",100.503147429957
"6412","21201154643",2.22309159589092
"6413","21201154644",107.269499108323
"6414","21201154645",1.47291521115667
"6415","21201154646",154.793637035797
"6416","21201154647",123.791903016761
"6417","21201154648",50.2055516865009
"6418","21201154649",0.046708356772373
"6419","21201154650",115.364374023222
"6420","21201154808",0.207222564329412
"6421","21201154901",90.4611110235788
"6422","21201154902",190.966508840329
"6423","21201154903",663.23061572278
"6424","21201154904",183.787515969383
"6425","21201154905",341.70545555702
"6426","21201154906",377.64538260621
"6427","21201154907",369.868501549008
"6428","21201154908",338.355043545069
"6429","21201154909",508.372207572064
"6430","21201154910",28.1901888692281
"6431","21201154911",199.37768406481
"6432","21201154913",511.234569777389
"6433","21201154914",386.219119954725
"6434","21201154915",113.84192332583
"6435","21201154916",261.131896588131
"6436","21201154917",320.855998016458
"6437","21201154918",316.810278722569
"6438","21201154919",2.85368369165371
"6439","21201154921",153.565697483304
"6440","21201154922",14.929015116995
"6441","21201154923",328.802779395804
"6442","21201154924",322.601605741043
"6443","21201154925",587.655188421945
"6444","21201154926",202.805715670409
"6445","21201154927",46.0163906058706
"6446","21201154928",81.2558568056227
"6447","21201154930",406.838088448164
"6448","21201154931",280.693460731863
"6449","21201154932",904.966412182691
"6450","21201154933",37.5133514201369
"6451","21201154934",244.101506796543
"6452","21201154935",314.618620596759
"6453","21201154936",215.640081791049
"6454","21201155001",45.4943539231505
"6455","21201155002",0.0130170187267789
"6456","21201155004",26.5824761361936
"6457","21201155006",47.3485472083919
"6458","21201155007",242.90197871901
"6459","21201155008",77.0105477937421
"6460","21201155010",61.3359713204172
"6461","21201155011",204.81367169788
"6462","21201155013",0.347743749700296
"6463","21201155014",0.797072624591865
"6464","21201155016",0.462974414036788
"6465","21201155018",378.709083724431
"6466","21201155101",695.34495445442
"6467","21201155102",47.985207618332
"6468","21201155103",1058.53689171633
"6469","21201155104",489.148979709748
"6470","21201155105",142.021081871374
"6471","21201155106",811.246597504291
"6472","21201155108",26.0060105676697
"6473","21201155109",1019.47936123403
"6474","21201155110",596.381317660956
"6475","21201155111",985.755966610902
"6476","21201155112",530.175085716451
"6477","21201155113",62.2180325603414
"6478","21201155115",559.891166041186
"6479","21201155116",677.536318333083
"6480","21201155201",391.937613568026
"6481","21201155202",404.383889632309
"6482","21201155203",107.322568108046
"6483","21201155204",326.492401165858
"6484","21201155205",0.030318048417769
"6485","21201155206",358.427258276301
"6486","21201155207",369.234440029085
"6487","21201155208",166.120980169196
"6488","21201155209",188.111952929572
"6489","21201155210",88.2870345072111
"6490","21201155211",380.359008078012
"6491","21201155212",585.505207605486
"6492","21201155213",488.97964603394
"6493","21201155214",207.626435300387
"6494","21201155215",552.032696256467
"6495","21201155216",923.294615349711
"6496","21201155217",97.6472205357695
"6497","21201155218",195.173045718442
"6498","21201155219",310.352312298599
"6499","21201155220",519.698111497378
"6500","21201155221",693.075891529579
"6501","21201155222",515.91828269314
"6502","21201155223",593.06564933168
"6503","21201155224",224.363518533879
"6504","21201155225",208.898073938026
"6505","21201155226",169.91032468949
"6506","21201155227",360.463160815401
"6507","21201155228",14.3508259229889
"6508","21201155229",78.5847535932412
"6509","21201155230",392.055338077341
"6510","21201155231",140.843006499087
"6511","21201155232",318.301062113545
"6512","21201155233",70.7864493900961
"6513","21201155234",518.167466285817
"6514","21201155235",135.513842676966
"6515","21201155236",290.000113031602
"6516","21201155237",287.817641317444
"6517","21201155238",376.617170515267
"6518","21201155239",307.621354524895
"6519","21201155240",233.551455206396
"6520","21201155241",126.935287203306
"6521","21201155242",228.120990404806
"6522","21201155243",327.931328696142
"6523","21201155244",591.515931419664
"6524","21201155245",313.504771065987
"6525","21201155246",0.332224723415647
"6526","21201155247",277.627676107233
"6527","21201155248",298.774776984
"6528","21201155249",487.028665658577
"6529","21201155250",326.726694160743
"6530","21201155251",633.408743264284
"6531","21201155252",913.583523445225
"6532","21201155253",842.118961833857
"6533","21201155254",126.768384532073
"6534","21202129301",573.623574190432
"6535","21202129302",836.077965445193
"6536","21202129303",1123.97847016864
"6537","21202129304",754.471396460684
"6538","21202129305",438.76812525435
"6539","21202129306",537.182103750097
"6540","21202129308",792.037056501164
"6541","21202129309",1416.50737192165
"6542","21202129310",3330.36649411688
"6543","21202129311",950.479535198289
"6544","21202129312",1074.49707651335
"6545","21202129313",2619.96777218048
"6546","21202129314",145.841763830511
"6547","21202129315",64.0918474694068
"6548","21202129316",485.090151002111
"6549","21202129317",721.278359123853
"6550","21202129318",664.241490013937
"6551","21202129319",2085.63324163529
"6552","21202129320",770.184001457657
"6553","21202129321",1066.55570991963
"6554","21202129323",320.128662441062
"6555","21202129324",536.202520538846
"6556","21202129325",734.659832186674
"6557","21202129326",1251.68841427581
"6558","21202129327",766.152362601831
"6559","21202129328",1232.91798726344
"6560","21202129329",673.067779868204
"6561","21202129331",479.691437587889
"6562","21202129332",951.5464498526
"6563","21202129333",490.139937929995
"6564","21202129334",944.671755467688
"6565","21202129335",17.8439808880505
"6566","21202129336",143.188301514095
"6567","21202129337",2.16489555619844
"6568","21202129338",1062.84187235803
"6569","21202129339",978.981104552087
"6570","21202129340",1519.48118250708
"6571","21202129341",666.337543894089
"6572","21202129342",228.889100608588
"6573","21202129343",1186.39580157178
"6574","21202129344",2056.10037685976
"6575","21202129345",3939.5071988454
"6576","21202129346",194.860253093614
"6577","21202129347",1131.40060239071
"6578","21202129348",3013.86787951063
"6579","21202129349",931.935826131602
"6580","21202129350",691.561672213486
"6581","21202129351",1065.67288804689
"6582","21202129352",1088.27578736208
"6583","21202129353",1474.53989022563
"6584","21202129354",516.050617274451
"6585","21202129355",167.419210386897
"6586","21202129356",318.262021918245
"6587","21202129357",452.087358755318
"6588","21202129501",1998.72371424836
"6589","21202129502",736.107047703198
"6590","21202129503",19.7159547585
"6591","21202129504",1036.30093699108
"6592","21202129505",826.393844519473
"6593","21202129506",1396.73848655271
"6594","21202129507",61.3257137749131
"6595","21202129508",998.852784305598
"6596","21202129509",972.509622296852
"6597","21202129510",374.110150860498
"6598","21202129511",1940.23293435106
"6599","21202129512",1688.19822340451
"6600","21202129513",553.327432937653
"6601","21202129514",2019.5122768152
"6602","21202129515",1662.44867743283
"6603","21202129516",1167.61758225965
"6604","21202129517",1695.0020965887
"6605","21202129518",1130.43932472232
"6606","21202129519",1546.69834169605
"6607","21202129520",1660.96654987271
"6608","21202129521",1221.45075488337
"6609","21202129522",2108.47419113589
"6610","21202129523",936.628368846851
"6611","21202129524",974.981718832289
"6612","21202129525",478.260437847622
"6613","21202129526",738.238137774983
"6614","21202129701",1344.93214590466
"6615","21202129702",981.457766564324
"6616","21202129703",91.8799621355012
"6617","21202129704",1199.67672454531
"6618","21202129705",554.350959194421
"6619","21202129706",509.297296137044
"6620","21202129707",258.421534992716
"6621","21202129708",1523.87226704582
"6622","21202129709",313.737585139921
"6623","21202129710",1246.60737373941
"6624","21202129711",1022.75219398408
"6625","21202129712",372.011616848168
"6626","21202129713",861.358704001874
"6627","21202129714",1286.8371726145
"6628","21202129715",561.756157427458
"6629","21202129716",686.438766595903
"6630","21202129717",995.691899793086
"6631","21202129718",701.451012884458
"6632","21202129719",732.629178725537
"6633","21202129720",629.259378899715
"6634","21202129721",1626.93248349961
"6635","21202129722",1475.62089002044
"6636","21202129723",1676.2620946194
"6637","21202129724",967.586114489796
"6638","21202129725",1257.57613546826
"6639","21202129726",373.113367422889
"6640","21202129901",7.23699804189958
"6641","21202129903",76.8930913460139
"6642","21202129904",55.4555091279953
"6643","21202129905",53.1367367576087
"6644","21202129906",191.895662422635
"6645","21202129908",2.46212765976676
"6646","21202129910",252.930783073115
"6647","21202129911",97.2938106953913
"6648","21202129913",103.094727617606
"6649","21202129914",367.202164397043
"6650","21202129915",375.33473235133
"6651","21202129916",217.446258224481
"6652","21202129917",153.434732722104
"6653","21202129920",89.949320391678
"6654","21202145301",1112.04761012741
"6655","21202145302",793.878035724796
"6656","21202145303",0.0514620944721881
"6657","21202145304",914.978545942939
"6658","21202145305",1306.27741418259
"6659","21202145306",242.153196958298
"6660","21202145307",1002.48966800717
"6661","21202145308",423.79990021492
"6662","21202145309",1317.55367818258
"6663","21202145310",803.246138187879
"6664","21202145311",75.3315761449857
"6665","21202145312",1087.9455246007
"6666","21202145313",208.308362130021
"6667","21202145314",1053.68185282914
"6668","21202145315",1090.3387452489
"6669","21202145316",961.78813805923
"6670","21202145317",1034.53969564265
"6671","21202145318",1280.71198599294
"6672","21202145319",1521.85833252454
"6673","21202145320",369.526034350108
"6674","21202145321",360.834611288128
"6675","21202145322",1153.98726853746
"6676","21202145323",1287.63038791872
"6677","21202145324",730.804113142503
"6678","21202145325",816.219715144342
"6679","21202145327",460.262623568832
"6680","21202145328",946.675685585728
"6681","21202145329",1570.17475216631
"6682","21202145330",1309.45258870426
"6683","21202145331",1324.896509159
"6684","21202145332",855.780583398037
"6685","21202145333",583.36485271777
"6686","21202145401",1217.45030251349
"6687","21202145402",1121.44063626806
"6688","21202145403",1360.8054542582
"6689","21202145404",1537.54731565631
"6690","21202145405",792.352371869959
"6691","21202145406",1186.89301986504
"6692","21202145407",581.681421274644
"6693","21202145408",1712.58642510879
"6694","21202145409",1417.42067588795
"6695","21202145410",1528.83279523078
"6696","21202145411",1262.3434986319
"6697","21202145412",1615.34535112843
"6698","21202145413",558.801045852493
"6699","21202145414",1923.64490352328
"6700","21202145415",716.324870773944
"6701","21202145416",335.92707127987
"6702","21202145417",389.687894359319
"6703","21202145418",1318.73439619017
"6704","21202145419",1981.71003581708
"6705","21202145420",1678.55012066525
"6706","21202145421",997.770587696382
"6707","21202145422",1573.59109306223
"6708","21202145423",1133.1201187656
"6709","21202145424",1811.40215776308
"6710","21202145425",972.985948794427
"6711","21202145426",2045.48467880606
"6712","21202145427",1260.03856753442
"6713","21202145428",750.013840752364
"6714","21202145429",1139.70342205665
"6715","21202145430",1118.41337628372
"6716","21202145431",1459.47638283483
"6717","21202145432",1420.93146266103
"6718","21202145433",983.731801327733
"6719","21202145434",937.562099409035
"6720","21202145435",1074.16988974043
"6721","21202145436",1301.79354613171
"6722","21202145501",573.887607135931
"6723","21202145502",660.298234489351
"6724","21202145503",40.822804741784
"6725","21202145504",961.839087965753
"6726","21202145505",595.251582754562
"6727","21202145506",1053.36973913845
"6728","21202145507",657.018472070848
"6729","21202145508",804.712036893319
"6730","21202145509",1320.44047975074
"6731","21202145510",124.939057047966
"6732","21202145511",113.699550802832
"6733","21202145512",778.188785529531
"6734","21202145513",612.202520751381
"6735","21202145514",819.121393172411
"6736","21202145515",1407.62511902401
"6737","21202145516",555.171450456656
"6738","21202145517",477.330241620487
"6739","21202145518",59.7328060306143
"6740","21202145519",134.089634998028
"6741","21202145520",51.736981924581
"6742","21202145521",1159.2760972915
"6743","21202145522",607.199937624211
"6744","21202145523",899.140997529106
"6745","21202145524",732.393776610688
"6746","21202145525",902.035731701345
"6747","21202145526",843.082973708205
"6748","21202145527",798.66926879045
"6749","21202145528",752.442129872211
"6750","21202145529",1023.00642340698
"6751","21202145530",446.413300006882
"6752","21202145531",373.673877929102
"6753","21202145532",1209.75543096558
"6754","21202145533",1212.0524388273
"6755","21202145534",1399.93525951341
"6756","21202145601",362.448160649311
"6757","21202145602",295.922719948773
"6758","21202145603",739.591356597913
"6759","21202145604",1051.23900265022
"6760","21202145605",46.3806450210968
"6761","21202145606",1166.89602448183
"6762","21202145607",1122.08346267074
"6763","21202145608",1522.02371796723
"6764","21202145609",1188.64571852938
"6765","21202145610",917.143109353769
"6766","21202145611",948.770517745223
"6767","21202145612",907.21803669715
"6768","21202145613",1597.36718591974
"6769","21202145614",1465.72229345499
"6770","21202145615",458.128395212698
"6771","21202145616",839.149340131408
"6772","21202145617",557.109706152329
"6773","21202145618",882.27593690943
"6774","21202145619",684.002706370562
"6775","21202145620",1382.03819073424
"6776","21202145621",1421.4116601155
"6777","21202145622",2135.04856320967
"6778","21202145623",906.606991245338
"6779","21202145624",2323.9209528456
"6780","21202145625",585.439762889773
"6781","21202145626",685.705367951574
"6782","21202145627",284.123732990681
"6783","21202145628",556.267918373229
"6784","21202145629",1094.18397795378
"6785","21202145630",982.936524072864
"6786","21202145631",764.270744644161
"6787","21202145632",154.750002931028
"6788","21202155301",842.490768105934
"6789","21202155302",1562.3738421584
"6790","21202155303",115.721750111976
"6791","21202155304",65.5893978740745
"6792","21202155305",500.288991612417
"6793","21202155306",1120.48663996017
"6794","21202155307",321.701538590879
"6795","21202155308",338.715973436559
"6796","21202155309",1781.74268214911
"6797","21202155310",596.636203072273
"6798","21202155311",991.066359823687
"6799","21202155312",278.302607301857
"6800","21202155313",1457.31107670968
"6801","21202155314",1531.26446227063
"6802","21202155315",296.918928377669
"6803","21202155316",372.389829399325
"6804","21202155317",803.084413161916
"6805","21202155318",756.240763661528
"6806","21202155319",1590.84062686423
"6807","21202155320",1202.62133643435
"6808","21202155321",345.605106805917
"6809","21202155322",82.6689492674188
"6810","21202155323",248.771796173461
"6811","21202155324",515.263019869128
"6812","21202155325",863.687901233217
"6813","21202155326",526.227281049877
"6814","21202155327",509.629042074693
"6815","21202155328",290.451058059999
"6816","21202155329",332.051720397156
"6817","21202155330",901.239087492448
"6818","21202155331",26.392088003185
"6819","21202155332",1427.99609185497
"6820","21202155333",402.414555734389
"6821","21202155334",1018.9436293212
"6822","21202155335",1302.27701513851
"6823","21202155336",269.866611732245
"6824","21202155337",643.614037477465
"6825","21202155338",571.108849703615
"6826","21202155339",284.829289356592
"6827","21202155401",746.176015437389
"6828","21202155402",283.540969182333
"6829","21202155403",160.345400669457
"6830","21202155405",1047.68158369079
"6831","21202155406",182.114773581261
"6832","21202155407",127.919106652622
"6833","21202155408",492.941575216821
"6834","21202155409",2054.27558598232
"6835","21202155410",342.487824593198
"6836","21202155411",549.426924914785
"6837","21202155412",451.874506673994
"6838","21202155413",532.375681449979
"6839","21202155414",1620.23694819069
"6840","21202155415",5.21902264249382
"6841","21202155416",138.702514839893
"6842","21202155417",394.617344143539
"6843","21202155418",327.151686479215
"6844","21202155419",1792.53778893233
"6845","21202155420",1809.11241645497
"6846","21202155421",998.043087479051
"6847","21202155422",0.0654906759570495
"6848","21202155423",2187.60235140244
"6849","21202155424",18.8490460653811
"6850","21202155425",376.69840154082
"6851","21203130001",530.136910431096
"6852","21203130002",2.05797948695169
"6853","21203130003",1219.93147615211
"6854","21203130004",114.101819879463
"6855","21203130005",1135.13136767721
"6856","21203130006",9.51897592357687
"6857","21203130007",1041.3421228825
"6858","21203130008",136.162585937733
"6859","21203130009",1035.05955065842
"6860","21203130010",602.28386120605
"6861","21203130013",25.4082996869963
"6862","21203130016",3404.23348210635
"6863","21203130017",3361.56690048011
"6864","21203130018",2023.0617249808
"6865","21203130019",583.296026930294
"6866","21203130021",2057.6769052653
"6867","21203130022",0.0353800051083096
"6868","21203130023",1001.69158849581
"6869","21203130024",5809.40993719591
"6870","21203130025",4522.22451569015
"6871","21203130026",856.640680400768
"6872","21203130027",973.888968411977
"6873","21203130028",149.993189886864
"6874","21203130029",691.118535068514
"6875","21203130030",19.8694843549403
"6876","21203130031",4790.43417191386
"6877","21203130032",2265.17503735427
"6878","21203130033",1291.3064637033
"6879","21203130034",875.710538391175
"6880","21203130035",722.467661298845
"6881","21203130036",162.050757835403
"6882","21203130037",37.6828750822666
"6883","21203130038",998.959204041432
"6884","21203130039",1187.07026537147
"6885","21203130040",6464.62015005238
"6886","21203130041",80.0681956226872
"6887","21203130042",73.1782105739054
"6888","21203130043",3.72434582151344
"6889","21203130044",355.192558504682
"6890","21203130045",2871.41817925947
"6891","21203130046",952.697368465432
"6892","21203130047",802.3228387524
"6893","21203130048",7.43180832446891
"6894","21203130049",69.4267740388291
"6895","21203130050",663.475260613662
"6896","21203130051",821.088310516947
"6897","21203130052",67.5252822505138
"6898","21203130054",1050.92187637365
"6899","21203130055",1060.08837527197
"6900","21203130056",1948.70334334222
"6901","21203130301",14.7811566877952
"6902","21203130302",128.471422938766
"6903","21203130303",4.95106027333781
"6904","21203130305",49.7389984890427
"6905","21203130306",10.3336896842372
"6906","21203130307",3.81609256492875
"6907","21203130308",0.465001633822488
"6908","21203130309",110.548032782284
"6909","21203130311",0.956951874382559
"6910","21203130312",9.487057414601
"6911","21203130313",106.080735228477
"6912","21203130316",373.999383069172
"6913","21203130317",175.171268119223
"6914","21203130318",475.428981953881
"6915","21203130320",11.0468763109443
"6916","21203130321",65.9536495771948
"6917","21203130322",12.8356232789251
"6918","21203130323",761.431527689741
"6919","21203130324",693.971404370793
"6920","21203130325",438.78265389566
"6921","21203130326",56.1960979037509
"6922","21203130327",431.373967281623
"6923","21203130328",9.32548065786638
"6924","21203130329",359.960004825705
"6925","21203130330",57.5812679309301
"6926","21203130331",970.149206084008
"6927","21203130332",124.014297607761
"6928","21203130334",486.697115495392
"6929","21203130335",0.612536138275271
"6930","21203130337",17.0039801010694
"6931","21203130339",2.24021650679855
"6932","21203130341",29.0871904336465
"6933","21203130342",828.774529532919
"6934","21203130343",272.653436012767
"6935","21203130344",26.2841354787206
"6936","21203130345",128.57523614929
"6937","21203130346",764.792146856576
"6938","21203130347",19.0179302612286
"6939","21203130348",1099.34411727883
"6940","21203130349",403.070867591846
"6941","21203130351",160.73699707487
"6942","21203130353",530.024439001233
"6943","21203130354",0.770782042060121
"6944","21203130355",541.254756985759
"6945","21203130401",453.374813125444
"6946","21203130402",414.974804490856
"6947","21203130403",449.835897373132
"6948","21203130404",757.142851039397
"6949","21203130405",180.647685583077
"6950","21203130406",1136.66641379073
"6951","21203130407",1009.09427020725
"6952","21203130408",1445.68511717973
"6953","21203130412",518.460879798919
"6954","21203130413",793.399450894865
"6955","21203130414",583.725418998772
"6956","21203130416",264.294648500778
"6957","21203130417",796.435252334747
"6958","21203130418",285.149614020396
"6959","21203130419",414.346276251641
"6960","21203130420",315.297832984262
"6961","21203130421",422.668751877599
"6962","21203130422",122.119137437115
"6963","21203130423",574.075411033141
"6964","21203130427",730.494551672011
"6965","21203130428",22.7083449032533
"6966","21203130429",32.31137542444
"6967","21203130431",128.374648762501
"6968","21203130432",496.062379017363
"6969","21203130434",647.661116693611
"6970","21203130445",1325.07342056022
"6971","21203130446",631.402726381225
"6972","21203130447",597.595141191397
"6973","21203130448",412.877669210618
"6974","21203130449",345.835996661079
"6975","21203130450",802.342491395038
"6976","21203130451",121.376998164189
"6977","21203130452",586.324376397708
"6978","21203130454",910.896119153811
"6979","21203130455",10.6396175513411
"6980","21203130456",259.344155442796
"6981","21203130457",332.859459152597
"6982","21203130458",307.620603412395
"6983","21203130459",397.10330790703
"6984","21203130461",404.709134779035
"6985","21203130463",445.618613138469
"6986","21203130464",410.406308521598
"6987","21203130465",349.216385077397
"6988","21203130602",232.755637504678
"6989","21203130603",1152.2042004499
"6990","21203130605",884.29344252242
"6991","21203130606",283.178806442924
"6992","21203130607",678.044387936897
"6993","21203130608",272.29451465357
"6994","21203130609",202.289855113937
"6995","21203130611",922.419768088587
"6996","21203130612",1377.91748098541
"6997","21203130614",391.982870708731
"6998","21203130615",31.7750754295371
"6999","21203130616",718.006545100069
"7000","21203130617",123.030729759724
"7001","21203130618",835.198374375441
"7002","21203130619",283.374000724262
"7003","21203130620",724.768008390995
"7004","21203130621",238.764577490019
"7005","21203130622",296.29690922568
"7006","21203130623",129.299219699325
"7007","21203130624",848.121518144701
"7008","21203130627",545.190287609455
"7009","21203130628",835.948560483129
"7010","21203130630",419.149286593154
"7011","21203130632",446.121886184936
"7012","21203130633",364.255245131939
"7013","21203130634",177.748774640291
"7014","21203130635",619.992508842075
"7015","21203130636",1377.38442759235
"7016","21203130637",253.592275881345
"7017","21203130638",627.917271031461
"7018","21203130639",494.176025622054
"7019","21203130641",1134.09849635266
"7020","21203130642",224.181206335444
"7021","21203130643",99.7568998073268
"7022","21203130801",92.3376681939958
"7023","21203130802",93.5933173833851
"7024","21203130803",343.359758513733
"7025","21203130804",365.222453053527
"7026","21203130805",319.035728436317
"7027","21203130806",259.563153669097
"7028","21203130807",0.793699131047316
"7029","21203130808",52.6210185662466
"7030","21203130809",7.73013344298018
"7031","21203130810",65.4670586658458
"7032","21203130811",32.1544349988869
"7033","21203130812",21.2984229374769
"7034","21203130813",106.973339443353
"7035","21203130814",7.56771294424682
"7036","21203130815",25.9685254663014
"7037","21203130817",37.2778170008295
"7038","21203130818",0.841512558356706
"7039","21203130819",2.73435274517802
"7040","21203130820",19.5160937668527
"7041","21203130821",23.2007182350505
"7042","21203130822",58.6344207706545
"7043","21203145701",2193.35852228625
"7044","21203145702",422.664156846992
"7045","21203145703",379.914677869574
"7046","21203145704",760.142895505117
"7047","21203145705",503.701545941492
"7048","21203145706",175.450992611451
"7049","21203145707",88.9198220978047
"7050","21203145708",58.2843035239929
"7051","21203145709",1187.02461305994
"7052","21203145710",406.106946942797
"7053","21203145711",886.379146657685
"7054","21203145712",461.137478079261
"7055","21203145713",1336.61978247281
"7056","21203145714",639.476202827309
"7057","21203145715",720.123083626945
"7058","21203145716",2659.04090420346
"7059","21203145717",194.094088166628
"7060","21203145718",2037.87068493856
"7061","21203145719",588.194654012792
"7062","21203145720",1215.93556360509
"7063","21203145721",320.798980129391
"7064","21203145722",509.409149282357
"7065","21203145723",517.557960614552
"7066","21203145724",1760.41859129897
"7067","21203145725",277.575534090285
"7068","21203145726",1579.36743006211
"7069","21203145727",670.925311917369
"7070","21203145728",620.560978209608
"7071","21203145729",262.017549670809
"7072","21203145730",536.797374540514
"7073","21203145731",477.056615678082
"7074","21203145801",350.538345584835
"7075","21203145802",1431.93320305336
"7076","21203145803",2101.7073929965
"7077","21203145804",652.125351230392
"7078","21203145805",1363.7350387223
"7079","21203145806",103.219056158709
"7080","21203145807",827.758640999651
"7081","21203145808",921.380589737809
"7082","21203145809",675.860326536746
"7083","21203145810",1061.43960872339
"7084","21203145811",1280.77138645674
"7085","21203145812",824.549697005082
"7086","21203145813",204.632814260815
"7087","21203145814",569.149965869275
"7088","21203145815",1902.01557441785
"7089","21203145816",628.056962261247
"7090","21203145817",1159.52153423978
"7091","21203145818",507.518428903965
"7092","21203145819",374.776609119119
"7093","21203145820",1430.1928374949
"7094","21203145821",795.21522959619
"7095","21203145822",94.8933108566489
"7096","21203145823",789.417586906841
"7097","21203145824",1943.05607475856
"7098","21203145825",1707.73555000976
"7099","21203145826",895.63114612023
"7100","21203145827",1833.89501622428
"7101","21203145828",770.441024021462
"7102","21203145829",1356.47493846658
"7103","21203145830",41.5620474254974
"7104","21203145831",88.0999772068495
"7105","21203145832",2570.54303277399
"7106","21203145833",490.864231118165
"7107","21203145834",2214.92476626828
"7108","21203145835",1210.35299186055
"7109","21203145836",986.431557085891
"7110","21203145837",382.661618149316
"7111","21203155501",297.795938942719
"7112","21203155502",384.571204229053
"7113","21203155503",16.5971419078834
"7114","21203155504",145.525172712362
"7115","21203155505",0.223190704162316
"7116","21203155506",4.46321145158064
"7117","21203155507",833.56913408688
"7118","21203155508",176.106183829982
"7119","21203155509",105.536612994448
"7120","21203155510",406.834835900825
"7121","21203155511",546.181291041283
"7122","21203155512",513.005212772872
"7123","21203155513",494.605974951256
"7124","21203155514",8.63282317631871
"7125","21203155515",887.237654068017
"7126","21203155516",163.141742083007
"7127","21203155517",54.3556897502008
"7128","21203155518",443.539020259426
"7129","21203155519",186.431637161754
"7130","21203155520",301.382935539813
"7131","21203155521",67.095517050288
"7132","21203155522",127.291945895419
"7133","21203155523",504.81023732806
"7134","21203155524",389.661840079938
"7135","21203155601",151.374848949997
"7136","21203155602",1175.4680738556
"7137","21203155603",143.202757726446
"7138","21203155604",62.4973293123365
"7139","21203155605",49.7714243926418
"7140","21203155606",106.428596222254
"7141","21203155607",1.08795342147637
"7142","21203155608",146.760041264975
"7143","21203155609",429.330315591158
"7144","21203155610",827.892686897643
"7145","21203155611",1179.54195667226
"7146","21203155612",692.705460756982
"7147","21203155613",375.881977612753
"7148","21203155614",730.989347336068
"7149","21203155615",44.4291557019598
"7150","21203155616",428.766008928004
"7151","21203155617",200.544472099469
"7152","21203155618",251.31864495502
"7153","21203155619",629.775833778905
"7154","21203155620",82.5012789655251
"7155","21203155621",677.340476559002
"7156","21203155622",470.351778517747
"7157","21203155623",462.081348475654
"7158","21203155624",662.919796631099
"7159","21203155625",360.871186912133
"7160","21203155626",864.907570293757
"7161","21203155627",34.5598241951745
"7162","21203155628",1246.20410404268
"7163","21203155629",535.162071432045
"7164","21203155630",1082.07877125558
"7165","21203155631",0.709050039473325
"7166","21203155632",116.487608249732
"7167","21203155633",1105.7283592907
"7168","21203155634",514.21616563172
"7169","21203155635",1496.25061743663
"7170","21203155636",1.7137935602805
"7171","21203155637",558.756774132925
"7172","21203155638",305.850382500933
"7173","21203155701",1072.86168964369
"7174","21203155702",17.5955774201143
"7175","21203155703",601.653186659396
"7176","21203155704",653.568607699538
"7177","21203155705",790.159629959963
"7178","21203155706",1011.79784949381
"7179","21203155707",98.7653485843411
"7180","21203155708",1271.21875513251
"7181","21203155709",808.383035611912
"7182","21203155710",1114.5306908765
"7183","21203155711",393.266021344017
"7184","21203155712",258.266702690525
"7185","21203155713",875.775797745538
"7186","21203155714",624.345790767407
"7187","21203155715",658.955295772498
"7188","21203155716",1053.78607217244
"7189","21203155717",569.582933337606
"7190","21203155718",1703.48472327875
"7191","21203155719",1104.3747071362
"7192","21203155720",1074.62569329004
"7193","21203155721",51.2028894445153
"7194","21203155722",662.381981984781
"7195","21203155723",179.370778258272
"7196","21203155724",214.401623261899
"7197","21203155725",998.156758809097
"7198","21203155726",881.462974377545
"7199","21203155727",1331.80692569657
"7200","21203155728",941.070109715876
"7201","21203155729",1714.01578862879
"7202","21203155730",927.251818803841
"7203","21203155731",498.666353891053
"7204","21203155732",652.742598640245
"7205","21203155734",2208.05878124372
"7206","21203155735",824.856659593897
"7207","21203155736",672.658605289838
"7208","21203155737",2203.87826278785
"7209","21203155738",1555.70214045834
"7210","21203155739",775.073956243676
"7211","21203155740",777.616335367708
"7212","21203155741",965.677325059651
"7213","21203155742",1652.25140655824
"7214","21203155743",37.6712127232392
"7215","21203155744",759.663902592486
"7216","21203155801",232.098954033529
"7217","21203155803",509.566250957047
"7218","21203155805",5.88935905011641
"7219","21203155807",32.285902849858
"7220","21203155809",762.930168321322
"7221","21203155810",3.71277355393697
"7222","21203155812",0.537320778317505
"7223","21203155813",5.73604274306315
"7224","21203155814",97.6355640350977
"7225","21203155815",3.86559773300939
"7226","21203155818",416.122166278368
"7227","21203155820",13.2020521552941
"7228","21203155821",424.861603675805
"7229","21203155823",60.3541539163779
"7230","21203155824",73.4709552895199
"7231","21203155826",35.1500029678978
"7232","21203155827",502.039793280887
"7233","21203155901",291.852371856276
"7234","21203155902",453.828392282262
"7235","21203155903",181.214382450631
"7236","21203155904",385.009703890049
"7237","21203155905",332.560710090114
"7238","21203155906",255.444830374486
"7239","21203155907",672.452377405284
"7240","21203155908",346.081889740407
"7241","21203155909",774.25393484316
"7242","21203155910",540.014646379887
"7243","21203155911",804.290138216081
"7244","21203155912",618.8914350966
"7245","21203155913",569.838805923002
"7246","21203155914",503.229143465143
"7247","21203155915",246.421774748738
"7248","21203155916",652.145856504009
"7249","21203155917",114.642745249422
"7250","21203155918",487.719113235245
"7251","21203155919",851.96204004436
"7252","21203155920",521.747208275614
"7253","21203155921",505.344007747324
"7254","21203155922",158.746885381446
"7255","21203155923",1231.64692522619
"7256","21203155924",587.786645429409
"7257","21203155925",364.335121057161
"7258","21203156001",845.118968383979
"7259","21203156002",1850.59128523602
"7260","21203156003",1165.51174625499
"7261","21203156004",811.8811085885
"7262","21203156005",1629.03616710584
"7263","21203156006",1647.7126558012
"7264","21203156007",1212.70917710301
"7265","21203156009",1368.40019864218
"7266","21203156010",1680.50937387963
"7267","21203156011",1226.39955090951
"7268","21203156012",842.755464572351
"7269","21203156013",1457.82382586871
"7270","21203156014",1068.14563382393
"7271","21203156015",1583.45914002049
"7272","21203156016",183.954263633423
"7273","21203156017",1379.65774965972
"7274","21203156018",1633.87443004405
"7275","21203156019",490.236597133468
"7276","21203156020",438.924562537518
"7277","21203156021",604.811489523324
"7278","21203156022",428.111216859878
"7279","21203156023",972.971102765551
"7280","21203156024",744.440054931489
"7281","21203156025",185.965656109773
"7282","21203156026",913.153781444918
"7283","21203156027",1086.94052476109
"7284","21203156028",97.2831185090174
"7285","21203156029",867.228836742371
"7286","21203156101",1877.60739337138
"7287","21203156102",827.333634999267
"7288","21203156103",2811.85543327482
"7289","21203156104",1132.13061239253
"7290","21203156105",874.438017591445
"7291","21203156106",1035.71769883311
"7292","21203156107",1013.75771908953
"7293","21203156108",1954.80456266175
"7294","21203156109",1042.05130998095
"7295","21203156110",1179.71563408631
"7296","21203156111",756.958547314272
"7297","21203156112",787.853461916087
"7298","21203156113",1363.75864965958
"7299","21203156114",2036.0956475338
"7300","21203156115",3145.06076470793
"7301","21203156116",695.392791454104
"7302","21203156117",2022.7373750825
"7303","21203156118",342.063709649524
"7304","21203156119",747.464143967037
"7305","21203156120",81.8163547809049
"7306","21203156121",716.383724023377
"7307","21203156122",1074.89720526041
"7308","21203156123",789.197686520298
"7309","21203156124",1129.6537901138
"7310","21203156125",762.627252932717
"7311","21203156126",580.71749737211
"7312","21203156127",399.627261160071
"7313","21203156128",575.268271463267
"7314","21203156201",400.084652191222
"7315","21203156202",713.753745819936
"7316","21203156203",161.030040688709
"7317","21203156204",2355.22369665391
"7318","21203156205",2528.22325083542
"7319","21203156206",414.012835175771
"7320","21203156207",3551.7750805451
"7321","21203156208",206.314895909603
"7322","21203156209",124.510717737945
"7323","21203156210",596.111441213577
"7324","21203156211",1454.47050370102
"7325","21203156212",384.803479540254
"7326","21203156213",410.21137426758
"7327","21203156214",795.09015306744
"7328","21203156215",1513.34679988886
"7329","21203156216",2672.18453734722
"7330","21203156217",1064.34402618212
"7331","21203156218",1621.17848254065
"7332","21203156219",2107.3064276381
"7333","21203156220",275.409805605654
"7334","21203156221",605.140979135115
"7335","21203156222",2128.10908361356
"7336","21203156223",1486.68178583448
"7337","21203156224",3179.08550521958
"7338","21203156225",2019.38326619014
"7339","21203156226",2042.29521376445
"7340","21203156227",1002.61370936549
"7341","21204130901",2004.3233433064
"7342","21204130902",2426.11685581734
"7343","21204130903",769.291385761557
"7344","21204130904",3441.78697114282
"7345","21204130905",168.753594898548
"7346","21204130906",646.641383303213
"7347","21204130907",1686.77826995826
"7348","21204130908",738.44684984414
"7349","21204130909",1495.6630713716
"7350","21204130910",1060.78801183451
"7351","21204130911",593.70556604131
"7352","21204130912",1016.87447529369
"7353","21204130913",290.014853493836
"7354","21204130914",787.937740951055
"7355","21204130915",672.91864333971
"7356","21204130916",1763.62195283605
"7357","21204130917",950.842214328874
"7358","21204130918",1613.96697782665
"7359","21204130919",1529.21668727681
"7360","21204130920",795.142222751419
"7361","21204130921",347.714758481999
"7362","21204130922",1559.74490919027
"7363","21204130923",1878.81525300401
"7364","21204130924",831.482062758189
"7365","21204130925",1526.55928530168
"7366","21204130926",3019.46756446852
"7367","21204130927",852.439015817385
"7368","21204130928",1704.16248202161
"7369","21204130929",4278.03557437415
"7370","21204130930",1137.75058031098
"7371","21204130931",1019.72636155262
"7372","21204130932",797.58343172343
"7373","21204131001",1000.66978967467
"7374","21204131002",4553.15194455024
"7375","21204131003",3956.38920873194
"7376","21204131004",1102.97044220912
"7377","21204131005",1360.51976498294
"7378","21204131006",465.155238380137
"7379","21204131007",1783.47860567082
"7380","21204131008",1060.66278966911
"7381","21204131009",903.368844626186
"7382","21204131010",1116.34344409557
"7383","21204131011",1103.11807870869
"7384","21204131012",1742.66265421672
"7385","21204131013",1914.59257941996
"7386","21204131014",1836.40738414364
"7387","21204131015",2060.93564385779
"7388","21204131016",1560.18620263164
"7389","21204131017",1316.54904049456
"7390","21204131018",1717.05170781344
"7391","21204131019",717.523288239192
"7392","21204131020",552.829405349047
"7393","21204131021",236.185632065236
"7394","21204131022",424.223728316822
"7395","21204131023",346.873976678052
"7396","21204131024",451.878274701673
"7397","21204131025",539.465700288411
"7398","21204131026",933.516552420369
"7399","21204131027",381.538243004973
"7400","21204131028",1705.52247580849
"7401","21204131029",2416.82151717017
"7402","21204131030",976.294675497036
"7403","21204131201",2291.32060289594
"7404","21204131202",911.10072821861
"7405","21204131203",1125.33849772956
"7406","21204131204",629.820744028372
"7407","21204131205",775.396729060884
"7408","21204131206",914.046771192985
"7409","21204131207",420.990633314738
"7410","21204131208",463.050762376842
"7411","21204131209",1013.96775524371
"7412","21204131210",1197.11875954923
"7413","21204131211",684.042017503716
"7414","21204131212",547.537113379465
"7415","21204131213",1058.67772066997
"7416","21204131214",808.511075960832
"7417","21204131215",493.479998189462
"7418","21204131216",661.658835963548
"7419","21204131217",749.566251234382
"7420","21204131218",954.700393645232
"7421","21204131219",1076.01214446222
"7422","21204131220",1063.15781667701
"7423","21204131221",1850.187495485
"7424","21204131222",2054.04329268724
"7425","21204131223",1064.61486695882
"7426","21204131224",2369.51920238754
"7427","21204131225",1948.60197541479
"7428","21204131226",2732.2371321776
"7429","21204131227",1855.69122704033
"7430","21204131228",1630.83394057851
"7431","21204131229",2076.62197109478
"7432","21204131230",1777.03731345204
"7433","21204131231",1168.41408942971
"7434","21204131232",1142.33020919949
"7435","21204131233",953.991754289345
"7436","21204131234",524.644796518966
"7437","21204131235",491.844278034616
"7438","21204131236",807.088056044514
"7439","21204131237",956.764414504842
"7440","21204131238",888.707633368142
"7441","21204131239",1413.52476144795
"7442","21204131240",502.178515697246
"7443","21204131241",974.411292503792
"7444","21204131242",254.444036215026
"7445","21204131243",416.977930523749
"7446","21204131244",378.304914445826
"7447","21204131245",458.162049671409
"7448","21204131246",240.125302179828
"7449","21204131247",1135.91317935535
"7450","21204131248",707.097822997277
"7451","21204131249",468.487214446806
"7452","21204131250",713.740632173483
"7453","21204131251",706.888301400724
"7454","21204131252",1286.11079664944
"7455","21204131253",2100.03373603594
"7456","21204131254",1714.05146288653
"7457","21204131255",835.098391978248
"7458","21204131301",2253.04002261985
"7459","21204131302",448.261834088671
"7460","21204131303",418.211207935065
"7461","21204131304",224.074004657795
"7462","21204131305",216.049240565523
"7463","21204131306",2024.65598913189
"7464","21204131307",174.507111916873
"7465","21204131308",2139.24986727386
"7466","21204131309",202.836044673098
"7467","21204131310",880.533163800144
"7468","21204131311",232.998467866366
"7469","21204131312",983.555282678979
"7470","21204131313",133.221617166175
"7471","21204131314",859.128519817699
"7472","21204131315",682.614204358916
"7473","21204131316",294.018012338548
"7474","21204131317",1368.20198258883
"7475","21204131318",726.327048936345
"7476","21204131319",1952.96080259021
"7477","21204131320",2097.56398487236
"7478","21204131321",1922.46446470336
"7479","21204131322",961.556304146269
"7480","21204131323",655.267290647387
"7481","21204131324",835.788259340832
"7482","21204131325",2047.08661830215
"7483","21204131601",531.435755952492
"7484","21204131602",311.373197685281
"7485","21204131603",597.33928496009
"7486","21204131604",748.503667485072
"7487","21204131605",921.771876046789
"7488","21204131606",1565.77324950891
"7489","21204131607",786.092521108588
"7490","21204131608",640.534287868604
"7491","21204131609",634.749691921701
"7492","21204131610",629.607355340522
"7493","21204131611",403.715264368084
"7494","21204131612",385.985250434449
"7495","21204131613",513.358155226832
"7496","21204131614",653.769315717524
"7497","21204131615",2068.94629988711
"7498","21204131616",910.92653492718
"7499","21204131617",800.67395426132
"7500","21204131618",317.770478021625
"7501","21204131701",2868.02851128053
"7502","21204131702",959.789577728984
"7503","21204131703",2301.38385466265
"7504","21204131704",2301.84730807282
"7505","21204131705",868.999149556815
"7506","21204131706",1483.61981616892
"7507","21204131707",330.706653961482
"7508","21204131709",3257.13838740909
"7509","21204131710",697.933264095998
"7510","21204131711",613.690205662545
"7511","21204131712",609.136366523238
"7512","21204131713",2365.01030956332
"7513","21204131714",1355.59950211326
"7514","21204131715",722.843461997894
"7515","21204131716",277.850997515952
"7516","21204131717",718.991629568556
"7517","21204131718",1033.06925364594
"7518","21204131719",378.059825612962
"7519","21204131720",2219.80691165693
"7520","21204131721",931.423633973979
"7521","21204131722",341.739822294889
"7522","21204131723",2072.47232520059
"7523","21204131724",2277.54647635231
"7524","21204131725",1410.65659195559
"7525","21204131726",95.2922427776444
"7526","21204131727",892.001282896211
"7527","21204131728",486.271871066164
"7528","21204131729",461.937856200758
"7529","21204131730",2121.24030221486
"7530","21204131731",573.348990959068
"7531","21204131732",77.6948096582012
"7532","21204131733",66.4363739146417
"7533","21204131734",1895.03628367269
"7534","21204131735",16.9040531956784
"7535","21204131736",1719.49162051213
"7536","21204131737",0.465292473640625
"7537","21204131738",2016.84142899272
"7538","21204131739",2955.83950792982
"7539","21204131740",580.527229983641
"7540","21204131741",337.347095084405
"7541","21204131742",472.83170019151
"7542","21204131743",1797.81535858978
"7543","21204131744",959.093185495039
"7544","21204131745",2964.58822938974
"7545","21204131746",1644.86675564749
"7546","21204131747",2468.74012389205
"7547","21204131748",617.626029636892
"7548","21204131749",207.311783709789
"7549","21204131750",556.862076129736
"7550","21204131751",656.124627261525
"7551","21204131801",1628.15735945289
"7552","21204131802",892.835583706542
"7553","21204131803",513.006558386992
"7554","21204131804",1160.19662710006
"7555","21204131805",976.266543158044
"7556","21204131806",1071.74969739463
"7557","21204131807",1343.82463611234
"7558","21204131808",1823.15203706939
"7559","21204131809",1645.39146249501
"7560","21204131810",268.984913744816
"7561","21204131811",400.994687014038
"7562","21204131812",1170.19375737887
"7563","21204131813",453.330095179472
"7564","21204131814",641.899939120421
"7565","21204131815",1505.49755643208
"7566","21204131816",1936.8441982642
"7567","21204131817",425.016216115836
"7568","21204131818",1761.79794925483
"7569","21204131819",381.873117907501
"7570","21204131820",486.616113980111
"7571","21204131821",1539.14091453868
"7572","21204131822",429.814102493479
"7573","21204131823",149.481032089946
"7574","21204131824",354.645787976134
"7575","21204131825",479.580999956481
"7576","21204131826",724.273855939876
"7577","21204145901",494.981170440681
"7578","21204145902",368.973099401063
"7579","21204145904",128.215291338677
"7580","21204145905",0.0845354927945118
"7581","21204145906",325.590905679004
"7582","21204145907",435.115805893002
"7583","21204145908",420.257899334453
"7584","21204145909",1067.83967000867
"7585","21204145910",300.188165973993
"7586","21204145911",428.539878135197
"7587","21204145912",435.642876293964
"7588","21204145913",1001.04403018169
"7589","21204145914",724.789742943125
"7590","21204145915",2.45888084048539
"7591","21204145916",919.548111980653
"7592","21204145917",352.105249341068
"7593","21204145918",585.617665445603
"7594","21204145919",408.713766401214
"7595","21204145920",851.441225837286
"7596","21204145921",655.851812175581
"7597","21204145922",39.2943139384872
"7598","21204145923",562.666688793867
"7599","21204146001",922.11137628471
"7600","21204146002",404.195436513119
"7601","21204146003",983.071629195334
"7602","21204146004",1899.10309176032
"7603","21204146005",868.780312888117
"7604","21204146006",751.962210996179
"7605","21204146007",1525.66987572671
"7606","21204146008",946.634697803908
"7607","21204146009",467.202159015028
"7608","21204146010",267.208318770955
"7609","21204146011",884.358594535367
"7610","21204146012",403.758420468889
"7611","21204146013",1753.77436305016
"7612","21204146014",701.279769904114
"7613","21204146015",1115.2006476975
"7614","21204146016",751.598861420894
"7615","21204146017",1532.44505387533
"7616","21204146018",776.634632467722
"7617","21204146019",1075.33360514217
"7618","21204146020",1496.29050956596
"7619","21204146021",1406.82566001044
"7620","21204146022",1388.38463164018
"7621","21204146023",2003.83261055752
"7622","21204146024",907.667316665562
"7623","21204146025",1181.07708238506
"7624","21204146026",140.251028185654
"7625","21204146027",1605.44054862527
"7626","21204146028",1815.00290502656
"7627","21204146029",746.06271941167
"7628","21204146030",927.822425327674
"7629","21204146031",379.248426403774
"7630","21204146032",1761.1969352579
"7631","21204146033",1033.05173657019
"7632","21204146034",163.477839354436
"7633","21204146035",781.466179192897
"7634","21204156301",2641.31411733019
"7635","21204156302",1390.57374226661
"7636","21204156303",2175.837573129
"7637","21204156304",2259.19943874853
"7638","21204156305",2643.86051837489
"7639","21204156306",1192.6125059626
"7640","21204156307",2841.76805924998
"7641","21204156308",2109.04661678345
"7642","21204156309",752.473499774682
"7643","21204156310",1260.00168460027
"7644","21204156311",2917.73906368119
"7645","21204156312",2004.84633453743
"7646","21204156313",1980.10610086887
"7647","21204156314",6689.01877753776
"7648","21204156315",2998.4455021812
"7649","21204156316",2865.30356156989
"7650","21204156317",1987.44878899707
"7651","21204156318",131.376789019081
"7652","21204156319",857.543495040773
"7653","21204156320",1615.66414322782
"7654","21204156321",1928.3304239873
"7655","21204156322",2166.53621559745
"7656","21204156323",3612.68687987749
"7657","21204156324",3770.51120366149
"7658","21204156325",2414.28733521013
"7659","21204156326",2657.9283928975
"7660","21204156327",3433.68578419514
"7661","21204156328",1396.45649678935
"7662","21204156329",2298.64367792138
"7663","21204156330",2451.39581125897
"7664","21204156331",3189.08031874746
"7665","21204156332",1448.49827026596
"7666","21204156333",258.090037634301
"7667","21204156334",1938.18116249105
"7668","21204156335",4076.70662221982
"7669","21204156336",6622.11115525373
"7670","21204156337",2844.33515851754
"7671","21204156338",1145.51747957638
"7672","21204156339",4399.96340846377
"7673","21204156340",2707.41836414951
"7674","21204156341",1657.09973375364
"7675","21204156342",1680.80184096248
"7676","21204156343",1579.25386341437
"7677","21204156344",1325.30048677991
"7678","21204156345",3713.4053549257
"7679","21204156346",2253.53223466374
"7680","21204156347",363.04106703877
"7681","21204156348",5161.35310921186
"7682","21204156401",1703.65310452797
"7683","21204156402",4005.79629818055
"7684","21204156403",1910.00141620573
"7685","21204156404",2273.5304435882
"7686","21204156405",73.0198886624747
"7687","21204156406",3136.2074808617
"7688","21204156407",1188.72216008385
"7689","21204156408",2180.90329349511
"7690","21204156409",1438.16345679386
"7691","21204156410",602.292504241509
"7692","21204156411",333.070040282672
"7693","21204156412",36.6582900779418
"7694","21204156413",2835.80276571359
"7695","21204156414",16.3244740724021
"7696","21204156415",1.79894699158635
"7697","21204156416",1538.74332808958
"7698","21204156417",1581.22596253079
"7699","21204156418",384.036451924905
"7700","21204156419",1168.39473619401
"7701","21204156420",1362.29297327458
"7702","21204156501",1682.19960995814
"7703","21204156502",790.897908656594
"7704","21204156503",3024.55331700667
"7705","21204156504",3529.59627298634
"7706","21204156505",935.644387691315
"7707","21204156506",453.715938371348
"7708","21204156507",1323.91604588279
"7709","21204156508",1659.10270028679
"7710","21204156509",769.605438373552
"7711","21204156510",1369.77833511628
"7712","21204156511",692.491803328682
"7713","21204156512",2136.63365786367
"7714","21204156513",1668.47628711834
"7715","21204156514",1071.24904645227
"7716","21204156515",948.686415978079
"7717","21204156516",489.542406230767
"7718","21204156517",1514.27721103213
"7719","21204156518",202.210330199684
"7720","21204156519",2360.73315463002
"7721","21204156520",1169.86333863045
"7722","21204156521",2289.3953217272
"7723","21204156522",352.25479595655
"7724","21204156523",1610.96612697153
"7725","21204156524",3170.33241939576
"7726","21204156525",1433.32004624443
"7727","21204156526",655.390411270185
"7728","21204156527",3266.76284257214
"7729","21204156528",618.007371692793
"7730","21204156529",2115.12118770465
"7731","21204156530",1519.92417363833
"7732","21204156531",537.482131790044
"7733","21204156532",2174.2606654771
"7734","21204156533",2178.45613840719
"7735","21204156534",517.543632720256
"7736","21204156535",1125.90162374082
"7737","21204156536",1734.9722824319
"7738","21204156537",932.901081731819
"7739","21204156538",39.9265697033644
"7740","21204156539",1554.89600629537
"7741","21204156602",246.682404275363
"7742","21204156603",236.608921726415
"7743","21204156604",936.120709045757
"7744","21204156605",750.378589290568
"7745","21204156606",1275.7679693932
"7746","21204156607",474.442870927134
"7747","21204156608",805.812284717707
"7748","21204156609",48.056184275015
"7749","21204156610",1111.35348674835
"7750","21204156611",146.653876410709
"7751","21204156612",232.22099272408
"7752","21204156613",703.895729431777
"7753","21204156614",1374.18358442925
"7754","21204156615",358.647360302134
"7755","21204156616",58.042877425456
"7756","21204156617",588.596324807311
"7757","21204156618",569.448892805129
"7758","21204156619",1165.27641292867
"7759","21204156620",864.061987685872
"7760","21204156621",444.07299461211
"7761","21204156622",661.639465164721
"7762","21204156623",932.937594396458
"7763","21204156624",395.760850562225
"7764","21204156625",630.680329024336
"7765","21204156626",1166.14715493566
"7766","21204156627",680.663928883593
"7767","21204156628",1151.15037528556
"7768","21205131901",1654.04372423617
"7769","21205131902",1831.37869312258
"7770","21205131903",2225.85954864038
"7771","21205131904",562.440392543758
"7772","21205131905",283.183765755091
"7773","21205131906",479.418363572496
"7774","21205131907",2225.15834144433
"7775","21205131908",1911.30478693173
"7776","21205131909",2595.11055478917
"7777","21205131910",478.077860611191
"7778","21205131912",1157.84881986684
"7779","21205131913",914.48065713561
"7780","21205131914",871.459013422413
"7781","21205131915",4.88511750378564
"7782","21205131916",1752.79891649272
"7783","21205131917",744.271463480017
"7784","21205131918",2384.86001528384
"7785","21205131919",2102.89122888375
"7786","21205131922",1895.99156895625
"7787","21205131923",1505.10979099287
"7788","21205131924",1778.86299077069
"7789","21205131925",2801.39608330952
"7790","21205131926",1546.71775984414
"7791","21205131927",918.327203217269
"7792","21205131928",1146.4867847862
"7793","21205131929",2211.82088010988
"7794","21205131930",589.023776391526
"7795","21205131932",586.776272634256
"7796","21205131933",2313.24506706902
"7797","21205131934",1201.59991957547
"7798","21205131935",596.680553643902
"7799","21205131937",2069.36789913933
"7800","21205131938",544.873183262217
"7801","21205131939",20.7510956764886
"7802","21205131942",1496.89290858789
"7803","21205131943",1923.52965580006
"7804","21205131944",2085.00782881879
"7805","21205131945",2206.65837158529
"7806","21205131946",1204.28448527317
"7807","21205131947",3179.93050362786
"7808","21205132101",1195.78031172947
"7809","21205132102",75.1871601735619
"7810","21205132103",1868.99027618748
"7811","21205132104",662.536439099124
"7812","21205132105",3054.05227029167
"7813","21205132106",2958.22595429975
"7814","21205132107",3303.19310671988
"7815","21205132108",4970.78649347999
"7816","21205132109",3589.17841228663
"7817","21205132110",1050.08603100714
"7818","21205132111",5390.83770950757
"7819","21205132112",1354.35318541
"7820","21205132113",930.32591655098
"7821","21205132114",1322.89014925079
"7822","21205132115",181.74614426676
"7823","21205132116",1563.03332516366
"7824","21205132117",851.762511716379
"7825","21205132118",1084.01472025269
"7826","21205132119",102.878530680997
"7827","21205132120",576.731929634192
"7828","21205132121",599.251265514638
"7829","21205132122",149.664194593187
"7830","21205132123",113.311967761591
"7831","21205132124",2586.60448418593
"7832","21205132125",3347.27681878632
"7833","21205132126",1083.90988606198
"7834","21205132127",2532.00506602382
"7835","21205132128",2954.23437235342
"7836","21205132129",3479.8875835803
"7837","21205132130",526.786000678612
"7838","21205132131",352.818402510459
"7839","21205132132",1479.2950157374
"7840","21205132133",1637.9104689969
"7841","21205132134",1518.37003296393
"7842","21205132135",800.426325462104
"7843","21205132136",29.3992267348056
"7844","21205132137",857.641561475887
"7845","21205132138",952.834599273081
"7846","21205132139",86.696861972594
"7847","21205132140",916.825921069739
"7848","21205132141",379.813164614938
"7849","21205132142",873.270858592444
"7850","21205132143",2166.50366524486
"7851","21205132144",1765.84262854451
"7852","21205132145",649.730226312256
"7853","21205132146",939.901891156786
"7854","21205132147",35.4608636718477
"7855","21205132148",2070.18075997636
"7856","21205132149",1560.45788267171
"7857","21205132150",4471.00798036773
"7858","21205132151",3240.7568857843
"7859","21205132152",1490.91962508184
"7860","21205132153",1978.19050804802
"7861","21205132154",891.15988036355
"7862","21205132201",4.14337634251779
"7863","21205132202",235.089780608723
"7864","21205132203",15.6393377966793
"7865","21205132204",2356.12866052315
"7866","21205132205",558.82603490215
"7867","21205132206",700.754453740433
"7868","21205132207",1395.58412720274
"7869","21205132208",1017.62787856066
"7870","21205132209",1811.93622180477
"7871","21205132210",1234.87892143358
"7872","21205132211",3311.8871119451
"7873","21205132212",2011.54301122834
"7874","21205132213",1964.22731867203
"7875","21205132215",4914.38431136336
"7876","21205132216",5117.40650243467
"7877","21205132217",361.169604657163
"7878","21205132218",2458.94871789239
"7879","21205132219",2230.63988644352
"7880","21205132220",1073.79302586697
"7881","21205132221",338.939735653906
"7882","21205132222",1418.55437398224
"7883","21205132223",541.851792698141
"7884","21205132224",1779.81112356585
"7885","21205132225",1612.44094164451
"7886","21205132226",3114.79771008814
"7887","21205132227",2852.43918453446
"7888","21205132228",1345.71506040245
"7889","21205132229",2179.52152869954
"7890","21205132230",2823.06338931409
"7891","21205132231",2411.48227796943
"7892","21205132232",416.391782811867
"7893","21205132233",800.083715988752
"7894","21205132234",679.493796173161
"7895","21205132235",790.036133244716
"7896","21205132236",1341.59897037074
"7897","21205132237",1318.60263846944
"7898","21205132238",988.209371318326
"7899","21205132239",2345.49625154032
"7900","21205132240",2981.3724650216
"7901","21205132241",1854.60440343487
"7902","21205132242",1754.4706841769
"7903","21205132243",807.880767897928
"7904","21205132244",1615.22577116432
"7905","21205132245",684.669078381695
"7906","21205132246",886.485088737208
"7907","21205132247",889.678681419679
"7908","21205132248",500.176749197263
"7909","21205132249",2342.1546184841
"7910","21205132250",8.44022178891443
"7911","21205132251",1410.57040356173
"7912","21205132252",77.7859684775758
"7913","21205132253",4791.98060855485
"7914","21205132254",4400.83220613003
"7915","21205132301",437.995681624485
"7916","21205132302",23.8130839549449
"7917","21205132303",1101.11994931037
"7918","21205132304",1075.39292930821
"7919","21205132305",1796.62602045861
"7920","21205132306",709.979369583051
"7921","21205132307",1042.98195968388
"7922","21205132308",2299.51243593151
"7923","21205132309",1100.68446337673
"7924","21205132310",1565.44736487189
"7925","21205132311",1057.76606013426
"7926","21205132312",883.677609240448
"7927","21205132313",2043.82342769959
"7928","21205132314",1790.11347794178
"7929","21205132315",482.211376365989
"7930","21205132316",772.763960736871
"7931","21205132317",66.6368089093421
"7932","21205132318",475.632759030783
"7933","21205132319",1301.54020344644
"7934","21205132320",1135.09240955887
"7935","21205132321",851.131861311405
"7936","21205132322",1374.12391832672
"7937","21205132323",1296.470616222
"7938","21205132324",1565.88796768935
"7939","21205132325",1010.61994323802
"7940","21205132326",840.48403363144
"7941","21205132327",47.5201119159221
"7942","21205132328",196.798849291007
"7943","21205132329",265.868455943788
"7944","21205132331",1287.43723375867
"7945","21205132332",1157.74344696198
"7946","21205132335",978.979978398923
"7947","21205132336",385.970242703875
"7948","21205132337",883.369784102004
"7949","21205132402",615.499345582567
"7950","21205132403",2991.62315304321
"7951","21205132404",177.051334302167
"7952","21205132405",1307.48505101088
"7953","21205132406",889.264359114343
"7954","21205132407",1872.49917877795
"7955","21205132408",815.569863876377
"7956","21205132409",733.004312418903
"7957","21205132410",1003.71061430207
"7958","21205132411",459.122211268739
"7959","21205132413",1196.58968547365
"7960","21205132414",2726.27053619646
"7961","21205132415",683.733540739883
"7962","21205132416",2586.34381741271
"7963","21205132417",888.653738729368
"7964","21205132419",1049.0843005003
"7965","21205132420",3150.25179833762
"7966","21205132421",203.270164856952
"7967","21205132422",1654.43520680191
"7968","21205132423",139.100494393106
"7969","21205132424",37.5348581802041
"7970","21205132425",2143.1747314063
"7971","21205132426",910.633861685077
"7972","21205132427",1522.45079776215
"7973","21205132428",1535.3379740904
"7974","21205132429",563.068097205444
"7975","21205132430",427.085481697667
"7976","21205132431",1881.44471776716
"7977","21205132432",1350.77698378325
"7978","21205132433",756.901043708475
"7979","21205132434",97.5756054092339
"7980","21205132435",885.615731917799
"7981","21205132436",2587.49839629699
"7982","21205132437",654.742938096687
"7983","21205132438",2479.65086695489
"7984","21205132439",3057.52721992641
"7985","21205132440",387.630480561251
"7986","21205132441",285.057587020107
"7987","21205132501",1952.77381113665
"7988","21205132502",694.614575925323
"7989","21205132503",882.585528609581
"7990","21205132504",2499.48980283643
"7991","21205132505",250.71722292548
"7992","21205132506",821.786695981823
"7993","21205132507",838.753349482984
"7994","21205132508",1073.42404792901
"7995","21205132509",1411.81385183365
"7996","21205132510",1361.70777028629
"7997","21205132511",1059.71876476546
"7998","21205132512",676.295210216613
"7999","21205132513",2612.14987550252
"8000","21205132514",1278.39622353478
"8001","21205132515",1708.32340566938
"8002","21205132516",521.453435856315
"8003","21205132518",2437.41494849662
"8004","21205132519",1499.80127248298
"8005","21205132520",2046.51223337839
"8006","21205132521",1254.84607935056
"8007","21205132522",2417.42774818242
"8008","21205132523",850.13083889706
"8009","21205132525",1784.79140936398
"8010","21205132526",2802.92074669496
"8011","21205132527",529.850355481847
"8012","21205132528",1802.74242466177
"8013","21205132529",1507.19074049641
"8014","21205132530",1828.79283710049
"8015","21205132531",1870.50403943423
"8016","21205132532",2079.2951867399
"8017","21205132533",1710.52936602592
"8018","21205132534",2188.863811437
"8019","21205132535",3478.50456140704
"8020","21205132536",1966.97222776285
"8021","21205132537",1665.03932175433
"8022","21205132538",2963.35968665928
"8023","21205132539",1071.29934356748
"8024","21205132540",1362.07607127282
"8025","21205132541",1210.83259747241
"8026","21205132542",2891.81298595552
"8027","21205132543",1314.96711261667
"8028","21205132544",2666.27537700876
"8029","21205132545",163.350669016473
"8030","21205132547",1821.00826266939
"8031","21205132548",1247.07545231491
"8032","21205132549",1836.02632893229
"8033","21205132550",672.591494324561
"8034","21205132601",2311.36638913125
"8035","21205132602",1721.16102644832
"8036","21205132603",945.874607230188
"8037","21205132604",858.110568890556
"8038","21205132605",3916.98170172738
"8039","21205132606",4295.27192362287
"8040","21205132607",1306.02471412667
"8041","21205132608",1823.47750343636
"8042","21205132609",1944.37216954701
"8043","21205132610",4694.97418565374
"8044","21205132611",684.252758577549
"8045","21205132612",3047.60088139912
"8046","21205132613",5491.6511956958
"8047","21205132614",3643.5743220121
"8048","21205132615",2970.87204595013
"8049","21205132616",2016.68083036177
"8050","21205132617",2902.44768893913
"8051","21205132618",1040.95688132784
"8052","21205132619",2154.50720496108
"8053","21205132620",2804.9163833893
"8054","21205132621",2793.56485485959
"8055","21205132622",1653.77300812046
"8056","21205132623",3288.82613228943
"8057","21205132624",1404.34028328653
"8058","21205132625",5643.46335656226
"8059","21205132626",3620.54020454644
"8060","21205132627",2314.81756882954
"8061","21205132628",4967.79950361542
"8062","21205132629",4520.32862792596
"8063","21205132630",1843.49899097622
"8064","21205132632",3231.35104112145
"8065","21205132633",2609.13818961582
"8066","21205132634",2330.49325190075
"8067","21205132635",3304.32204162666
"8068","21205132636",2941.92109657278
"8069","21205132637",2446.06581896569
"8070","21205132638",2730.62933814716
"8071","21205132639",1949.60156688806
"8072","21205132640",2864.20055982206
"8073","21205132641",2526.83979982033
"8074","21205132642",4471.80315942751
"8075","21205132643",1628.18382870606
"8076","21205132644",1890.76801050823
"8077","21205132645",956.399905594055
"8078","21205132646",3926.39899656121
"8079","21205132647",2135.0610541382
"8080","21205132648",3984.90395581796
"8081","21205132649",1147.12597350437
"8082","21205132650",2614.76594531285
"8083","21205132651",1940.46462125292
"8084","21205132653",1806.60103353125
"8085","21205132654",2363.46788562595
"8086","21205132655",2455.06749002264
"8087","21205132656",4361.53494744052
"8088","21205132657",3521.19940121273
"8089","21205132701",9.08946842583335
"8090","21205132702",392.803230323021
"8091","21205132703",1304.8095921041
"8092","21205132704",1305.98128432064
"8093","21205132705",1028.2625957479
"8094","21205132706",1088.98710235731
"8095","21205132707",743.773515734932
"8096","21205132708",544.133282557958
"8097","21205132709",2155.80120625473
"8098","21205132710",1867.25366584681
"8099","21205132711",555.95680129727
"8100","21205132712",891.304496541864
"8101","21205132713",190.133804695203
"8102","21205132714",518.032036267692
"8103","21205132715",786.429412068392
"8104","21205132716",469.738045621449
"8105","21205132717",2062.89376599235
"8106","21205132718",2854.8824705315
"8107","21205132719",822.62379041872
"8108","21205132720",1493.85361549114
"8109","21205132721",1460.60360721199
"8110","21205132722",831.322340879149
"8111","21205132723",1305.63232711983
"8112","21205132724",434.951781780184
"8113","21205132725",908.632341188534
"8114","21205132726",1624.68871769534
"8115","21205132727",678.526423581069
"8116","21205132728",211.80668643876
"8117","21205132729",679.853456172758
"8118","21205132730",790.413286596838
"8119","21205132731",568.032401664199
"8120","21205132732",1034.9421469001
"8121","21205132734",1189.95175979971
"8122","21205132735",1422.20675851086
"8123","21205132736",2302.69798007123
"8124","21205132738",1241.93096928321
"8125","21205132739",1142.96201082763
"8126","21205132741",1936.03869979577
"8127","21205132742",1182.00429382083
"8128","21205132743",1390.64138561498
"8129","21205132744",1435.91543920319
"8130","21205132745",1419.37888681225
"8131","21205132746",1156.02859084752
"8132","21205132747",790.817370036618
"8133","21205132748",587.97381386962
"8134","21205132749",1958.79873265596
"8135","21205132750",2562.33454437729
"8136","21205132751",3790.43872278529
"8137","21205132752",2100.72432549888
"8138","21205156701",3376.45867714376
"8139","21205156702",2615.08249291869
"8140","21205156703",2991.23265908847
"8141","21205156704",7088.40409335207
"8142","21205156705",1489.20797159766
"8143","21205156706",2524.09820209058
"8144","21205156707",3502.65984366429
"8145","21205156708",1793.53051574806
"8146","21205156709",592.75461685236
"8147","21205156710",2076.29679922516
"8148","21205156711",5084.70218451208
"8149","21205156712",233.414342115141
"8150","21205156713",2349.45731743952
"8151","21205156714",4649.48031267316
"8152","21205156715",2542.3790800369
"8153","21205156716",3480.19305536045
"8154","21205156717",6049.07215498535
"8155","21205156718",4744.15554019136
"8156","21205156719",1417.51702753693
"8157","21205156720",1334.07789177416
"8158","21205156721",2370.21524532719
"8159","21205156722",1823.86343630122
"8160","21205156723",3588.26131812763
"8161","21205156724",1445.29071643343
"8162","21205156725",1586.56783324551
"8163","21205156726",2333.23440496079
"8164","21205156801",2616.92417455823
"8165","21205156802",2705.20137016698
"8166","21205156803",2621.51344995401
"8167","21205156804",371.979129849569
"8168","21205156806",2945.10132384942
"8169","21205156807",5680.29144507083
"8170","21205156808",5241.24737785907
"8171","21205156809",634.151819712901
"8172","21205156810",3590.44026936128
"8173","21205156811",3329.93913761806
"8174","21205156812",2547.46202256208
"8175","21205156813",454.750729805038
"8176","21205156814",480.415088491925
"8177","21205156815",2387.75096808294
"8178","21205156816",7408.64205339391
"8179","21205156817",593.228147224933
"8180","21205156818",4968.37213108431
"8181","21205156819",4871.00639898989
"8182","21205156820",4108.142793941
"8183","21205156821",983.774268223138
"8184","21205156822",2919.63058731225
"8185","21205156823",6871.95353610051
"8186","21205156825",211.00517619848
"8187","21205156826",759.080948074699
"8188","21205156827",2531.32084416376
"8189","21301132801",3927.42486838591
"8190","21301132802",1895.84144522294
"8191","21301132803",657.293165896966
"8192","21301132804",786.001542814368
"8193","21301132805",1676.91505204721
"8194","21301132806",675.672365732209
"8195","21301132807",5038.90028291385
"8196","21301132808",5479.62663622412
"8197","21301132809",2196.13964104495
"8198","21301132810",4638.41143287512
"8199","21301132811",2302.50754952009
"8200","21301132812",1807.21849566809
"8201","21301132813",2381.63736569693
"8202","21301132814",1820.78111368197
"8203","21301132815",926.541762431654
"8204","21301132816",1833.46358000635
"8205","21301132817",245.083999626014
"8206","21301132818",2260.6559594391
"8207","21301132819",961.283038386248
"8208","21301132901",111.669556624951
"8209","21301132902",1431.59867273781
"8210","21301132903",781.448412364687
"8211","21301132904",652.26596196577
"8212","21301132905",392.47463692585
"8213","21301132906",687.479963903103
"8214","21301132907",27.3469676059552
"8215","21301132908",897.611647643732
"8216","21301132909",439.936346165313
"8217","21301132910",1519.83375516535
"8218","21301132911",147.529563584552
"8219","21301132912",442.281560685627
"8220","21301132913",480.124656182112
"8221","21301132914",258.668574386683
"8222","21301132915",36.2655126422654
"8223","21301132916",10.5074943246024
"8224","21301132917",757.842031292756
"8225","21301132918",119.565014627037
"8226","21301132919",103.997230243467
"8227","21301133101",1069.95790278251
"8228","21301133102",474.560173682312
"8229","21301133103",598.364298132548
"8230","21301133104",527.786571777564
"8231","21301133105",717.585462227367
"8232","21301133106",496.217668522477
"8233","21301133107",1326.40703175954
"8234","21301133108",898.319085457616
"8235","21301133109",1975.74113834963
"8236","21301133110",1106.59833809963
"8237","21301133111",960.883999226464
"8238","21301133112",808.881212369958
"8239","21301133113",1539.81108901113
"8240","21301133114",1601.29394919591
"8241","21301133115",561.441952895321
"8242","21301133116",1094.91205227129
"8243","21301133117",802.119890776188
"8244","21301133118",255.493920493275
"8245","21301133119",877.261551374844
"8246","21301133120",1266.87872090533
"8247","21301133121",582.02185951324
"8248","21301133122",469.81882141723
"8249","21301133123",1501.07264837811
"8250","21301133201",1545.80163728521
"8251","21301133202",308.709297964178
"8252","21301133203",151.08761208251
"8253","21301133204",817.279430528399
"8254","21301133205",821.234246378335
"8255","21301133206",890.30402654672
"8256","21301133207",718.584414587757
"8257","21301133208",998.002398334423
"8258","21301133209",858.62951927047
"8259","21301133210",319.007277455729
"8260","21301133211",348.877835802826
"8261","21301133212",485.88571966689
"8262","21301133213",258.570605428958
"8263","21301133214",643.527817208205
"8264","21301133215",433.135415921348
"8265","21301133216",164.138538255661
"8266","21301133217",438.07433478643
"8267","21301133218",570.119466250715
"8268","21301133219",676.301793820987
"8269","21301133220",434.418296924693
"8270","21301133221",347.828251632971
"8271","21301133222",834.796554620306
"8272","21301133223",1281.02180907744
"8273","21301133224",945.119574030728
"8274","21301133225",1059.80590690665
"8275","21301133226",1285.04564805305
"8276","21301133227",550.178249046987
"8277","21301133228",521.455719669491
"8278","21301133229",900.72225229772
"8279","21301133230",874.321928019906
"8280","21301133231",415.57090451333
"8281","21301133232",1434.28060249275
"8282","21301133233",794.817166294664
"8283","21301133234",804.447874395415
"8284","21301133235",852.249785638825
"8285","21301133236",130.635634749133
"8286","21301133237",1050.22693730258
"8287","21301133238",1372.25563581714
"8288","21301133239",741.338360069756
"8289","21301133240",601.101017152249
"8290","21301133301",584.406999015731
"8291","21301133302",316.093303818625
"8292","21301133303",681.748984885459
"8293","21301133304",1622.92975881817
"8294","21301133305",689.210103972832
"8295","21301133306",440.024036302508
"8296","21301133307",1470.42497037854
"8297","21301133308",1785.04426781548
"8298","21301133309",983.79698907628
"8299","21301133310",857.43733340977
"8300","21301133311",746.481300669694
"8301","21301133312",858.42471516365
"8302","21301133313",1228.19711678228
"8303","21301133314",583.151399758948
"8304","21301133315",1218.03294356237
"8305","21301133316",810.759287332583
"8306","21301133317",1562.7728205705
"8307","21301133318",1291.25544840863
"8308","21301133319",1299.18938442389
"8309","21301133320",786.972179509287
"8310","21301133321",752.32977768773
"8311","21301133322",605.889126579496
"8312","21301133323",1237.70200628238
"8313","21301133324",562.01875213819
"8314","21301133325",1174.50313190462
"8315","21301133326",1546.36275392627
"8316","21301133327",1584.52518983974
"8317","21301133328",1241.82899399589
"8318","21301133329",1026.28707280512
"8319","21301133330",561.305190052843
"8320","21301133331",643.503989539908
"8321","21301133332",1311.70211992216
"8322","21301133333",586.593464107225
"8323","21301133401",1679.48701758559
"8324","21301133402",1126.75656535878
"8325","21301133403",830.824173408135
"8326","21301133404",1097.81568574157
"8327","21301133405",635.752905764458
"8328","21301133406",486.104477039244
"8329","21301133407",721.515577561181
"8330","21301133408",978.682598425139
"8331","21301133409",317.210858261663
"8332","21301133410",531.61486908756
"8333","21301133411",1726.5186928784
"8334","21301133412",463.011732334598
"8335","21301133413",549.037195808745
"8336","21301133414",1584.72332246484
"8337","21301133415",2285.47597317515
"8338","21301133416",1119.90085165448
"8339","21301133417",1383.77000964356
"8340","21301133418",1318.74928440801
"8341","21301133419",1105.70422994659
"8342","21301133420",1160.69840397811
"8343","21301133421",1374.57372489808
"8344","21301133422",806.58154276082
"8345","21301133423",863.081261899685
"8346","21301133424",626.042169395098
"8347","21301133425",476.981352485632
"8348","21301133426",695.181230271778
"8349","21301133427",954.067333291615
"8350","21301133428",1370.39282537267
"8351","21301133429",588.279782445902
"8352","21301133430",1463.36912016214
"8353","21301133431",1003.0923753605
"8354","21301133432",1671.23169152693
"8355","21301133433",469.583933686651
"8356","21301133434",302.63254392992
"8357","21301133435",810.456273064373
"8358","21301133436",1436.2932838538
"8359","21301133437",1177.48727751937
"8360","21301133438",940.629543566061
"8361","21301133439",601.627705043458
"8362","21301133440",1378.76161360562
"8363","21301133441",1046.47767937985
"8364","21301133442",984.617468626542
"8365","21301133443",1316.62539829946
"8366","21301133444",1533.20790029439
"8367","21301133445",551.455658594486
"8368","21301133501",2190.27059614712
"8369","21301133502",468.279334813317
"8370","21301133503",552.418647680718
"8371","21301133504",461.514341495455
"8372","21301133505",2088.30903375816
"8373","21301133506",496.071422983288
"8374","21301133507",257.14231721487
"8375","21301133508",768.4683727457
"8376","21301133509",1237.64849115104
"8377","21301133510",1044.10545364377
"8378","21301133511",504.107795339659
"8379","21301133512",298.86226582291
"8380","21301133513",826.146783320535
"8381","21301133514",2478.40515932012
"8382","21301133515",1245.72623208255
"8383","21301133516",567.482324414697
"8384","21301133517",375.41686452353
"8385","21301133518",1604.21023125871
"8386","21301133519",1104.68382811641
"8387","21301133520",577.930273368133
"8388","21301133521",740.940254376363
"8389","21301133522",624.918690895095
"8390","21301133523",585.329253454966
"8391","21301133524",843.953025267337
"8392","21301133525",49.0894425883957
"8393","21301133526",91.7903001701612
"8394","21301133527",29.4932026863169
"8395","21301133528",776.17825817852
"8396","21301133529",496.276033365951
"8397","21301133530",458.919520618734
"8398","21301133531",568.218326766324
"8399","21301133532",983.920032162793
"8400","21301133533",1384.48371082479
"8401","21301133534",1715.53391711501
"8402","21301133535",880.796771347186
"8403","21301133536",59.6866814101077
"8404","21301133537",754.567854604103
"8405","21301133538",1473.42749875501
"8406","21301133601",4865.54673429507
"8407","21301133602",3655.62199273694
"8408","21301133603",4798.48009088977
"8409","21301133604",4602.35335875663
"8410","21301133605",4311.61214247282
"8411","21301133606",4040.14573858292
"8412","21301133607",3836.93513517604
"8413","21301133608",4488.71766401493
"8414","21301133609",5946.46797988136
"8415","21301133610",8858.15237555382
"8416","21301133611",4477.86322158322
"8417","21301133612",1534.50930194626
"8418","21301133613",1913.42982716724
"8419","21301133614",1298.18927165015
"8420","21301133615",1540.50009041099
"8421","21301133616",4177.82059149683
"8422","21301133617",3033.40591683156
"8423","21301133618",7103.96140948763
"8424","21301133619",6612.38658477413
"8425","21301133701",1221.25726700297
"8426","21301133702",1104.77920374861
"8427","21301133703",672.579854591169
"8428","21301133704",4361.08575644169
"8429","21301133705",2544.81049705931
"8430","21301133706",618.66631570479
"8431","21301133707",740.447838456621
"8432","21301133708",731.257030843478
"8433","21301133709",1238.5454207906
"8434","21301133710",1973.3412938969
"8435","21301133711",2258.61266411475
"8436","21301133712",1598.47621738479
"8437","21301133713",722.213837329393
"8438","21301133714",320.168723792219
"8439","21301133715",1181.86809976945
"8440","21301133716",968.724333593132
"8441","21301133717",2013.4067340779
"8442","21301133718",967.277910214692
"8443","21301133719",1927.48439071412
"8444","21301133720",1947.82592326044
"8445","21301133721",79.4882033711618
"8446","21301133722",1118.44712121158
"8447","21301133723",549.913031977016
"8448","21301133724",167.882930754106
"8449","21301133725",134.971244173782
"8450","21301133726",672.275979356778
"8451","21301133801",1987.26989269703
"8452","21301133802",2643.36391093573
"8453","21301133803",2867.17501053287
"8454","21301133804",982.828355290399
"8455","21301133805",975.691115163958
"8456","21301133806",1997.3217438994
"8457","21301133807",1917.46039534324
"8458","21301133808",1340.4243740365
"8459","21301133809",1690.43251029124
"8460","21301133810",1069.47258232841
"8461","21301133811",2948.05658687863
"8462","21301133812",2068.77375324505
"8463","21301133813",1738.69001301709
"8464","21301133814",1429.67855222383
"8465","21301133815",1257.85258405965
"8466","21301133816",207.054935824819
"8467","21301133817",2461.66087709789
"8468","21301133818",2081.79362704789
"8469","21301133819",1445.29719957971
"8470","21301133820",4941.85949981597
"8471","21301133821",2661.9616349061
"8472","21301133822",3088.94609646382
"8473","21301133823",2555.36270967968
"8474","21301133824",569.661744476125
"8475","21301133825",349.33059259921
"8476","21301133826",788.332665797911
"8477","21301133827",516.750929525246
"8478","21301133828",587.907476550868
"8479","21301133829",0.00966315368389719
"8480","21301133830",789.088628160532
"8481","21301133831",785.409776964084
"8482","21301133832",324.069405430776
"8483","21301133833",496.843847292038
"8484","21301133834",90.2735607522784
"8485","21301133835",1031.29748304693
"8486","21301133836",735.615853591763
"8487","21301133837",491.681711755105
"8488","21301133838",663.326231517063
"8489","21301133839",777.329165215209
"8490","21301133840",789.499341956327
"8491","21301133841",1972.85100179469
"8492","21301133842",576.285821701811
"8493","21301133843",1136.75668147904
"8494","21301133844",237.985303288442
"8495","21301133845",1192.35264518088
"8496","21301133901",1190.40937819545
"8497","21301133902",278.9872711844
"8498","21301133903",823.932406978219
"8499","21301133904",846.07764659437
"8500","21301133905",749.972849097487
"8501","21301133906",586.12256765363
"8502","21301133907",1386.86889154715
"8503","21301133908",1043.79396996909
"8504","21301133909",932.37153732838
"8505","21301133910",1134.54203487168
"8506","21301133911",575.540359995244
"8507","21301133912",1727.45480045227
"8508","21301133913",627.277880845654
"8509","21301133914",36.2086407639101
"8510","21301133915",176.175122474182
"8511","21301133916",1780.05991394825
"8512","21301133917",1695.61550231564
"8513","21301133918",1676.25307737624
"8514","21301133919",2251.19575082692
"8515","21301133920",340.554035093184
"8516","21301133921",1021.49555659163
"8517","21301133922",728.012330164163
"8518","21301133923",713.950117434136
"8519","21301133924",467.15610960442
"8520","21301133925",1649.34479655643
"8521","21301133926",520.308377566077
"8522","21301133927",1844.28505246246
"8523","21301134001",2941.77992352599
"8524","21301134002",2519.77104729621
"8525","21301134003",328.812873138631
"8526","21301134004",1176.43664096633
"8527","21301134005",437.758311382893
"8528","21301134006",30.3138057647218
"8529","21301134007",194.19523018628
"8530","21301134008",306.862128335329
"8531","21301134009",456.35998242799
"8532","21301134010",10.6669732550335
"8533","21301134011",658.725409714658
"8534","21301134012",510.096345142353
"8535","21301134013",3.01147326177319
"8536","21301134015",70.0772995531704
"8537","21301134016",1131.16300817892
"8538","21301134017",1064.8577987359
"8539","21301134018",341.720482367007
"8540","21301134019",370.888349990783
"8541","21301134020",351.485639194119
"8542","21301134021",977.392390080117
"8543","21301134022",574.739521045181
"8544","21301134023",580.691227070848
"8545","21301134024",483.043052149096
"8546","21301134025",879.823062935372
"8547","21301134026",189.226307086299
"8548","21301134027",1401.66467267527
"8549","21301134028",393.473966653017
"8550","21301134029",1778.606880365
"8551","21301134030",893.578633694559
"8552","21301134031",657.393729139484
"8553","21301134032",1874.8298189849
"8554","21301134033",1004.50832940107
"8555","21301134034",520.564006806165
"8556","21301134035",269.608795811002
"8557","21301134036",1469.91462040784
"8558","21301134037",440.470210887936
"8559","21301134038",44.6638412849334
"8560","21301134039",1911.32363211419
"8561","21301134040",674.554324978851
"8562","21301134041",849.285549227589
"8563","21301134042",2569.63825229297
"8564","21301134043",1892.49841287312
"8565","21301134044",3154.83319102183
"8566","21301134045",537.472739204417
"8567","21301134046",1891.15852479725
"8568","21301134047",738.667961975857
"8569","21301134048",920.885371547912
"8570","21301134049",406.365592869355
"8571","21301156901",365.854334657406
"8572","21301156902",151.295229862879
"8573","21301156903",1005.02883006072
"8574","21301156905",1120.17849916792
"8575","21301156906",1217.87251060709
"8576","21301156907",1298.2254115728
"8577","21301156908",1078.73538310014
"8578","21301156909",1325.40367264379
"8579","21301156910",1765.3790383346
"8580","21301156911",1713.050739918
"8581","21301156912",1705.14932674277
"8582","21301156913",1280.43735812188
"8583","21301156914",17.2388440921122
"8584","21301156915",1218.56299427567
"8585","21301156916",1597.65527484832
"8586","21301156917",1371.94507829306
"8587","21301156918",1292.17472397426
"8588","21301156920",1665.63913266816
"8589","21301156921",1863.99061742543
"8590","21301156922",1261.37360616525
"8591","21301156924",225.480518366099
"8592","21301156925",1560.51041480139
"8593","21301156926",971.752622668952
"8594","21301156927",21.907104094447
"8595","21301156929",1225.81097304451
"8596","21301156931",579.107312616287
"8597","21301156932",3360.51423629919
"8598","21301156933",3024.58777451724
"8599","21301156934",1926.85339567079
"8600","21301156935",11.4585040528765
"8601","21301156936",1576.98905423476
"8602","21301156937",2250.21290151622
"8603","21301156938",805.049979749117
"8604","21301156939",322.940210234827
"8605","21301156940",1595.69756793731
"8606","21301156941",1609.93548927162
"8607","21301156942",47.3291679666174
"8608","21301156943",1567.81710813317
"8609","21301156944",1423.99107210363
"8610","21301156945",1466.68863118837
"8611","21301156946",1171.12293451717
"8612","21301157001",598.070468818295
"8613","21301157002",1072.21307284334
"8614","21301157003",339.641804852115
"8615","21301157004",853.358945263463
"8616","21301157005",1133.60564237471
"8617","21301157006",476.828469162517
"8618","21301157007",350.475820242111
"8619","21301157008",526.224358501668
"8620","21301157009",554.468906921545
"8621","21301157010",762.144620067903
"8622","21301157011",769.578663211601
"8623","21301157012",20.4546029922745
"8624","21301157013",368.92897227035
"8625","21301157014",8.85231486675027
"8626","21301157015",193.685378768491
"8627","21301157016",669.301012750227
"8628","21301157017",219.410026069205
"8629","21302134101",570.527710170228
"8630","21302134102",179.20750865999
"8631","21302134103",384.429137337713
"8632","21302134104",609.0248227474
"8633","21302134105",1106.61752110532
"8634","21302134106",1822.03307861397
"8635","21302134107",784.753750841631
"8636","21302134108",806.583146538835
"8637","21302134110",991.241940046263
"8638","21302134111",1497.87715909272
"8639","21302134112",1252.47890857868
"8640","21302134113",838.348129507743
"8641","21302134114",260.137230737025
"8642","21302134115",1659.86907413244
"8643","21302134116",1982.41235123601
"8644","21302134120",3267.20103687635
"8645","21302134124",325.94876143264
"8646","21302134125",100.000000000007
"8647","21302134126",2170.50595201735
"8648","21302134127",2362.87378732587
"8649","21302134128",375.355840095767
"8650","21302134129",617.100111234307
"8651","21302134130",775.001725991433
"8652","21302134131",2082.84833799121
"8653","21302134132",1432.03882615416
"8654","21302134133",1214.62727697433
"8655","21302134134",2396.45655249119
"8656","21302134135",1915.84900088729
"8657","21302134136",123.041694707908
"8658","21302134137",2976.94932897009
"8659","21302134138",1501.24605938395
"8660","21302134139",1417.48914539306
"8661","21302134140",4069.8406445381
"8662","21302134141",4041.50863514303
"8663","21302134201",576.474857260385
"8664","21302134202",1206.77987979826
"8665","21302134203",793.436449208738
"8666","21302134204",1020.49810104584
"8667","21302134205",317.572121585528
"8668","21302134206",481.727048958098
"8669","21302134207",664.895071409299
"8670","21302134208",35.4924462290715
"8671","21302134209",536.445472402783
"8672","21302134210",474.017004630215
"8673","21302134211",858.060086568598
"8674","21302134212",719.263093410175
"8675","21302134213",978.129599561886
"8676","21302134214",2376.00934001037
"8677","21302134215",1989.96674906425
"8678","21302134216",775.913970658614
"8679","21302134217",1370.27170536475
"8680","21302134218",130.342012328337
"8681","21302134219",896.778713948832
"8682","21302134220",1.58777391402867
"8683","21302134221",884.167474917478
"8684","21302134222",11.624514848929
"8685","21302134223",540.649845830026
"8686","21302134224",1160.49115709956
"8687","21302134225",1795.75041551994
"8688","21302134226",356.724958075079
"8689","21302134227",146.569836996228
"8690","21302134228",1822.72205977563
"8691","21302134229",931.367410729776
"8692","21302134230",1237.20454464364
"8693","21302134231",818.984415684927
"8694","21302134232",980.364097312536
"8695","21302134233",1225.14807034042
"8696","21302134234",594.918668864391
"8697","21302134235",794.217262023093
"8698","21302134236",996.4540492256
"8699","21302134237",968.580291065397
"8700","21302134238",866.389445101816
"8701","21302134239",987.998467237696
"8702","21302134240",1360.44723481579
"8703","21302134241",778.023879803703
"8704","21302134242",282.91235919742
"8705","21302134243",993.844400237576
"8706","21302134244",156.527937774264
"8707","21302134245",931.344544495952
"8708","21302134246",779.083901738226
"8709","21302134248",819.655291496253
"8710","21302134249",765.94345548318
"8711","21302134301",4125.99898390573
"8712","21302134302",3233.90446593161
"8713","21302134303",1430.24156358958
"8714","21302134304",1124.79855192713
"8715","21302134305",2875.23308323369
"8716","21302134306",604.748222479813
"8717","21302134307",5786.36905700994
"8718","21302134308",1205.62182485672
"8719","21302134309",258.50140082825
"8720","21302134310",3589.09934438266
"8721","21302134311",2534.23375549293
"8722","21302134312",2550.1923721584
"8723","21302134313",4001.74364647439
"8724","21302134314",4150.64186689359
"8725","21302134315",816.195707909689
"8726","21302134316",3208.54224878534
"8727","21302134317",5312.42775636609
"8728","21302134318",3172.101142094
"8729","21302134319",1697.10268133589
"8730","21302134320",2814.54600018572
"8731","21302134321",2922.07748651251
"8732","21302134322",1884.64064633663
"8733","21302134323",2582.47520712165
"8734","21302134324",599.427768327773
"8735","21302134325",1668.69216079022
"8736","21302134326",4991.6546380553
"8737","21302134327",1332.15855107257
"8738","21302134328",3483.24501053209
"8739","21302134329",2745.70993256377
"8740","21302134330",2247.72625468181
"8741","21302134331",4774.58324024998
"8742","21302134332",853.79336482843
"8743","21302134401",1607.22650202471
"8744","21302134402",2289.17085513807
"8745","21302134403",1595.84931539713
"8746","21302134404",1251.36666388587
"8747","21302134405",2418.7443483859
"8748","21302134406",973.466724313385
"8749","21302134407",2298.51644919632
"8750","21302134408",1884.71715002403
"8751","21302134409",2955.83161425426
"8752","21302134410",3037.5862558691
"8753","21302134411",1691.66583451139
"8754","21302134412",1970.42835421803
"8755","21302134413",312.815832066666
"8756","21302134414",612.845610978728
"8757","21302134415",1757.11792426186
"8758","21302134416",2611.06783404296
"8759","21302134417",2191.25077647179
"8760","21302134418",75.0865240419556
"8761","21302134419",1603.99561886891
"8762","21302134420",47.6944677277394
"8763","21302134421",2266.18826065673
"8764","21302134422",822.264190864198
"8765","21302134423",1573.2361450764
"8766","21302134424",536.285280988875
"8767","21302134425",1904.2954234827
"8768","21302134426",2529.1744392992
"8769","21302134427",1162.68723059202
"8770","21302134428",1602.52550163496
"8771","21302134429",1789.89157533372
"8772","21302134430",3137.43866016722
"8773","21302134431",2121.62068528125
"8774","21302134432",1351.67730785775
"8775","21302134433",1620.16189973538
"8776","21302134434",1817.31225063079
"8777","21302134435",1627.10725992157
"8778","21302134436",1240.78765845363
"8779","21302134437",2054.25376745162
"8780","21302134438",3207.62729457031
"8781","21302134439",583.198858877635
"8782","21302134440",1242.56756682265
"8783","21302134441",2467.04703037706
"8784","21302134442",997.079908953824
"8785","21302134501",1053.10692135142
"8786","21302134502",983.960888797047
"8787","21302134503",879.294675027445
"8788","21302134504",967.307684005326
"8789","21302134505",453.055579987084
"8790","21302134506",15.0753823627623
"8791","21302134507",498.469377216936
"8792","21302134508",1123.24260071944
"8793","21302134509",1433.19441999574
"8794","21302134510",1160.24382692298
"8795","21302134511",739.038727021952
"8796","21302134512",549.363259664315
"8797","21302134513",537.031593695462
"8798","21302134601",1238.61871293651
"8799","21302134602",800.389322874005
"8800","21302134603",1466.79649383299
"8801","21302134604",833.168667968986
"8802","21302134605",1541.02768897398
"8803","21302134606",1301.45502527225
"8804","21302134607",1145.4061794696
"8805","21302134608",1522.26928810759
"8806","21302134609",1802.95895013544
"8807","21302134610",1676.96262272493
"8808","21302134611",1633.26501910857
"8809","21302134612",3480.24900696574
"8810","21302134613",2688.22748648538
"8811","21302134614",2768.60361890331
"8812","21302134615",2964.76999176945
"8813","21302134616",2343.29854982352
"8814","21302134617",1320.11349145162
"8815","21302134618",1312.33755572346
"8816","21302134619",2130.41280734602
"8817","21302134621",190.197701044482
"8818","21302134622",1736.39745404906
"8819","21302134623",2541.40925662229
"8820","21302134624",1904.17912577206
"8821","21302134625",260.170618052741
"8822","21302134626",147.619204923359
"8823","21302134627",489.013777492879
"8824","21302134628",489.149274932254
"8825","21302134629",209.379558221537
"8826","21302134630",245.085442419188
"8827","21302134631",1173.00076029476
"8828","21302134632",3086.7686732064
"8829","21302134633",2116.38897628959
"8830","21302134634",115.829910216181
"8831","21302134635",72.3073372806906
"8832","21303134701",1689.21884425182
"8833","21303134702",1854.99134128891
"8834","21303134703",2582.4798272822
"8835","21303134704",2622.14606931065
"8836","21303134705",2324.75130777855
"8837","21303134706",3443.95218665908
"8838","21303134707",5449.6193098278
"8839","21303134708",4709.34795110866
"8840","21303134709",3777.87749407243
"8841","21303134710",3770.4165107987
"8842","21303134711",3413.46729229797
"8843","21303134712",2141.24748073109
"8844","21303134713",3006.90655071934
"8845","21303134714",3232.65094136512
"8846","21303134715",3601.06768698009
"8847","21303134717",2673.89571378132
"8848","21303134718",4842.28248880084
"8849","21303134719",1591.40737888349
"8850","21303134720",1560.43193131523
"8851","21303134721",2304.65328572316
"8852","21303134722",1148.34864090638
"8853","21303134723",1486.71118470397
"8854","21303134724",916.199705761163
"8855","21303134725",1768.55164471921
"8856","21303134727",4826.67104523675
"8857","21303134728",1713.27177433125
"8858","21303134729",2117.26542900245
"8859","21303134730",2147.38343833948
"8860","21303134731",3233.62798637054
"8861","21303134732",2210.68144621709
"8862","21303134733",1592.80511492857
"8863","21303134735",5420.09242375319
"8864","21303134736",1666.02228929521
"8865","21303134737",3146.4154954093
"8866","21303134738",3070.59081614682
"8867","21303134739",3588.4638451775
"8868","21303134741",1971.11786121049
"8869","21303134742",490.429703934464
"8870","21303134743",1776.84686255427
"8871","21303134744",133.070636994209
"8872","21303134745",92.374887966068
"8873","21303134746",2518.21455132752
"8874","21303134747",1946.04459225653
"8875","21303134748",454.02544814826
"8876","21303134801",2818.09542114158
"8877","21303134802",3082.03433378883
"8878","21303134803",4606.49585779892
"8879","21303134804",3703.1377205057
"8880","21303134805",2633.39802242058
"8881","21303134806",2579.06949964127
"8882","21303134807",7817.19838984106
"8883","21303134810",5917.02195403423
"8884","21303134811",11066.401943199
"8885","21303134812",3814.49164635974
"8886","21303134813",3514.7145671707
"8887","21303134814",1322.94608103638
"8888","21303134815",8501.10567182789
"8889","21303134817",8021.54821331935
"8890","21303134818",5215.75329194823
"8891","21303134819",5256.10230324317
"8892","21303134820",4334.61713361455
"8893","21303134822",6517.55880477114
"8894","21303134823",9235.73347022754
"8895","21303134824",7445.79799622518
"8896","21303134825",2159.03961881675
"8897","21303134826",940.076911430614
"8898","21303134827",8131.86588336891
"8899","21303134829",2205.15979946805
"8900","21303134830",9596.30176849191
"8901","21303134831",14289.6406958847
"8902","21303134832",5013.2890969298
"8903","21303134833",12603.0204276987
"8904","21303134834",4075.27537364737
"8905","21303134835",4497.62216159815
"8906","21303134836",10559.1024903427
"8907","21303134837",13138.4052465376
"8908","21303134838",4097.66952565783
"8909","21303134839",4809.1401823364
"8910","21303134840",1601.91890095545
"8911","21303134841",4842.31375123799
"8912","21303134842",10292.1491018608
"8913","21303134843",4830.01918790135
"8914","21303134844",2980.93974829487
"8915","21303134845",3904.86186191495
"8916","21303134902",1861.54108922199
"8917","21303134903",3530.40149886465
"8918","21303134904",2267.79150646569
"8919","21303134906",2243.40633970758
"8920","21303134907",3499.01110322785
"8921","21303134908",1092.65319588477
"8922","21303134909",1921.22833034384
"8923","21303134910",885.406848228284
"8924","21303134911",865.677928016482
"8925","21303134912",1515.0139946565
"8926","21303134913",283.040939790397
"8927","21303134914",354.939863451754
"8928","21303134916",1696.12003856587
"8929","21303134917",399.220362759006
"8930","21303134918",22.186443343189
"8931","21303134919",421.105149297901
"8932","21303134920",297.85019087748
"8933","21303134921",2910.21047758422
"8934","21303134922",1567.32852532364
"8935","21303134923",202.475643830047
"8936","21303134925",796.583033111706
"8937","21303134926",1909.02527773388
"8938","21303134927",860.871702059699
"8939","21303134929",1405.43638199223
"8940","21303134930",1252.15836674311
"8941","21303134931",227.682224220604
"8942","21303134932",1500.10466406119
"8943","21303134933",1139.91219721633
"8944","21303134934",3420.13261069661
"8945","21303134935",1414.66703557833
"8946","21303134936",184.549578037733
"8947","21303134937",606.152729098573
"8948","21303135001",2972.24323553553
"8949","21303135002",2138.11492177085
"8950","21303135003",1818.21814916226
"8951","21303135004",2032.22566802177
"8952","21303135005",2969.35626097595
"8953","21303135006",2496.90214743703
"8954","21303135007",1349.42980151837
"8955","21303135008",1931.42051092551
"8956","21303135009",1815.10059885405
"8957","21303135010",2118.54070747561
"8958","21303135011",4003.40283153336
"8959","21303135012",3093.02209589318
"8960","21303135013",3394.49575530432
"8961","21303135014",1039.04791102607
"8962","21303135015",3452.14607874063
"8963","21303135016",4962.99407836722
"8964","21303135017",4243.45575653618
"8965","21303135018",6731.04547581872
"8966","21303135019",4563.88230692721
"8967","21303135101",2766.27293272831
"8968","21303135102",3076.7208593355
"8969","21303135103",517.812996544848
"8970","21303135104",2706.38098322661
"8971","21303135105",4381.45628619211
"8972","21303135106",4453.72584225561
"8973","21303135107",2409.56825235988
"8974","21303135108",2334.03058426427
"8975","21303135109",1675.48091364792
"8976","21303135110",1583.78576714476
"8977","21303135111",975.803003325769
"8978","21303135113",0.00526338794011201
"8979","21303135114",129.687676445657
"8980","21303135115",3626.37161318832
"8981","21303135116",4375.07754772569
"8982","21303135117",2522.13740892257
"8983","21303135118",2668.60534756651
"8984","21303135119",2307.61467397887
"8985","21303135120",5214.28314960507
"8986","21303135121",5747.15255053014
"8987","21303135122",4579.10295215163
"8988","21303135123",1083.87418008715
"8989","21303135124",4465.91053853102
"8990","21303135125",411.632221813734
"8991","21303135126",1504.29358841376
"8992","21303135127",4543.39098167747
"8993","21303135128",2445.91840948049
"8994","21303135201",2315.55021551021
"8995","21303135203",1057.58881407784
"8996","21303135204",552.259944079209
"8997","21303135205",1001.64922031131
"8998","21303135206",1597.17335709113
"8999","21303135207",1516.76348470475
"9000","21303135208",1163.62889465532
"9001","21303135209",3139.5997980371
"9002","21303135210",1632.88825993099
"9003","21303135211",3180.69565932641
"9004","21303135212",2943.18176532064
"9005","21303135213",2290.7439262697
"9006","21303135214",3441.36537883137
"9007","21303135215",1938.71999784016
"9008","21303135216",3543.45740143291
"9009","21303135217",998.069616276255
"9010","21303135218",1311.4825885441
"9011","21303135219",2375.24308466116
"9012","21303135220",993.749091175199
"9013","21303135221",1373.3371799056
"9014","21303135222",1062.95486308401
"9015","21303135223",3039.11771877751
"9016","21303135224",2524.89246742568
"9017","21303135225",767.70931960564
"9018","21303135226",2948.63560913932
"9019","21303135227",209.079607432952
"9020","21303135228",3838.81816818881
"9021","21303135229",687.961320398379
"9022","21303135230",1024.61002295711
"9023","21303135231",866.667838026405
"9024","21303135232",432.731124942855
"9025","21303135233",2426.926984998
"9026","21303135234",1997.4964406016
"9027","21304135801",1256.40172982226
"9028","21304135802",771.497669277969
"9029","21304135803",394.580304896123
"9030","21304135804",1922.00526210335
"9031","21304135805",612.527572847055
"9032","21304135806",766.710746172741
"9033","21304135809",657.754556460214
"9034","21304135810",744.322703397859
"9035","21304135812",1258.02664824314
"9036","21304135813",881.394846706353
"9037","21304135814",681.337594707996
"9038","21304135816",1027.30800323458
"9039","21304135817",274.146879739818
"9040","21304135818",891.614759100066
"9041","21304135819",810.090116918757
"9042","21304135821",1209.94480653527
"9043","21304135823",533.777410042243
"9044","21304135824",1732.29185665637
"9045","21304135825",997.942765983681
"9046","21304135826",719.821203416436
"9047","21304135827",1485.42085473969
"9048","21304135828",1280.11824820016
"9049","21304135829",974.844058126835
"9050","21304135830",755.766700377291
"9051","21304135832",728.977962980042
"9052","21304135833",786.665365585988
"9053","21304135834",503.16178292847
"9054","21304135835",1104.91570155739
"9055","21304135836",781.461715740505
"9056","21304135837",788.087215570619
"9057","21304135838",434.286128129127
"9058","21304135839",893.547914680621
"9059","21304135842",221.596251825885
"9060","21304135844",101.702821319889
"9061","21304135845",1045.57825204872
"9062","21304135846",505.24407688013
"9063","21304135847",143.736062567902
"9064","21304135848",119.501430235935
"9065","21304135849",492.884179000114
"9066","21304135851",8.83660673520232
"9067","21304135853",255.218712706886
"9068","21304135854",226.978946084662
"9069","21304135855",369.630383451113
"9070","21304135856",363.250760787874
"9071","21304135857",178.614838367535
"9072","21304135858",56.7119983508825
"9073","21304135859",135.609560170417
"9074","21304135861",94.5556009381394
"9075","21304135903",305.189951956674
"9076","21304135904",561.615055277897
"9077","21304135905",132.754362335951
"9078","21304135907",84.9616925917664
"9079","21304135909",24.6724342023356
"9080","21304135910",361.705333361944
"9081","21304135912",193.50605092268
"9082","21304135913",30.5962290277803
"9083","21304135915",210.026604145814
"9084","21304135917",283.116067600123
"9085","21304135918",509.18074105277
"9086","21304135924",237.075736883393
"9087","21304135925",649.889690380068
"9088","21304135926",186.824256790866
"9089","21304135929",189.783975478152
"9090","21304135930",3.11008978320635
"9091","21304135931",753.863789308503
"9092","21304135932",465.266727174275
"9093","21304135934",232.344498663598
"9094","21304135935",211.382245168305
"9095","21304135936",833.531118770466
"9096","21304135937",516.640649230972
"9097","21304135938",11.0234322796972
"9098","21304135941",31.6705561294254
"9099","21304135942",194.170294111773
"9100","21304135943",960.358218041679
"9101","21304135945",109.633964107363
"9102","21304135946",231.853388868547
"9103","21304135947",356.98130836012
"9104","21304135948",3.89558570844408
"9105","21304135949",486.694055685617
"9106","21304135951",571.340998505613
"9107","21304136001",555.174201299243
"9108","21304136002",974.497649501487
"9109","21304136003",483.289051236051
"9110","21304136004",208.345607675347
"9111","21304136006",873.687125153784
"9112","21304136007",739.780654367301
"9113","21304136008",906.233059351811
"9114","21304136009",793.256570371577
"9115","21304136010",479.55649083151
"9116","21304136011",177.753919005796
"9117","21304136012",919.612896176239
"9118","21304136013",346.642862997039
"9119","21304136014",667.408101428698
"9120","21304136015",1021.51553086778
"9121","21304136016",949.194139177349
"9122","21304136017",840.198844983421
"9123","21304136019",496.217118068375
"9124","21304136020",1075.95200253109
"9125","21304136021",559.304966573958
"9126","21304136022",958.618847839913
"9127","21304136023",1223.03732238424
"9128","21304136025",152.177453739997
"9129","21304136026",1305.42106240062
"9130","21304136027",33.784288845208
"9131","21304136028",905.440745479847
"9132","21304136029",319.199510197842
"9133","21304136030",305.469692445328
"9134","21304136031",880.074080303699
"9135","21304136032",416.852593083219
"9136","21304136033",508.219521655964
"9137","21304136034",69.1038215329048
"9138","21304136035",1141.24848687188
"9139","21304136036",1235.37063320722
"9140","21304136037",691.854082740205
"9141","21304136038",545.838420301724
"9142","21304146101",1468.21361494031
"9143","21304146102",1797.1828173111
"9144","21304146103",1737.08417360232
"9145","21304146104",875.301315814902
"9146","21304146105",1739.86450421611
"9147","21304146106",1646.02459050173
"9148","21304146107",1292.98977665875
"9149","21304146108",1144.47641058487
"9150","21304146109",1035.99627481191
"9151","21304146110",2051.9519750473
"9152","21304146111",1867.73040236658
"9153","21304146112",1460.29001708225
"9154","21304146113",364.832991819363
"9155","21304146201",1155.30388210272
"9156","21304146202",623.496894512039
"9157","21304146203",46.6017490616749
"9158","21304146204",570.751574899405
"9159","21304146205",976.691159606306
"9160","21304146206",403.316872892777
"9161","21304146207",618.861370365827
"9162","21304146208",722.550800315157
"9163","21304146209",904.918357936704
"9164","21304146210",51.5226826885636
"9165","21304146211",805.040987663966
"9166","21304146212",541.788424404656
"9167","21304146213",1132.77502806724
"9168","21304146301",2210.64030267885
"9169","21304146302",1879.02577972023
"9170","21304146303",664.599873085992
"9171","21304146304",572.961159540753
"9172","21304146305",207.449253673246
"9173","21304146306",2525.05171631524
"9174","21304146307",883.738577325162
"9175","21304146308",200.680311630586
"9176","21304146309",1333.95162307115
"9177","21304146310",748.711229618203
"9178","21304146311",626.349528553895
"9179","21304146312",2450.85446092995
"9180","21304146313",936.082370859765
"9181","21304146314",1151.67870205437
"9182","21304146315",1032.70364083636
"9183","21304146316",2326.453091015
"9184","21304146317",866.119150614993
"9185","21304146318",1286.86414788527
"9186","21304146319",762.24183833409
"9187","21304146320",1009.61270840806
"9188","21304146321",31.8255302488225
"9189","21304146322",2839.67222790687
"9190","21304146323",1599.97081134533
"9191","21304146324",2827.7670335553
"9192","21304146325",1329.87532076078
"9193","21304146326",1333.69859861047
"9194","21304146327",697.823573938159
"9195","21304146328",1709.4469561165
"9196","21304146329",404.820784912259
"9197","21304146330",577.258711813389
"9198","21304146331",1810.97689604422
"9199","21304146332",811.829442783499
"9200","21304146333",1960.91503118992
"9201","21304146334",1801.60341842532
"9202","21304146335",744.603416987757
"9203","21304146336",314.113579798262
"9204","21304146337",943.915356691217
"9205","21304146338",2585.43132710077
"9206","21304146339",568.103976138324
"9207","21304146340",1009.63877442491
"9208","21304146341",2407.36207910694
"9209","21304146342",235.302904267961
"9210","21304146343",927.074324692103
"9211","21304146344",904.74482755439
"9212","21304157101",334.767070500741
"9213","21304157104",0.289096389046464
"9214","21304157105",355.710665228971
"9215","21304157106",584.752178624163
"9216","21304157108",80.2380339856228
"9217","21304157109",352.033859418022
"9218","21304157110",572.475129383979
"9219","21304157111",60.3128668642283
"9220","21304157112",420.807830282933
"9221","21304157113",70.3477317896486
"9222","21304157114",13.7177881563583
"9223","21304157115",1782.2447971317
"9224","21304157117",1193.67317669038
"9225","21304157118",250.16314271426
"9226","21304157119",235.195924356182
"9227","21304157120",359.980867699868
"9228","21304157201",15.191542649387
"9229","21304157202",275.005892226992
"9230","21304157203",14.6430484213283
"9231","21304157205",144.617571320821
"9232","21304157206",297.72411700281
"9233","21304157207",503.753349225773
"9234","21304157209",63.9346682118551
"9235","21304157210",50.5139239577756
"9236","21304157212",39.5824425599716
"9237","21304157213",398.285775837926
"9238","21304157214",86.6548252042613
"9239","21304157215",0.956001268931768
"9240","21304157216",575.107103989326
"9241","21304157401",194.779080733311
"9242","21304157403",133.483413393929
"9243","21304157404",537.749521906356
"9244","21304157405",67.743520618781
"9245","21304157406",130.566702373975
"9246","21304157407",276.529214118551
"9247","21304157408",1.83286814613372
"9248","21304157409",494.625493894032
"9249","21304157410",9.9595903024081
"9250","21304157411",316.914339878317
"9251","21304157413",607.349184655406
"9252","21304157416",758.6096489724
"9253","21304157417",356.436707883219
"9254","21304157501",169.032145160156
"9255","21304157502",922.570376622189
"9256","21304157503",312.433239445263
"9257","21304157504",856.242259551728
"9258","21304157505",554.751512918269
"9259","21304157506",43.5971736860097
"9260","21304157507",499.066965489967
"9261","21304157508",1008.094358472
"9262","21304157509",336.115813675531
"9263","21304157510",505.535682236117
"9264","21304157511",1309.98777455131
"9265","21304157512",539.545797732745
"9266","21304157513",1052.40354496955
"9267","21304157514",647.59938332422
"9268","21304157515",276.241263986654
"9269","21304157516",4.39846973604378
"9270","21304157517",918.073952549635
"9271","21304157518",185.327732915254
"9272","21304157519",178.500578310739
"9273","21304157520",452.589961618952
"9274","21304157521",91.9582578260101
"9275","21304157522",513.939952295452
"9276","21304157523",974.308542725272
"9277","21304157524",1250.88315795519
"9278","21304157525",1025.03855398541
"9279","21304157526",813.849580049096
"9280","21304157527",1071.40953062881
"9281","21304157528",1188.40181980879
"9282","21304157530",759.115617849143
"9283","21304157531",1363.75038857113
"9284","21304157532",530.729751628027
"9285","21304157533",0.768528718962134
"9286","21304157534",982.578156030652
"9287","21304157535",963.908857877261
"9288","21304157536",1006.36117534694
"9289","21304157537",320.746454348286
"9290","21304157601",682.86350747957
"9291","21304157602",1.16376182536312
"9292","21304157603",157.141685963868
"9293","21304157605",430.303704927933
"9294","21304157606",186.858930670801
"9295","21304157607",87.4002716866506
"9296","21304157608",3.08029823361046
"9297","21304157609",664.018165847367
"9298","21304157610",131.857489653578
"9299","21304157611",145.451615380358
"9300","21304157612",1.449691605643
"9301","21304157613",1356.41426355862
"9302","21304157614",218.935323194444
"9303","21304157615",721.890818770621
"9304","21304157616",576.253654115085
"9305","21304157617",473.318102916309
"9306","21304157619",863.65684863885
"9307","21304157620",861.555320311015
"9308","21304157621",558.145999542323
"9309","21304157622",786.944861019601
"9310","21304157623",661.794905072542
"9311","21304157624",479.418888141843
"9312","21304157625",623.677453684468
"9313","21304157626",1661.65428366864
"9314","21304157627",583.159742008255
"9315","21304157701",1563.49041353996
"9316","21304157703",805.903258732492
"9317","21304157704",1183.00416807972
"9318","21304157705",1480.72138863803
"9319","21304157706",174.483072258579
"9320","21304157707",1187.78331789771
"9321","21304157708",282.79770282838
"9322","21304157709",1689.43317814224
"9323","21304157710",631.994686783411
"9324","21304157711",1850.6495640885
"9325","21304157712",1196.17333553131
"9326","21304157713",89.5430729697348
"9327","21304157714",1069.63724289211
"9328","21304157715",5.52655140378678
"9329","21304157716",1355.52475596547
"9330","21304157717",581.206175458567
"9331","21304157718",1496.47793996304
"9332","21304157719",1740.25633418107
"9333","21304157720",1196.2348412544
"9334","21304157721",777.172566024431
"9335","21304157802",242.721801708457
"9336","21304157803",668.739046051174
"9337","21304157804",530.138495281235
"9338","21304157805",1085.52974123037
"9339","21304157806",207.165410948531
"9340","21304157807",136.015948092432
"9341","21304157808",605.660487160926
"9342","21304157809",1519.81860441962
"9343","21304157810",1741.31939961528
"9344","21304157811",1180.20637547346
"9345","21304157812",1383.95624849147
"9346","21304157816",962.178825108525
"9347","21304157818",700.225806439572
"9348","21304157819",255.666536353437
"9349","21304157820",1352.26060725784
"9350","21304157822",767.425192895794
"9351","21304157823",885.831749524691
"9352","21304157825",775.0651192191
"9353","21304157826",342.871288486569
"9354","21304157827",757.758002694653
"9355","21304157828",461.378520902546
"9356","21304157829",1216.57423265118
"9357","21304157830",190.229301867718
"9358","21304157832",571.707340365935
"9359","21304157833",43.2217488058675
"9360","21304157834",1009.45310806509
"9361","21304157836",36.9456248797233
"9362","21305136101",331.557673154559
"9363","21305136102",844.542829550317
"9364","21305136103",1192.37579653411
"9365","21305136104",803.524444604948
"9366","21305136105",1524.80676491756
"9367","21305136106",721.214235793315
"9368","21305136107",1770.5246448894
"9369","21305136108",936.1172449744
"9370","21305136109",1144.83722624299
"9371","21305136110",1462.97261872777
"9372","21305136111",595.638734855191
"9373","21305136112",611.42371544701
"9374","21305136113",963.170985292848
"9375","21305136114",1375.79709557735
"9376","21305136115",1501.18088108261
"9377","21305136116",877.651108305708
"9378","21305136117",798.732036740146
"9379","21305136118",749.800898331878
"9380","21305136119",979.230022892021
"9381","21305136120",1033.61535920075
"9382","21305136121",1085.63230151391
"9383","21305136122",918.458693036894
"9384","21305136123",502.499320511799
"9385","21305136124",177.260440866998
"9386","21305136125",319.146290917985
"9387","21305136127",464.84819458235
"9388","21305136128",1376.25919171218
"9389","21305136129",882.699074387505
"9390","21305136130",466.526046790976
"9391","21305136131",264.850697791491
"9392","21305136132",470.031537597818
"9393","21305136133",518.686435500576
"9394","21305136134",465.712468203189
"9395","21305136135",586.698225881067
"9396","21305136136",922.895456421526
"9397","21305136137",873.436657185995
"9398","21305136138",847.973202997506
"9399","21305136139",590.865409041554
"9400","21305136140",999.35009845714
"9401","21305136141",1210.33756475334
"9402","21305136142",588.935277224594
"9403","21305136143",859.467333871251
"9404","21305136144",425.506476002716
"9405","21305136145",1063.66323223218
"9406","21305136146",717.603553877069
"9407","21305136147",934.617158166477
"9408","21305136148",576.419142322473
"9409","21305136149",580.968513403114
"9410","21305136150",1220.06662464072
"9411","21305136201",1192.22534964254
"9412","21305136202",1873.69665067529
"9413","21305136203",1076.29959725072
"9414","21305136204",777.166590232107
"9415","21305136205",883.927473298715
"9416","21305136206",1364.24416384447
"9417","21305136207",765.009685246793
"9418","21305136208",1504.45286195682
"9419","21305136209",1076.75348102968
"9420","21305136210",733.977770339925
"9421","21305136211",1749.76516566509
"9422","21305136212",1500.00277559048
"9423","21305136213",2283.67739813682
"9424","21305136214",378.686659345941
"9425","21305136215",1476.71759608594
"9426","21305136216",1800.14821370484
"9427","21305136217",2198.4504683025
"9428","21305136218",1179.56235853519
"9429","21305136219",1028.37424324448
"9430","21305136220",2106.33991795512
"9431","21305136221",1818.21242445338
"9432","21305136222",798.37443225282
"9433","21305136223",1135.47677157691
"9434","21305136224",1913.66510435185
"9435","21305136225",833.694867362337
"9436","21305136226",631.125080836227
"9437","21305136227",878.875899263587
"9438","21305136228",811.990486840036
"9439","21305136229",842.615495885488
"9440","21305136230",772.382169786796
"9441","21305136231",1796.98883472695
"9442","21305136232",1151.87607663112
"9443","21305136233",1908.73004211486
"9444","21305136234",1286.60695019315
"9445","21305136235",963.335863332175
"9446","21305136236",1013.60250033875
"9447","21305136237",2338.53048070591
"9448","21305136238",1637.32803873467
"9449","21305136239",1662.16375767014
"9450","21305136240",1278.5680772133
"9451","21305136241",1759.30563022068
"9452","21305136242",1845.05127983928
"9453","21305136243",2168.85256962719
"9454","21305136244",2309.84247670892
"9455","21305136245",549.772330438635
"9456","21305136246",1890.36299822037
"9457","21305136247",669.53467589631
"9458","21305136248",871.391057750962
"9459","21305136249",799.225621205532
"9460","21305136250",1435.49035490363
"9461","21305136301",1527.9348720667
"9462","21305136302",1343.19782305118
"9463","21305136303",1546.96739319942
"9464","21305136304",211.970869400652
"9465","21305136306",1011.56798223918
"9466","21305136307",144.209328289351
"9467","21305136308",1113.53123761937
"9468","21305136309",1211.86310800994
"9469","21305136310",878.197091247434
"9470","21305136311",1500.02812051768
"9471","21305136312",1066.77061241689
"9472","21305136313",1502.85632964328
"9473","21305136315",206.303993529755
"9474","21305136318",169.825927805924
"9475","21305136319",340.448764186001
"9476","21305136320",1308.68339002804
"9477","21305136321",1366.88570552568
"9478","21305136322",566.829679910932
"9479","21305136323",827.762418144593
"9480","21305136324",549.404629903939
"9481","21305136325",1632.96141876666
"9482","21305136326",401.221431189121
"9483","21305136327",299.036726661293
"9484","21305136328",1212.3044595681
"9485","21305136329",1699.67524676964
"9486","21305136330",2.19953053078163
"9487","21305136801",1070.35161193216
"9488","21305136802",527.934504635455
"9489","21305136803",0.130007633468878
"9490","21305136804",568.310881214948
"9491","21305136805",2812.94958236618
"9492","21305136806",633.591332309162
"9493","21305136807",765.432023515057
"9494","21305136808",719.017234005965
"9495","21305136809",194.897199015688
"9496","21305136810",525.20658994875
"9497","21305136811",587.12490247812
"9498","21305136812",136.118599431319
"9499","21305136813",22.7837545812681
"9500","21305136815",400.166630768998
"9501","21305136816",770.699771534413
"9502","21305136817",811.75867728394
"9503","21305136819",86.6597137111521
"9504","21305136820",17.3468339838585
"9505","21305136821",592.368704380851
"9506","21305136822",757.300588902262
"9507","21305136823",225.329024513326
"9508","21305136824",1491.57525878822
"9509","21305136825",7.04465519520102
"9510","21305136826",401.43941419943
"9511","21305136827",151.103002281069
"9512","21305136828",212.6618696141
"9513","21305136829",103.246872214103
"9514","21305136830",102.488425590437
"9515","21305136831",34.636456047298
"9516","21305136832",0.0654071569996789
"9517","21305136833",473.804627788424
"9518","21305136834",48.2682383110829
"9519","21305136835",24.6016022925344
"9520","21305136837",440.828109407789
"9521","21305136838",587.34798506462
"9522","21305136839",17.0435556958761
"9523","21305136840",231.056490256983
"9524","21305136841",10.7648230592338
"9525","21305136842",1.43039545305901
"9526","21305136843",83.2088570685504
"9527","21305136844",10.3489097396778
"9528","21305146401",208.921813423272
"9529","21305146403",469.158647729665
"9530","21305146405",174.210002744917
"9531","21305146406",509.093443580961
"9532","21305146407",902.977978268176
"9533","21305146408",216.92980199652
"9534","21305146409",274.853283282968
"9535","21305146411",202.556671309405
"9536","21305146412",101.666768485573
"9537","21305146413",124.246212989166
"9538","21305146414",277.338945101658
"9539","21305146417",148.983070636779
"9540","21305146418",670.791809648446
"9541","21305146419",88.161413891059
"9542","21305146420",720.466435659046
"9543","21305146421",541.937342940721
"9544","21305146422",325.124590375855
"9545","21305146423",248.950505629165
"9546","21305146424",176.159456513195
"9547","21305146425",271.90674072332
"9548","21305146426",76.9547525801881
"9549","21305146427",300.5716049014
"9550","21305146428",397.156332590814
"9551","21305146429",151.860291175497
"9552","21305146430",160.255017985522
"9553","21305146431",275.248819345804
"9554","21305146432",314.680295406149
"9555","21305146433",159.223760397179
"9556","21305146434",434.36945859807
"9557","21305146435",257.794008200298
"9558","21305146436",155.911646180726
"9559","21305146437",430.014070315651
"9560","21305146438",522.257247310333
"9561","21305146439",84.459854405845
"9562","21305146440",532.642979290564
"9563","21305146441",779.776750775778
"9564","21305146442",4.71535003128233
"9565","21305146443",22.5251360602707
"9566","21305146444",289.100113602653
"9567","21305146445",111.335040746104
"9568","21305146446",131.669642769448
"9569","21305146447",144.618363110311
"9570","21305146601",751.568748821764
"9571","21305146602",442.099924696739
"9572","21305146603",662.209598475803
"9573","21305146604",372.074938217128
"9574","21305146605",394.575645623935
"9575","21305146607",496.387838865254
"9576","21305146608",831.464418032977
"9577","21305146609",285.301796727319
"9578","21305146611",320.261543593942
"9579","21305146612",716.844749437101
"9580","21305146614",777.982884446278
"9581","21305146615",5.51181907915165
"9582","21305146616",72.5982663624463
"9583","21305146617",647.281984110809
"9584","21305146618",967.595419169405
"9585","21305146619",617.838933278567
"9586","21305146620",935.615111364271
"9587","21305146622",125.071123866243
"9588","21305146623",83.4697841446451
"9589","21305146624",90.4088893745966
"9590","21305146626",369.980380699117
"9591","21305146627",175.530422292184
"9592","21305146628",124.174424006845
"9593","21305146631",152.395415433921
"9594","21305146632",65.3636216959442
"9595","21305146633",99.4773237118608
"9596","21305146635",337.224970763057
"9597","21305146636",483.136519076788
"9598","21305146637",253.237462419899
"9599","21305146638",12.9950395373705
"9600","21305146701",1070.22658421839
"9601","21305146702",289.319104849745
"9602","21305146703",2189.09646470843
"9603","21305146704",3407.72496360323
"9604","21305146705",670.552755213006
"9605","21305146706",1613.17760660781
"9606","21305146707",1276.74588121205
"9607","21305146708",901.571010004161
"9608","21305146709",1085.34919701021
"9609","21305146710",1772.50661788567
"9610","21305146711",1023.67779297215
"9611","21305146712",2469.60320010465
"9612","21305146713",1010.66571383018
"9613","21305146714",886.060858322559
"9614","21305146715",635.646423740205
"9615","21305146716",3167.26399681655
"9616","21305146717",2067.79195686712
"9617","21305146718",1001.75291894874
"9618","21305146719",1539.53600481149
"9619","21305146720",1050.9399905232
"9620","21305146721",480.499904391632
"9621","21305146722",660.413532384083
"9622","21305146723",928.233350892047
"9623","21305146724",683.92197839345
"9624","21305146725",1240.90504366853
"9625","21305146726",443.745215140731
"9626","21305146727",1831.09479258963
"9627","21305146728",3089.41807840795
"9628","21305146729",383.758589094858
"9629","21305146730",3159.95981712654
"9630","21305146731",1946.28995431177
"9631","21305146732",2392.12682881266
"9632","21305146733",934.3876367667
"9633","21305146734",2524.94359978463
"9634","21305146735",320.480928182213
"9635","21305146736",3558.61513148703
"9636","21305146737",1583.86687275107
"9637","21305146738",366.980406005314
"9638","21305146739",272.167197361999
"9639","21305146740",2066.50710852397
"9640","21305146741",2140.52080581748
"9641","21305146742",735.219833136035
"9642","21305146743",1342.53328330207
"9643","21305146744",2933.70182165917
"9644","21305146745",3606.96522930186
"9645","21305146746",3852.40107696503
"9646","21305146747",4299.81726670619
"9647","21305146748",1795.73078180923
"9648","21305146802",88.7608823999151
"9649","21305146803",2162.18142704668
"9650","21305146804",3147.08640179386
"9651","21305146805",1207.66653032744
"9652","21305146806",385.037843668695
"9653","21305146807",1271.697723086
"9654","21305146809",603.524129646082
"9655","21305146810",641.044356863881
"9656","21305146811",791.35487061133
"9657","21305146812",1566.30340985053
"9658","21305146813",1476.94102039242
"9659","21305146814",1331.37698358444
"9660","21305146815",864.683271602289
"9661","21305146816",1718.32563830266
"9662","21305146817",1559.69753608342
"9663","21305146818",2053.37568793684
"9664","21305146819",854.689893413346
"9665","21305146820",796.771576639546
"9666","21305146821",1017.7530441179
"9667","21305146822",701.667073352223
"9668","21305146823",854.445332234738
"9669","21305146824",2050.27349015187
"9670","21305146825",1036.95434049976
"9671","21305146826",636.408533801282
"9672","21305146827",975.006366761736
"9673","21305146828",93.5296030804167
"9674","21305146835",160.876880630669
"9675","21305146836",327.2242786763
"9676","21305146837",266.290218383948
"9677","21305146839",12.1128419119856
"9678","21305146841",658.008392402409
"9679","21305146842",250.672151195239
"9680","21305146844",5.78680858834691
"9681","21305146845",86.4505695654717
"9682","21305146851",4.23402607065892
"9683","21305146853",28.2211342896493
"9684","21305146854",200.289892957063
"9685","21305146855",685.753886791375
"9686","21305146856",234.455934752073
"9687","21305146858",57.0371009807051
"9688","21305146860",175.024802214879
"9689","21305146863",425.393808462159
"9690","21305146865",258.942926363627
"9691","21305146866",23.5684768858613
"9692","21305157901",385.007810769566
"9693","21305157902",0.546096000967687
"9694","21305157903",320.197272228326
"9695","21305157904",0.761155122677368
"9696","21305157905",177.34588740879
"9697","21305157906",140.862348896966
"9698","21305157907",1239.77376724716
"9699","21305157908",455.523117465358
"9700","21305157909",793.420104863772
"9701","21305157910",115.797640683183
"9702","21305157911",501.812811953512
"9703","21305157913",131.961162385236
"9704","21305157914",674.297900541577
"9705","21305157915",295.123336637125
"9706","21305157916",32.111998247695
"9707","21305157917",225.550581753407
"9708","21305157918",61.4062961656587
"9709","21305157919",2.66354032157603
"9710","21305157920",340.608328395573
"9711","21305157921",3.95442607336158
"9712","21305157923",130.281371552063
"9713","21305158001",2093.94004657952
"9714","21305158002",739.999530257387
"9715","21305158003",1340.98897693061
"9716","21305158004",1092.11806992575
"9717","21305158005",1339.60023409217
"9718","21305158006",13.1309125242059
"9719","21305158007",1519.10555455815
"9720","21305158008",413.423540145634
"9721","21305158009",1267.12922131968
"9722","21305158010",1324.75013745074
"9723","21305158011",1906.7034665647
"9724","21305158012",722.042402596658
"9725","21305158013",1618.06701347729
"9726","21305158014",1436.96104740682
"9727","21305158015",942.210026490241
"9728","21305158016",675.841483643621
"9729","21305158017",1029.26118365787
"9730","21305158018",93.8135991745451
"9731","21305158019",812.753142522531
"9732","21305158020",998.486050282391
"9733","21305158021",48.500007466452
"9734","21305158022",769.903197694548
"9735","21305158023",1353.02535012854
"9736","21305158024",1005.65142920736
"9737","21305158025",966.514228992929
"9738","21305158026",1193.87292495073
"9739","21305158027",563.442607808903
"9740","21305158028",1343.99527141807
"9741","21305158029",991.971080635753
"9742","21305158030",384.496069678181
"9743","21305158031",278.959126206917
"9744","21305158032",1139.75995382203
"9745","21305158033",480.233460815765
"9746","21305158034",827.567917091467
"9747","21305158101",251.178811034208
"9748","21305158102",1023.78386671445
"9749","21305158103",899.416980935933
"9750","21305158104",243.55988466847
"9751","21305158105",455.485681872767
"9752","21305158106",521.451677379197
"9753","21305158107",574.09486001046
"9754","21305158108",495.308725181799
"9755","21305158109",512.691419606458
"9756","21305158110",716.58999538551
"9757","21305158111",345.457702043177
"9758","21305158112",578.518643858658
"9759","21305158113",20.1751798767392
"9760","21305158114",368.840761963856
"9761","21305158115",278.30501870084
"9762","21305158116",578.374822008867
"9763","21305158117",636.005412670765
"9764","21305158118",762.020071592788
"9765","21305158119",59.6314717010596
"9766","21305158120",227.489984124269
"9767","21305158201",75.1613045803516
"9768","21305158202",172.39061525437
"9769","21305158203",804.79833157523
"9770","21305158205",561.047086037033
"9771","21305158208",1015.47692719871
"9772","21305158210",255.426587379669
"9773","21305158211",337.893578821185
"9774","21305158212",9.11933927862419
"9775","21305158213",193.96339894304
"9776","21305158214",6.17729463665436e-06
"9777","21305158215",700.428514088235
"9778","21305158217",545.06147452951
"9779","21305158218",542.304312994247
"9780","21305158219",359.531135718194
"9781","21305158220",618.191123925919
"9782","21305158221",669.647668913267
"9783","21305158222",109.528776323146
"9784","21305158223",670.555490766326
"9785","21305158301",394.379325554323
"9786","21305158302",1197.68841250456
"9787","21305158303",820.093831680768
"9788","21305158304",1373.60743358003
"9789","21305158305",1593.64269511322
"9790","21305158306",872.477753281879
"9791","21305158307",678.237998631293
"9792","21305158308",1765.14903386796
"9793","21305158309",465.089300276974
"9794","21305158310",721.867933777285
"9795","21305158311",1057.79789581086
"9796","21305158312",2013.24097275571
"9797","21305158313",1529.61458685175
"9798","21305158314",389.406648350021
"9799","21305158315",657.693252720166
"9800","21305158316",968.614486628135
"9801","21305158317",2921.00626020833
"9802","21305158318",1691.94405534706
"9803","21305158319",2181.46351308122
"9804","21305158320",254.390593379054
"9805","21305158321",292.679998714977
"9806","21305158322",995.866973092119
"9807","21305158323",558.172124193478
"9808","21305158324",2163.21245076226
"9809","21305158325",2540.76990587391
"9810","21305158326",724.247825251769
"9811","21305158327",751.362428190435
"9812","21305158328",1318.75426718929
"9813","21305158329",1150.52758421968
"9814","21305158330",1684.85543998946
"9815","21305158331",1590.4244024137
"9816","21305158332",644.907206107237
"9817","21305158333",668.783278760108
"9818","21305158334",1386.87457360091
"9819","21305158335",263.040963567175
"9820","21305158336",1529.00702630109
"9821","21305158337",911.954503811145
"9822","21305158338",1081.84821413524
"9823","21305158339",1078.86684084026
"9824","21305158340",1468.00658818245
"9825","21305158341",745.069633432917
"9826","21305158342",854.669138719117
"9827","21305158343",1071.0350675546
"9828","21305158344",822.284603509557
"9829","21305158345",1339.10121671181
"9830","21305158346",591.815038865393
"9831","21305158347",1633.19134338297
"9832","21305158348",590.33446426383
"9833","21305158349",919.028212176601
"9834","21305158350",1392.98323632494
"9835","21305158351",871.914735340399
"9836","21305158401",651.537766997347
"9837","21305158402",586.157775658529
"9838","21305158404",0.297412536703947
"9839","21305158405",34.0297317976149
"9840","21305158406",500.051149155059
"9841","21305158408",716.433137859753
"9842","21305158409",10.7055140736278
"9843","21305158410",74.4218602967702
"9844","21305158411",1222.45864768787
"9845","21305158501",1255.75243420975
"9846","21305158502",1005.15330986204
"9847","21305158503",477.13381177098
"9848","21305158504",1703.61555008469
"9849","21305158505",1461.03770241331
"9850","21305158506",1755.80134401317
"9851","21305158507",1562.84931252842
"9852","21305158508",2621.25042092555
"9853","21305158509",788.981078820473
"9854","21305158510",619.571595612663
"9855","21305158511",1711.57756679721
"9856","21305158512",1369.71167617584
"9857","21305158513",1355.1292618667
"9858","21305158514",819.750752390006
"9859","21305158515",945.342890314322
"9860","21305158516",1091.17784103693
"9861","21305158517",457.739593119097
"9862","21305158518",521.21787212161
"9863","21305158519",579.596879773453
"9864","21305158520",1289.86282215715
"9865","21305158521",858.243978275405
"9866","21305158522",702.82031226064
"9867","21305158523",1190.29372644296
"9868","21305158602",33.7222742820953
"9869","21305158604",604.601579532198
"9870","21305158605",33.4351830136078
"9871","21305158606",117.046020321128
"9872","21305158607",157.400816544009
"9873","21305158609",45.9585041699934
"9874","21305158611",1116.71054148677
"9875","21305158612",770.308670437186
"9876","21305158615",7.88178124108319
"9877","21305158616",260.861616191273
"9878","21305158701",625.504306476678
"9879","21305158702",699.003687208447
"9880","21305158703",1664.45400230343
"9881","21305158704",785.967655087107
"9882","21305158705",484.651437497206
"9883","21305158706",699.704475021131
"9884","21305158707",915.284704918178
"9885","21305158708",55.670488489215
"9886","21305158709",297.650496972403
"9887","21305158710",701.705414633083
"9888","21305158711",465.953125588843
"9889","21305158712",681.333498532333
"9890","21305158713",873.130209204434
"9891","21305158714",195.802605429988
"9892","21305158715",316.681905080591
"9893","21305158716",1111.22429072562
"9894","21305158717",34.7882769296354
"9895","21305158718",1313.93036710424
"9896","21305158719",1547.22442223756
"9897","21305158720",1018.80597208206
"9898","21305158801",989.163218034528
"9899","21305158802",786.775967768158
"9900","21305158803",495.125022394669
"9901","21305158804",1366.47635553482
"9902","21305158805",606.882615133929
"9903","21305158806",510.09683782687
"9904","21305158807",125.405791299532
"9905","21305158808",689.31703989894
"9906","21305158809",791.862819008136
"9907","21305158810",406.740815615789
"9908","21305158811",721.348026621056
"9909","21305158812",280.347142254251
"9910","21305158813",1236.53954031077
"9911","21305158814",548.638507847531
"9912","21305158815",303.117135855666
"9913","21305158816",962.043535846179
"9914","21305158817",243.207470350301
"9915","21305158818",371.551397067404
"9916","21305158819",1442.43316946974
"9917","21305158820",1128.74633409345
"9918","21305158821",615.142205640323
"9919","21305158822",511.446544972365
"9920","21305158823",1333.35955625475
"9921","21305158824",355.651564665948
"9922","21305158826",810.634630851445
"9923","21305158827",1116.54984145644
"9924","21305158828",379.671511428172
"9925","21305158829",707.223984838366
"9926","21305158830",487.38978960165
"9927","21305158831",150.897973208684
"9928","21305158832",85.9449379062008
"9929","21305158833",34.6285407842597
"9930","21305158834",1794.36140582768
"9931","21305158901",184.006486767548
"9932","21305158902",1641.56873481937
"9933","21305158904",136.502501896452
"9934","21305158905",686.447552003036
"9935","21305158906",1150.19409686328
"9936","21305158907",410.643333867083
"9937","21305158909",271.104278535313
"9938","21305158910",72.2234922530436
"9939","21305158911",511.040827041497
"9940","21305158913",379.02287181649
"9941","21305158915",977.757493768836
"9942","21305158917",1723.12946014536
"9943","21305158918",15.8708892036188
"9944","21305158919",123.625715743793
"9945","21305158920",43.7339396703675
"9946","21305158921",1036.21475335366
"9947","21305158922",116.449438482122
"9948","21305158923",34.0353744013874
"9949","21305159001",803.086308133647
"9950","21305159002",456.03378965386
"9951","21305159003",622.299745992121
"9952","21305159004",716.481195229695
"9953","21305159005",547.448657832957
"9954","21305159006",98.63997090308
"9955","21305159007",595.021563891882
"9956","21305159008",2216.89631213857
"9957","21305159009",1827.96891186621
"9958","21305159010",2115.54520743922
"9959","21305159011",680.86914021401
"9960","21305159012",346.686950444165
"9961","21305159013",1307.47021506686
"9962","21305159014",594.825672841193
"9963","21305159015",1631.60658625862
"9964","21305159016",822.152553744367
"9965","21305159017",1557.41780285259
"9966","21305159018",3095.35199394437
"9967","21305159019",775.010251082998
"9968","21305159020",836.089525658806
"9969","21305159021",1485.74466958978
"9970","21305159022",304.656273395087
"9971","21305159023",602.068742345231
"9972","21305159024",21.8695363615853
"9973","21305159025",826.665771395213
"9974","21305159026",725.646887839683
"9975","21305159027",727.893969989624
"9976","21305159028",340.842577322213
"9977","21305159029",1974.72613303793
"9978","21305159030",877.744116205164
"9979","21305159031",1662.91999255496
"9980","21305159032",190.310499898768
"9981","21305159033",538.942661163405
"9982","21305159034",1991.9270792598
"9983","21305159035",1050.51105757093
"9984","21401137001",1045.81125779309
"9985","21401137002",1628.18301825913
"9986","21401137003",966.563480984962
"9987","21401137004",855.454092118547
"9988","21401137006",1739.99329363775
"9989","21401137009",426.343677061828
"9990","21401137010",1386.01072159191
"9991","21401137011",782.820812578779
"9992","21401137014",687.161692110538
"9993","21401137015",658.476462451181
"9994","21401137016",1361.17711988574
"9995","21401137017",2202.18446158919
"9996","21401137018",1199.65625720611
"9997","21401137019",1143.03870350444
"9998","21401137020",1627.88945544956
"9999","21401137021",1737.04118097567
"10000","21401137022",1295.38169215191
"10001","21401137025",30.095778708605
"10002","21401137026",44.9123562256701
"10003","21401137027",628.967479990314
"10004","21401137028",245.467077125899
"10005","21401137029",260.981693997723
"10006","21401137030",953.939023496553
"10007","21401137031",798.315714180319
"10008","21401137034",1927.05550835776
"10009","21401137035",2491.62911110843
"10010","21401137036",3124.21139479707
"10011","21401137037",1264.40108389529
"10012","21401137038",2163.19648318606
"10013","21401137039",1728.68617069132
"10014","21401137040",1169.34649693248
"10015","21401137041",907.642553772633
"10016","21401137042",554.671608036037
"10017","21401137043",1099.10035829228
"10018","21401137044",504.43415524491
"10019","21401137045",1035.40543798925
"10020","21401137046",3726.49635042186
"10021","21401137047",2070.06205665428
"10022","21401137048",558.001434933686
"10023","21401137049",3418.74177463562
"10024","21401137050",407.603245737829
"10025","21401137051",820.684605746734
"10026","21401137053",327.555538774085
"10027","21401137054",759.129953442466
"10028","21401137055",1172.35263733771
"10029","21401137056",1308.92155646401
"10030","21401137057",781.446866263354
"10031","21401137058",1643.90914053066
"10032","21401137059",1135.31255478778
"10033","21401137060",1749.1384437137
"10034","21401137061",501.480974726627
"10035","21401137062",1716.80340547858
"10036","21401137063",1744.74870417136
"10037","21401137064",607.123304837088
"10038","21401137065",1398.36223864988
"10039","21401137101",631.809589464042
"10040","21401137102",192.221190903556
"10041","21401137103",107.953524230087
"10042","21401137104",523.016659330442
"10043","21401137105",356.463105120205
"10044","21401137106",394.097030047896
"10045","21401137107",659.184000720775
"10046","21401137108",943.558105746728
"10047","21401137109",746.804308277513
"10048","21401137110",213.64913627277
"10049","21401137111",47.8317826277232
"10050","21401137112",189.131901496801
"10051","21401137113",268.421079438396
"10052","21401137114",1298.22261056025
"10053","21401137115",518.750418565275
"10054","21401137116",1299.26813946808
"10055","21401137117",663.569870011731
"10056","21401137118",209.34159687564
"10057","21401137119",333.552465342258
"10058","21401137120",554.746952330514
"10059","21401137121",596.428695354108
"10060","21401137122",1459.56191748368
"10061","21401137123",2381.06915066334
"10062","21401137124",2001.2683802328
"10063","21401137125",1852.86074593374
"10064","21401137126",173.424422226389
"10065","21401137127",8.15910407545675
"10066","21401137128",287.03118096977
"10067","21401137129",1219.97040611303
"10068","21401137130",1253.57055304497
"10069","21401137131",3630.21832538962
"10070","21401137132",2442.43118469803
"10071","21401137133",1569.40461899364
"10072","21401137134",1813.27293244943
"10073","21401137135",1584.61598563586
"10074","21401137136",1213.71962071856
"10075","21401137137",2094.6878276471
"10076","21401137138",1889.25466601553
"10077","21401137139",544.264720092245
"10078","21401137140",412.245186857615
"10079","21401137141",1210.64302110226
"10080","21401137142",161.356326114311
"10081","21401137143",479.506177151862
"10082","21401137144",256.239902390084
"10083","21401137145",1806.68095377082
"10084","21401137146",235.911424653291
"10085","21401137147",423.900651468391
"10086","21401137148",242.029427411366
"10087","21401137149",416.911706606882
"10088","21401137150",490.311185423172
"10089","21401137151",2496.46402916903
"10090","21401137152",1073.78655248411
"10091","21401137153",2143.67206237651
"10092","21401137154",162.67953037584
"10093","21401137155",1916.47189159012
"10094","21401137201",351.14032050079
"10095","21401137202",461.589101774832
"10096","21401137203",780.784701581079
"10097","21401137204",607.670637027001
"10098","21401137205",1409.99469160804
"10099","21401137206",87.4919723726028
"10100","21401137207",1826.49279715612
"10101","21401137208",1597.4417193594
"10102","21401137209",349.589351989026
"10103","21401137210",193.010177263244
"10104","21401137211",1203.51531241661
"10105","21401137212",518.584386040351
"10106","21401137213",622.729266632116
"10107","21401137214",683.962919052505
"10108","21401137215",719.986883673666
"10109","21401137216",892.616095962258
"10110","21401137217",1637.95238604745
"10111","21401137218",1346.65721907669
"10112","21401137219",1982.67997423951
"10113","21401137220",322.842740280534
"10114","21401137221",434.749906703192
"10115","21401137222",788.83467379545
"10116","21401137223",425.480309378613
"10117","21401137224",1583.97519984033
"10118","21401137225",2300.38319952522
"10119","21401137226",1178.91749412003
"10120","21401137227",859.92140942805
"10121","21401137228",576.747799605854
"10122","21401137229",800.143454503009
"10123","21401137230",677.330491254881
"10124","21401137231",839.624358137907
"10125","21401137232",1305.96718499665
"10126","21401137233",1353.35475499929
"10127","21401137234",2878.65909607061
"10128","21401137235",1026.74747161151
"10129","21401137236",1048.49206207672
"10130","21401137237",840.9952210365
"10131","21401137238",973.091231999543
"10132","21401137239",716.760292104308
"10133","21401137240",1100.32676420951
"10134","21401137241",1842.78719514741
"10135","21401137242",708.276763938636
"10136","21401137243",1580.75528250221
"10137","21401137244",2052.35690376691
"10138","21401137245",2823.96964647434
"10139","21401137246",953.906237035366
"10140","21401137247",589.305366685371
"10141","21401137248",904.069638223655
"10142","21401137301",399.521941797353
"10143","21401137302",113.700883590454
"10144","21401137303",127.9370456417
"10145","21401137304",85.5191780702194
"10146","21401137305",129.874697918708
"10147","21401137306",152.854507221043
"10148","21401137307",130.860085414348
"10149","21401137308",350.443958126741
"10150","21401137309",280.183454059578
"10151","21401137310",252.604665853749
"10152","21401137311",194.863063622988
"10153","21401137312",548.179634614557
"10154","21401137313",257.109138282671
"10155","21401137314",133.387608207053
"10156","21401137315",57.1929946779891
"10157","21401137316",121.351595770245
"10158","21401137317",132.668827405926
"10159","21401137318",65.0155632900619
"10160","21401137319",519.033119288445
"10161","21401137320",495.905771336654
"10162","21401137321",483.16664605663
"10163","21401137322",175.136936720034
"10164","21401137323",483.479924524946
"10165","21401137324",568.853790099191
"10166","21401137325",516.701512286137
"10167","21401137326",320.984818648977
"10168","21401137327",687.561382355681
"10169","21401137328",446.55338523989
"10170","21401137329",516.502013923139
"10171","21401137330",302.641616808384
"10172","21401137331",816.472749631353
"10173","21401137332",619.703924911448
"10174","21401137333",1539.07514367694
"10175","21401137334",1446.34766626488
"10176","21401137335",888.401334071798
"10177","21401137336",1499.94740189074
"10178","21401137337",366.725932614163
"10179","21401137338",392.255768129618
"10180","21401137339",153.919980182963
"10181","21401137340",212.696790828571
"10182","21401137341",59.3048852847151
"10183","21401137342",109.66210631538
"10184","21401137343",98.1606891488863
"10185","21401137344",32.1063810242285
"10186","21401137345",371.706740688558
"10187","21401137401",1883.33734354531
"10188","21401137402",433.248437514492
"10189","21401137403",2003.63829401414
"10190","21401137404",1116.33549272902
"10191","21401137405",549.267676693643
"10192","21401137406",380.229272781948
"10193","21401137408",54.3314921233211
"10194","21401137409",117.883954462578
"10195","21401137410",1570.77503266344
"10196","21401137411",495.529126883636
"10197","21401137412",627.018279822393
"10198","21401137413",768.158474710126
"10199","21401137415",1339.37794512272
"10200","21401137416",656.972603340595
"10201","21401137417",703.856614156421
"10202","21401137418",554.970200299897
"10203","21401137419",1415.063832608
"10204","21401137420",981.399302099962
"10205","21401137422",5.75425228496346
"10206","21401137423",1852.79504402394
"10207","21401137424",91.8779440041036
"10208","21401137425",831.269846939627
"10209","21401137426",4.89942131240652
"10210","21401137427",11.2345973404519
"10211","21401137428",323.870930266661
"10212","21401137429",61.9679968293574
"10213","21401137430",236.886841494993
"10214","21401137431",986.152197792874
"10215","21401137432",617.358840152242
"10216","21401137433",419.854075866137
"10217","21401137434",300.30708141466
"10218","21401137435",0.31979039658317
"10219","21401137436",176.374658159579
"10220","21401137437",10.8743053032781
"10221","21401137438",9.36388219171227
"10222","21401137441",137.041667765595
"10223","21401137442",1867.02230112825
"10224","21401137443",464.618358439496
"10225","21401137444",380.375159614749
"10226","21401137445",973.913298401255
"10227","21401137446",1455.19760477076
"10228","21401137447",86.7848000042082
"10229","21401137448",343.610973536
"10230","21401137449",1745.75467755257
"10231","21401137450",513.310427353209
"10232","21401137451",0.544063116063656
"10233","21401137453",60.4412331072774
"10234","21401137454",46.0299080936359
"10235","21401137501",1374.17133589478
"10236","21401137502",393.787699928366
"10237","21401137503",152.13875716006
"10238","21401137504",374.339182287513
"10239","21401137505",210.040050740927
"10240","21401137506",201.969690246382
"10241","21401137507",585.722082154627
"10242","21401137508",253.388229673817
"10243","21401137509",24.6275064183925
"10244","21401137510",81.4326882393062
"10245","21401137511",650.808778285862
"10246","21401137512",134.062063323703
"10247","21401137513",544.180787265686
"10248","21401137514",495.688811493
"10249","21401137515",596.293171708955
"10250","21401137516",722.459227993853
"10251","21401137517",517.641527265286
"10252","21401137518",795.60382702886
"10253","21401137519",106.77038314363
"10254","21401137520",428.036138372553
"10255","21401137521",173.422527582126
"10256","21401137522",449.162647262398
"10257","21401137523",511.83804581653
"10258","21401137524",2684.30696653795
"10259","21401137525",178.919392517822
"10260","21401137526",562.053026361316
"10261","21401137527",190.517644387127
"10262","21401137528",386.212821824749
"10263","21401137529",571.483880127592
"10264","21401137530",2240.93968943908
"10265","21401137531",840.055977328037
"10266","21401137532",337.785366484177
"10267","21401137533",2338.79328860953
"10268","21401137534",1894.65569120808
"10269","21401137535",2317.14517346527
"10270","21401137536",2036.98481256564
"10271","21401137537",994.056352399969
"10272","21401137538",2042.77020708861
"10273","21401137539",1004.44377719108
"10274","21401137540",1331.51069655098
"10275","21401137541",2064.94554483952
"10276","21401137601",246.195704545138
"10277","21401137603",6.0717430872853
"10278","21401137604",165.719560982873
"10279","21401137605",122.385304799696
"10280","21401137606",417.094024460134
"10281","21401137607",1182.92990474783
"10282","21401137608",596.090031680426
"10283","21401137609",11.8619589340533
"10284","21401137610",427.919946153287
"10285","21401137611",731.401500911725
"10286","21401137612",437.305400347417
"10287","21401137613",845.979036660644
"10288","21401137614",517.482471220736
"10289","21401137615",701.972862136986
"10290","21401137616",13.8886438891454
"10291","21401137618",736.895037463915
"10292","21401137619",159.166185784238
"10293","21401137621",199.00143608091
"10294","21401137622",282.321024089701
"10295","21401137624",159.197084242055
"10296","21401137625",1392.58890915492
"10297","21401137626",479.508475010809
"10298","21401137628",249.184734951601
"10299","21401137629",919.470609655266
"10300","21402137701",748.293020605718
"10301","21402137702",4.93782175896162
"10302","21402137703",115.198525846166
"10303","21402137704",1108.52047961917
"10304","21402137705",33.3316603617169
"10305","21402137706",695.390638818469
"10306","21402137707",242.379172952988
"10307","21402137708",1141.20489874679
"10308","21402137709",1.34776168599272
"10309","21402137710",660.882356171067
"10310","21402137713",1027.85676001891
"10311","21402137714",293.692630082006
"10312","21402137715",799.8508942985
"10313","21402137716",927.615491797025
"10314","21402137718",453.839209189862
"10315","21402137721",505.41060674164
"10316","21402137801",9.19216590639743
"10317","21402137803",1.10459867296485
"10318","21402137804",10.5155122995776
"10319","21402137805",5.48840868128286
"10320","21402137806",7.75913749189399
"10321","21402137815",0.547294094183829
"10322","21402137816",0.206877192532946
"10323","21402137817",12.2912101274774
"10324","21402137818",2.53120860070171
"10325","21402137901",31.6445130600958
"10326","21402137902",45.6916129033219
"10327","21402137903",349.49242402164
"10328","21402137904",659.204797969297
"10329","21402137905",22.9219922092014
"10330","21402137907",49.5896972711508
"10331","21402137908",470.238746354449
"10332","21402137912",257.850692113844
"10333","21402137913",74.7455176104279
"10334","21402137916",31.5336049664769
"10335","21402137918",17.3459272917794
"10336","21402137919",24.0356890249745
"10337","21402137920",47.9530623090371
"10338","21402137921",322.847944099451
"10339","21402137922",239.254172261929
"10340","21402137923",23.9749047159864
"10341","21402137924",167.455699843629
"10342","21402137925",61.5327588600432
"10343","21402137926",39.7962038932801
"10344","21402137927",85.3981132635808
"10345","21402137928",24.6869464561355
"10346","21402137929",9.09072899672727
"10347","21402137930",80.6058362728326
"10348","21402137931",1.20533135569584
"10349","21402137932",34.6738781086198
"10350","21402137933",178.353363239076
"10351","21402137934",4.81775343910059
"10352","21402137935",23.5981425408665
"10353","21402137936",17.6263359517031
"10354","21402137937",18.5685373367984
"10355","21402137938",201.137339302012
"10356","21402137939",5.4364703688478
"10357","21402137940",7.26912029438686
"10358","21402137942",286.624839649234
"10359","21402137943",232.566099535627
"10360","21402137946",356.031544149033
"10361","21402137947",160.858517068643
"10362","21402137948",224.825785385531
"10363","21402137949",4.33139397891894
"10364","21402137950",19.8410664919383
"10365","21402137951",322.780320979063
"10366","21402137952",17.1578907581414
"10367","21402137953",8.67261897461072
"10368","21402137954",56.6452101784911
"10369","21402137955",42.3060754642516
"10370","21402137956",157.305831221782
"10371","21402138101",1300.48549569847
"10372","21402138102",304.643634843866
"10373","21402138106",55.0987438024628
"10374","21402138107",1354.80071976158
"10375","21402138108",1102.96678926477
"10376","21402138109",527.517849186499
"10377","21402138110",0
"10378","21402138111",41.8080206879009
"10379","21402138115",4.84469327835988
"10380","21402138117",27.5678286480129
"10381","21402138119",664.700987662176
"10382","21402138120",14.9933758581374
"10383","21402138121",88.4129450749179
"10384","21402138123",689.194578860073
"10385","21402138124",6.8608048858326
"10386","21402138125",12.7412565551148
"10387","21402138126",145.69747824154
"10388","21402138127",146.089537712566
"10389","21402138128",215.551994849227
"10390","21402138129",453.058072649436
"10391","21402138132",26.1445181783004
"10392","21402138133",1589.16520962092
"10393","21402138134",615.995432273786
"10394","21402138135",441.248441322157
"10395","21402138137",1073.53460004853
"10396","21402138138",1184.51046891751
"10397","21402138141",681.624640153164
"10398","21402138142",33.770535939723
"10399","21402138143",1197.20916168156
"10400","21402138144",955.808367947413
"10401","21402138201",299.871133266604
"10402","21402138202",499.780143517153
"10403","21402138203",386.75981818272
"10404","21402138204",113.415919890564
"10405","21402138205",55.4074798414178
"10406","21402138206",51.0123295594626
"10407","21402138207",1.53557872132535
"10408","21402138208",288.566520797156
"10409","21402138209",327.162414850767
"10410","21402138210",486.292976720094
"10411","21402138211",4.77943803199995
"10412","21402138212",695.177248625205
"10413","21402138213",961.076336513227
"10414","21402138214",56.7481732091159
"10415","21402138215",155.846579151167
"10416","21402138216",145.932122584704
"10417","21402138217",263.406579242
"10418","21402138218",262.195744706019
"10419","21402138219",262.609230294474
"10420","21402138220",350.125419676778
"10421","21402138221",948.249651770371
"10422","21402138222",378.05919600756
"10423","21402138223",108.429800561383
"10424","21402138224",1.51940177149693
"10425","21402138225",286.885306622639
"10426","21402138226",246.371854380509
"10427","21402138227",428.042076566253
"10428","21402138228",586.711920160233
"10429","21402138229",711.708272853974
"10430","21402138230",320.97426801149
"10431","21402138231",178.549009907866
"10432","21402138232",77.1835422280954
"10433","21402138233",206.291712928432
"10434","21402138234",64.0572039121126
"10435","21402138235",171.227324178238
"10436","21402138237",466.968300981765
"10437","21402138238",125.134435932501
"10438","21402138239",799.144241663818
"10439","21402138240",607.245525910951
"10440","21402138301",282.763826227579
"10441","21402138302",25.9747303271927
"10442","21402138303",46.457646168929
"10443","21402138304",361.165886935926
"10444","21402138305",108.037967103136
"10445","21402138306",20.619909964594
"10446","21402138308",121.978908548311
"10447","21402138309",561.117294001339
"10448","21402138310",74.0308363816499
"10449","21402138311",59.2066970578192
"10450","21402138312",26.1326957798027
"10451","21402138313",35.8757064918788
"10452","21402138316",33.1801414227843
"10453","21402138317",12.0381513124525
"10454","21402138318",376.316977419001
"10455","21402138319",396.780605021736
"10456","21402138320",407.581673131646
"10457","21402138321",601.347028707515
"10458","21402138322",469.714906942777
"10459","21402138325",65.9317495773825
"10460","21402138327",535.247055102113
"10461","21402138328",14.3110450873805
"10462","21402138329",1137.40362305782
"10463","21402138330",808.884533163231
"10464","21402138331",270.596235067925
"10465","21402138332",50.196842821972
"10466","21402138333",72.3439934694581
"10467","21402138335",412.98873734618
"10468","21402138336",355.708062522259
"10469","21402138337",21.7242640450288
"10470","21402138338",15.1007668851497
"10471","21402138339",95.4998037904443
"10472","21402138340",4.43421630647909
"10473","21402138341",218.87138935597
"10474","21402138342",21.1001657781277
"10475","21402138343",33.8673260341749
"10476","21402138344",2.37346537962468
"10477","21402138345",103.026776471949
"10478","21402138346",98.140226923941
"10479","21402138347",890.214788705605
"10480","21402138348",266.523283106884
"10481","21402138402",32.8758230938379
"10482","21402138403",134.875392574559
"10483","21402138404",194.861648730224
"10484","21402138406",286.223450118251
"10485","21402138415",940.497827684646
"10486","21402138417",754.031004415976
"10487","21402138427",2.63649464760815
"10488","21402138428",28.3159306413732
"10489","21402138430",958.256120040829
"10490","21402138432",10.2039047270647
"10491","21402138434",105.581223120423
"10492","21402138435",66.225295563022
"10493","21402138437",1.41538025657343
"10494","21402138438",7.7206289089958
"10495","21402138440",457.048390469037
"10496","21402138441",20.7748488176263
"10497","21402138444",848.131266446497
"10498","21402138445",697.963565170711
"10499","21402138446",980.810279839596
"10500","21402138450",6.84407482109409
"10501","21402138455",218.969649061093
"10502","21402138456",931.620438694356
"10503","21402138457",240.720686635454
"10504","21402138458",18.8754297508766
"10505","21402138459",352.463151278168
"10506","21402138460",791.319477326489
"10507","21402138462",256.813117327054
"10508","21402138463",1364.42035474871
"10509","21402138464",825.512482396114
"10510","21402138465",1089.88043453207
"10511","21402138466",970.222645720302
"10512","21402138467",359.152490774069
"10513","21402138468",864.665072168168
"10514","21402138469",215.666098613677
"10515","21402138470",19.0943320715157
"10516","21402138503",8.46596971291499
"10517","21402138504",71.214219045824
"10518","21402138505",290.701409827139
"10519","21402138506",0.848976159202915
"10520","21402138507",2.47534802285469
"10521","21402138508",25.7243872768132
"10522","21402138509",7.1218432031314
"10523","21402138511",73.5134732350807
"10524","21402138512",124.264720154698
"10525","21402138513",119.129974700838
"10526","21402138514",108.838122788619
"10527","21402138515",201.286906264327
"10528","21402138516",236.152325949413
"10529","21402138517",8.45611594440748
"10530","21402138518",24.2315910350496
"10531","21402138519",104.651268810109
"10532","21402138520",234.577406384949
"10533","21402138521",259.03896370103
"10534","21402138522",0.749016498431104
"10535","21402138524",247.095126222218
"10536","21402138525",101.98794051788
"10537","21402138526",80.4265003246749
"10538","21402138528",12.8258447359934
"10539","21402138529",121.109850477058
"10540","21402138530",407.603678672982
"10541","21402138531",30.0593582295601
"10542","21402138532",30.1427004366165
"10543","21402138533",203.878919980838
"10544","21402138534",47.4763366958981
"10545","21402138535",9.4598601823767
"10546","21402138536",59.2529578239231
"10547","21402138537",294.63915798772
"10548","21402138538",0.325199162373225
"10549","21402138539",3.6441346823646
"10550","21402138540",73.594162888976
"10551","21402138541",24.3230577959686
"10552","21402138542",131.905494453772
"10553","21402138543",223.662088161655
"10554","21402138544",1.71740075607723
"10555","21402138545",14.092050852473
"10556","21402138547",0.99325372298435
"10557","21402159101",560.552509654457
"10558","21402159102",252.429413589036
"10559","21402159103",383.267177092678
"10560","21402159104",535.580849294576
"10561","21402159105",443.370128491024
"10562","21402159106",755.317599868927
"10563","21402159107",1213.53008383848
"10564","21402159108",303.496204813686
"10565","21402159109",121.576635400823
"10566","21402159110",166.323205040194
"10567","21402159111",896.241448927488
"10568","21402159112",13.6842305186958
"10569","21402159113",2376.96791105515
"10570","21402159114",47.0652745622674
"10571","21402159115",308.201861371565
"10572","21402159116",195.988929076389
"10573","21402159117",174.338989272551
"10574","21402159118",788.989070247081
"10575","21402159119",44.272214881881
"10576","21402159120",1555.75467567958
"10577","21402159121",1780.73203163919
"10578","21402159122",0.0109172469275126
"10579","21402159123",386.38754788291
"10580","21402159124",476.885696743604
"10581","21402159125",340.586577088935
"10582","21402159126",65.3746803770997
"10583","21402159127",183.620258587202
"10584","21402159128",496.778947231158
"10585","21402159129",354.418266906315
"10586","21402159130",571.414685728348
"10587","21402159131",1628.66855104644
"10588","21402159132",879.927051597397
"10589","21402159133",1089.96282081288
"10590","21402159134",845.772861584141
"10591","21402159135",8.78525904741465
"10592","21402159136",924.991632200254
"10593","21402159201",962.951133181292
"10594","21402159202",1689.13798087508
"10595","21402159203",1212.82515286268
"10596","21402159204",1861.57322977188
"10597","21402159205",749.88843501406
"10598","21402159206",698.055802537808
"10599","21402159207",308.886728204826
"10600","21402159208",962.80272132535
"10601","21402159209",234.541399059896
"10602","21402159210",1144.47599018203
"10603","21402159211",370.811919276189
"10604","21402159212",2300.15750418923
"10605","21402159213",1077.60803393874
"10606","21402159214",1137.18560164395
"10607","21402159215",3046.36236666303
"10608","21402159216",727.302100782069
"10609","21402159217",1420.80452159583
"10610","21402159218",262.024579603683
"10611","21402159219",896.006169738436
"10612","21402159220",913.420734348037
"10613","21402159221",2974.66958015791
"10614","21402159222",892.209707747383
"10615","21402159223",853.527946878604
